College_Name,State,Stream,UG_fee,PG_fee,Rating,Academic,Accommodation,Faculty,Infrastructure,Placement,Social_Life,image
Indian Institute of Technology Madras ,Tamil nadu,Engineering,"75,116","23,070",8.7,9,7.9,8.7,8.8,8.8,9,/images/Indian_Institute_of_Technology_Madras.png
"College of Engineering, Anna University ",Tamil nadu,Engineering,"50,000","50,000",8.4,8.7,7.7,8.1,8.7,8.3,8.7,"/images/College_of_Engineering,_Anna_University.png"
"NIT Trichy, Tiruchirappalli ",Tamil nadu,Engineering,"1,49,250","99,250",8.5,8.6,7.8,8.2,8.7,8.8,8.7,"/images/NIT_Trichy,_Tiruchirappalli.png"
Vellore Institute of Technology ,Tamil nadu,Engineering,"1,98,000","1,83,000",8.3,8.3,8,7.8,8.9,8.5,8.5,/images/Vellore_Institute_of_Technology.png
"SRM Engineering College, Kanchipuram ",Tamil nadu,Engineering,"2,60,000","1,70,000",7.2,6.5,6.6,6.9,7.6,7.1,8.3,"/images/SRM_Engineering_College,_Kanchipuram.png"
SSN College of Engineering ,Tamil nadu,Engineering,"50,000","50,000",8.6,8.9,7.6,8.7,9.1,8.3,8.8,/images/SSN_College_of_Engineering.png
"SASTRA University, Thanjavur ",Tamil nadu,Engineering,"1,67,000","1,57,000",8.1,8.5,7,8.2,8.3,8.7,8.1,"/images/SASTRA_University,_Thanjavur.png"
P.S.G College of Technology ,Tamil nadu,Engineering,"87,000","1,54,000",9,9.2,8.7,8.9,9,9.1,8.8,/images/P.S.G_College_of_Technology.png
Thiagarajar College of Engineering ,Tamil nadu,Engineering,"50,000","50,000",8.6,8.9,7.9,8.6,8.6,8.7,8.6,/images/Thiagarajar_College_of_Engineering.png
Coimbatore Institute of Technology ,Tamil nadu,Engineering,"23,670","1,32,710",8,8.5,6.8,8.2,7.4,8.4,8.5,/images/Coimbatore_Institute_of_Technology.png
Karunya Institute of Technology and Sciences ,Tamil nadu,Engineering,"2,13,500","1,21,500",7.9,7.9,7.9,7.9,8.5,7.5,7.4,/images/Karunya_Institute_of_Technology_and_Sciences.png
Kumaraguru College of Technology ,Tamil nadu,Engineering,"50,000","50,000",8.2,8.3,7.6,8,8.8,7.9,8.5,/images/Kumaraguru_College_of_Technology.png
"VEL Tech, Chennai ",Tamil nadu,Engineering,"50,000",--,8.2,8.5,8.5,8.1,7.8,8.3,8.1,"/images/VEL_Tech,_Chennai.png"
"Mepco Schlenk Engineering College, Sivakasi ",Tamil nadu,Engineering,"1,34,000","1,04,150",8.1,8.5,8.1,8.3,8.6,7.9,7,"/images/Mepco_Schlenk_Engineering_College,_Sivakasi.png"
Government College of Technology ,Tamil nadu,Engineering,"9,180","10,110",8.1,8.4,7.1,8.3,8,8,8.8,/images/Government_College_of_Technology.png
Hindustan Institute of Technology and Science ,Tamil nadu,Engineering,"2,29,500","1,25,500",7.6,7.8,6.9,7.8,7.9,6.9,8,/images/Hindustan_Institute_of_Technology_and_Science.png
Sri Krishna College of Engineering and Technology ,Tamil nadu,Engineering,"50,000","50,000",8.1,8.2,7.4,8.2,9,8.2,7.7,/images/Sri_Krishna_College_of_Engineering_and_Technology.png
Kongu Engineering College ,Tamil nadu,Engineering,"60,000","65,000",8.3,8.3,7.7,8.3,8.9,8.3,8.3,/images/Kongu_Engineering_College.png
Bannari Amman Institute of Technology ,Tamil nadu,Engineering,"60,000","35,000",8.3,8.2,8.1,8,9.1,8.1,8.2,/images/Bannari_Amman_Institute_of_Technology.png
"Sona College of Technology, Salem ",Tamil nadu,Engineering,"2,00,000","2,29,000",8.1,8.5,7.3,8.3,8.3,7.9,8.5,"/images/Sona_College_of_Technology,_Salem.png"
Tamil Nadu Veterinary and Animal Sciences University ,Tamil nadu,Engineering,"21,415","33,325",8.3,8.4,8,8.4,8.2,8.2,8.4,/images/Tamil_Nadu_Veterinary_and_Animal_Sciences_University.png
"St. Joseph College Of Engineering, Kanchipuram ",Tamil nadu,Engineering,"60,000","65,000",8,7,--,--,9,8,--,"/images/St._Joseph_College_Of_Engineering,_Kanchipuram.png"
Saveetha Engineering College ,Tamil nadu,Engineering,"85,000","60,000",8,8.1,7.3,8.1,8.6,7.7,7.9,/images/Saveetha_Engineering_College.png
"Sri Sairam Engineering College, Chennai ",Tamil nadu,Engineering,"50,000","25,000",7.7,8.4,7.3,7.9,8.2,7.9,6.7,"/images/Sri_Sairam_Engineering_College,_Chennai.png"
B.S. Abdur Rahman Crescent Institute of Science ,Tamil nadu,Engineering,"85,000","40,000",8.2,8.4,7.8,8.3,8.7,7.7,8.2,/images/B.S._Abdur_Rahman_Crescent_Institute_of_Science.png
Sri Ramakrishna Engineering College ,Tamil nadu,Engineering,"55,000","60,000",8.1,8.4,7.7,8,8.3,8.3,8,/images/Sri_Ramakrishna_Engineering_College.png
Rajalakshmi Engineering College ,Tamil nadu,Engineering,"50,000","50,000",7.8,8.1,6.3,8.1,8,8.3,7.7,/images/Rajalakshmi_Engineering_College.png
Sri Venkateswara College of Engineering ,Tamil nadu,Engineering,"65,000","60,000",8.2,8.4,7.4,8.4,8.6,8.1,8,/images/Sri_Venkateswara_College_of_Engineering.png
IIT Bombay ,Maharashtra,Engineering,"2,28,000","32,000",8.9,9.3,7.9,8.7,8.9,9.1,9.2,/images/IIT_Bombay.png
Institute of Chemical Technology ,Maharashtra,Engineering,"85,350","70,750",8.7,9.1,8.1,8.9,8.7,8.4,9.1,/images/Institute_of_Chemical_Technology.png
Visvesvaraya National Institute of Technology ,Maharashtra,Engineering,"1,49,200","93,600",8.1,8.3,7.5,8,8.4,7.7,8.7,/images/Visvesvaraya_National_Institute_of_Technology.png
College of Engineering ,Maharashtra,Engineering,"40,500","64,500",8.6,8.7,8.2,8.1,8.5,8.7,9.1,/images/College_of_Engineering.png
Defence Institute of Advanced Technology ,Maharashtra,Engineering,"1,53,600","45,000",8.8,9,8.6,8.8,9,8.6,8.6,/images/Defence_Institute_of_Advanced_Technology.png
National Institute of Industrial Engineering ,Maharashtra,Engineering,"5,98,000","1,04,000",9,9,9,9,9,9.3,8.6,/images/National_Institute_of_Industrial_Engineering.png
Army Institute of Technology ,Maharashtra,Engineering,"1,80,197","1,20,560",8.3,8,8.5,7.6,7.9,8.7,9,/images/Army_Institute_of_Technology.png
Bharati Vidyapeeth Deemed University ,Maharashtra,Engineering,"1,20,000","50,000",7.8,8.1,6.8,7.9,8.1,7.7,8.2,/images/Bharati_Vidyapeeth_Deemed_University.png
Veermata Jijabai Technological Institute ,Maharashtra,Engineering,"84,051","83,734",7.9,8.2,7.2,7.8,7.1,8.7,8.4,/images/Veermata_Jijabai_Technological_Institute.png
GH Raisoni College of Engineering ,Maharashtra,Engineering,"5,60,000","1,32,000",8.4,8.5,8,8.4,8.5,8,8.8,/images/GH_Raisoni_College_of_Engineering.png
Mukesh Patel School of Technology Management and ,Maharashtra,Engineering,"4,52,000","5,01,500",8.2,8.1,8,7.8,8.7,8.1,8.3,/images/Mukesh_Patel_School_of_Technology_Management_and.png
Sardar Patel Institute of Technology ,Maharashtra,Engineering,"1,70,000","1,68,000",8.1,8.4,6.9,7.9,8.3,9.1,8.1,/images/Sardar_Patel_Institute_of_Technology.png
Shri Ramdeobaba College of Engineering and Management ,Maharashtra,Engineering,"1,45,000","1,25,000",8.1,8.3,7.6,8,7.9,8.3,8.2,/images/Shri_Ramdeobaba_College_of_Engineering_and_Management.png
Rashtrasant Tukadoji Maharaj Nagpur University ,Maharashtra,Engineering,"33,600","60,000",7.5,8,7.2,7.7,7.9,6.9,7.4,/images/Rashtrasant_Tukadoji_Maharaj_Nagpur_University.png
Yeshwantrao Chavan College of Engineering ,Maharashtra,Engineering,"1,51,801","1,53,328",7.6,7.7,7,7.6,8.2,7.2,7.6,/images/Yeshwantrao_Chavan_College_of_Engineering.png
Walchand College of Engineering ,Maharashtra,Engineering,"84,935","96,550",8.3,8.4,7.3,8.3,8.4,8.8,8.4,/images/Walchand_College_of_Engineering.png
MIT World Peace University ,Maharashtra,Engineering,"3,10,000","1,90,000",8,8.1,7,8,8.5,7.7,8.4,/images/MIT_World_Peace_University.png
Vishwakarma Institute of Information Technology ,Maharashtra,Engineering,"1,64,000","78,000",7.8,8.2,6.8,8.1,7.4,8,8.1,/images/Vishwakarma_Institute_of_Information_Technology.png
Ramrao Adik Institute of Technology ,Maharashtra,Engineering,"3,25,000","1,50,000",8.6,8.2,8,8.1,9,8.7,9.3,/images/Ramrao_Adik_Institute_of_Technology.png
Sardar Patel College of Engineering ,Maharashtra,Engineering,"1,70,000","1,68,000",8,8.3,7.2,7.9,8,8.1,8.2,/images/Sardar_Patel_College_of_Engineering.png
K. J. Somaiya College of Engineering ,Maharashtra,Engineering,"2,86,000","1,96,800",8.2,8.2,8,7.7,8.7,8,8.5,/images/K._J._Somaiya_College_of_Engineering.png
Pimpri Chinchwad College of Engineering ,Maharashtra,Engineering,"1,38,559","1,07,687",8.1,8.7,7.6,8.1,7.9,8.6,7.5,/images/Pimpri_Chinchwad_College_of_Engineering.png
"MKSSS's Cummins College of Engineering for Women, ",Maharashtra,Engineering,"1,80,836","1,55,200",8.3,8.3,8,8.1,7.8,9,8.6,"/images/MKSSS's_Cummins_College_of_Engineering_for_Women,.png"
Dwarkadas J Sanghvi College of Engineering ,Maharashtra,Engineering,"1,94,000","1,39,000",8.2,8.2,7.7,8.2,8.4,8.3,8.2,/images/Dwarkadas_J_Sanghvi_College_of_Engineering.png
Thakur College of Engineering and Technology ,Maharashtra,Engineering,"1,47,500","1,36,931",8.2,8.1,8,7.9,9.1,7.9,8.4,/images/Thakur_College_of_Engineering_and_Technology.png
SVKM's Narsee Monjee Institute of Management Studies ,Maharashtra,Engineering,"3,02,000",--,8.2,8.5,6.8,8.6,8.3,8.3,8.7,/images/SVKM's_Narsee_Monjee_Institute_of_Management_Studies.png
"Amity University, Mumbai ",Maharashtra,Engineering,"2,22,000","1,50,000",8.1,7.9,7.6,8.2,8.4,7.8,8.6,"/images/Amity_University,_Mumbai.png"
"Vishwakarma Institute of Technology, Pune ",Maharashtra,Engineering,"1,79,895","88,765",7.5,8.1,6.5,7.9,6.5,7.8,8.4,"/images/Vishwakarma_Institute_of_Technology,_Pune.png"
Indian Institute of Information Technology Mumbai,Maharashtra,Engineering,"2,34,500","1,00,500",7.8,8.2,7.5,8,7.2,8.4,7.5,/images/Indian_Institute_of_Information_Technology_Mumbai.png
Tata Institute of Social Sciences ,Maharashtra,Engineering,--,--,8.6,9,8.1,8.9,8.6,8.4,8.6,/images/Tata_Institute_of_Social_Sciences.png
Indian Institute of Technology Kanpur,Uttar pradesh,Engineering,"2,15,600","2,14,050",8.9,9.1,8.4,8.7,9.3,8.9,9.1,/images/Indian_Institute_of_Technology_Kanpur.png
Indian Institute of Technology BHU,Uttar pradesh,Engineering,"84,981","36,815",8.5,8.5,8.2,8.1,7.6,9.1,9.2,/images/Indian_Institute_of_Technology_BHU.png
"Amity University, Noida ",Uttar pradesh,Engineering,"3,11,000","1,40,000",8.2,8,7.9,8.1,8.9,7.6,8.7,"/images/Amity_University,_Noida.png"
Aligarh Muslim University ,Uttar pradesh,Engineering,"2,69,445","4,30,970",8.3,8.8,7.9,8.5,8.8,7.2,8.6,/images/Aligarh_Muslim_University.png
MNNIT Allahabad ,Uttar pradesh,Engineering,"84,666","1,18,000",8,8.4,7.3,7.8,7.1,8.9,8.2,/images/MNNIT_Allahabad.png
Jaypee Institute of Information Technology University ,Uttar pradesh,Engineering,"2,36,500","1,20,000",7.8,7.8,7.7,7.3,8.2,7.8,7.7,/images/Jaypee_Institute_of_Information_Technology_University.png
Indian Institute of Information Technology Lucknow,Uttar pradesh,Engineering,"1,04,000","2,80,400",8.3,8.4,7.4,7.6,9,9.2,8.1,/images/Indian_Institute_of_Information_Technology_Lucknow.png
"Dayalbagh Educational Institute Faculty of Engineering, Agra ",Uttar pradesh,Engineering,"51,300","26,500",8,8.3,7.1,8.5,8.1,8.2,8,"/images/Dayalbagh_Educational_Institute_Faculty_of_Engineering,_Agra.png"
Sharda University ,Uttar pradesh,Engineering,"1,63,770","97,850",7.9,7.7,7.6,7.9,8.6,6.9,8.6,/images/Sharda_University.png
Galgotias University ,Uttar pradesh,Engineering,"1,59,000","45,000",7.6,7.9,6.9,7.9,7.5,7.7,7.8,/images/Galgotias_University.png
"Bennett University, Greater Noida ",Uttar pradesh,Engineering,"3,50,000","60,000",8.6,8.5,7.9,8.8,9.2,8.3,8.6,"/images/Bennett_University,_Greater_Noida.png"
Shiv Nadar University ,Uttar pradesh,Engineering,"2,00,000","1,60,000",9,8.8,8.7,8.8,9.6,8.5,9.4,/images/Shiv_Nadar_University.png
"Integral University, Lucknow ",Uttar pradesh,Engineering,"1,40,000","80,000",7.4,7.6,7.3,7.4,8,6.5,7.4,"/images/Integral_University,_Lucknow.png"
J.S. University ,Uttar pradesh,Engineering,"47,500","13,500",8.5,8.5,7.8,8.7,9,8.2,8.6,/images/J.S._University.png
"GLA University, Mathura ",Uttar pradesh,Engineering,"1,78,000","75,000",8.2,8.2,7.9,8.3,8.3,8.2,8.1,"/images/GLA_University,_Mathura.png"
Institute of Engineering and Technology ,Uttar pradesh,Engineering,"89,775","73,200",7.4,7.6,7.7,7,7.3,7,7.8,/images/Institute_of_Engineering_and_Technology.png
Sanskriti University ,Uttar pradesh,Engineering,"1,15,000","45,000",7,7.2,6.7,7,7.5,6.9,6.8,/images/Sanskriti_University.png
"Monad University, Hapur ",Uttar pradesh,Engineering,"1,51,000","35,500",8,7.6,7.4,8.5,8,8.2,8.1,"/images/Monad_University,_Hapur.png"
Indian Institute of Information Technology Allahabad,Uttar pradesh,Engineering,"2,18,700","2,18,700",7.8,7.6,7.2,7.4,6.8,9.4,8.1,/images/Indian_Institute_of_Information_Technology_Allahabad.png
"IFTM University, Moradabad ",Uttar pradesh,Engineering,"1,07,000","75,000",7.8,7.9,7.5,8.1,8,6.8,8.3,"/images/IFTM_University,_Moradabad.png"
"Shobhit University, Meerut ",Uttar pradesh,Engineering,"1,11,200","1,22,400",7.8,8.4,7.3,7.8,8.3,7,7.9,"/images/Shobhit_University,_Meerut.png"
"Glocal University, Saharanpur ",Uttar pradesh,Engineering,"1,44,000","94,000",7.1,7.5,6.9,7,6.7,7.2,7.3,"/images/Glocal_University,_Saharanpur.png"
"Rama University, Kanpur ",Uttar pradesh,Engineering,"90,000","75,000",6.7,6.6,6.1,7.3,6.5,6.6,7.1,"/images/Rama_University,_Kanpur.png"
Noida Institute of Engineering and Technology ,Uttar pradesh,Engineering,"6,14,000","2,13,000",7.6,8.1,7.1,8,7.6,7.8,7.1,/images/Noida_Institute_of_Engineering_and_Technology.png
"ABES Engineering College, Ghaziabad ",Uttar pradesh,Engineering,"1,43,700","1,30,000",7.9,8.1,7.2,8.1,8.2,7.8,8,"/images/ABES_Engineering_College,_Ghaziabad.png"
Bundelkhand Institute of Engineering & Technology ,Uttar pradesh,Engineering,"61,800","59,300",7.1,7.3,7,6.9,7.4,6.2,8,/images/Bundelkhand_Institute_of_Engineering_&_Technology.png
Harcourt Butler Technological University ,Uttar pradesh,Engineering,"1,35,000","83,300",7.3,7.5,6.9,7.4,6.5,7.8,7.8,/images/Harcourt_Butler_Technological_University.png
Rajiv Gandhi Institute of Petroleum Technology ,Uttar pradesh,Engineering,"2,21,100","42,100",8.6,8.7,8.6,8.2,9.2,8.2,8.6,/images/Rajiv_Gandhi_Institute_of_Petroleum_Technology.png
Indian Institute of Technology Delhi,Delhi ncr,Engineering,"2,20,300","1,32,900",8.7,9,7.8,8.7,8.9,9,9,/images/Indian_Institute_of_Technology_Delhi.png
"Jamia Millia Islamia University-[JMI], New Delhi ",Delhi ncr,Engineering,"16,150","8,970",8,8.4,7.6,8.3,8.4,7.2,8.2,"/images/Jamia_Millia_Islamia_University-[JMI],_New_Delhi.png"
Delhi Technological University ,Delhi ncr,Engineering,"1,90,000","1,66,000",8.2,7.9,7.6,7.5,8.6,8.6,8.8,/images/Delhi_Technological_University.png
"Amity University, Noida ",Delhi ncr,Engineering,"3,11,000","1,40,000",8.2,8,7.9,8.1,8.9,7.6,8.7,"/images/Amity_University,_Noida.png"
Indraprastha Institute of Information Technology ,Delhi ncr,Engineering,"3,60,000","1,00,000",8.7,8.8,8.7,8.9,8.9,8.6,8.2,/images/Indraprastha_Institute_of_Information_Technology.png
Guru Gobind Singh Indraprastha University ,Delhi ncr,Engineering,"1,17,200","23,000",7.8,8.1,7.5,8,8.1,6.9,8.1,/images/Guru_Gobind_Singh_Indraprastha_University.png
Jaypee Institute of Information Technology University ,Delhi ncr,Engineering,"2,36,500","1,20,000",7.8,7.8,7.7,7.3,8.2,7.8,7.7,/images/Jaypee_Institute_of_Information_Technology_University.png
National Institute of Food Technology Entrepreneurship and ,Delhi ncr,Engineering,"1,71,550","1,52,950",8.1,8.5,7.1,6.9,9.4,8.5,7.9,/images/National_Institute_of_Food_Technology_Entrepreneurship_and.png
"School of Engineering and Technology, NCU ",Delhi ncr,Engineering,"2,60,000","82,000",9,9,--,--,9,--,--,"/images/School_of_Engineering_and_Technology,_NCU.png"
"J.C. Bose University Of Science And Technology, ",Delhi ncr,Engineering,"83,625","83,625",7.3,7.7,6.5,7.4,6.6,7.7,7.6,"/images/J.C._Bose_University_Of_Science_And_Technology,.png"
Indira Gandhi Delhi Technical University For Women ,Delhi ncr,Engineering,"88,000","33,000",7.6,7.7,7,7.6,6.9,8.3,7.9,/images/Indira_Gandhi_Delhi_Technical_University_For_Women.png
Manav Rachna International Institute Of Research And ,Delhi ncr,Engineering,"1,81,500","1,16,000",7.2,7.1,6.7,6.5,8.4,6.5,7.8,/images/Manav_Rachna_International_Institute_Of_Research_And.png
Sharda University ,Delhi ncr,Engineering,"1,63,770","97,850",7.9,7.7,7.6,7.9,8.6,6.9,8.6,/images/Sharda_University.png
Galgotias University ,Delhi ncr,Engineering,"1,59,000","45,000",7.6,7.9,6.9,7.9,7.5,7.7,7.8,/images/Galgotias_University.png
Netaji Subhas University of Technology ,Delhi ncr,Engineering,"1,90,000","1,20,000",7.8,7.9,7.1,7.6,7.6,8.9,7.9,/images/Netaji_Subhas_University_of_Technology.png
Shiv Nadar University ,Delhi ncr,Engineering,"2,00,000","1,60,000",9,8.8,8.7,8.8,9.6,8.5,9.4,/images/Shiv_Nadar_University.png
Manav Rachna International Institute of Research and ,Delhi ncr,Engineering,"1,81,500","1,65,000",7.5,7.4,7.3,7.5,8.3,6.6,7.6,/images/Manav_Rachna_International_Institute_of_Research_and.png
National Institute of Technology Delhi,Delhi ncr,Engineering,"96,866","1,98,500",6.8,7.3,6,7.1,6,7.6,6.8,/images/National_Institute_of_Technology_Delhi.png
"Gurugram University, Gurgaon ",Delhi ncr,Engineering,"40,000",--,8.2,8.6,7.4,8.4,8.6,8,8.1,"/images/Gurugram_University,_Gurgaon.png"
Chhotu Ram Rural Institute Of Technology ,Delhi ncr,Engineering,"33,450","33,450",8.4,8.7,8.1,8.4,8.7,8.1,8.2,/images/Chhotu_Ram_Rural_Institute_Of_Technology.png
SunRise University ,Delhi ncr,Engineering,"72,200","32,200",8.1,8.1,7.3,8.7,8.1,7.9,8.4,/images/SunRise_University.png
"Monad University, Hapur ",Delhi ncr,Engineering,"1,51,000","35,500",8,7.6,7.4,8.5,8,8.2,8.1,"/images/Monad_University,_Hapur.png"
"Amity University, Gurgaon ",Delhi ncr,Engineering,"2,30,000","1,56,000",7.7,7.8,7.1,7.6,8.6,7.1,8.1,"/images/Amity_University,_Gurgaon.png"
"Shobhit University, Meerut ",Delhi ncr,Engineering,"1,11,200","1,22,400",7.8,8.4,7.3,7.8,8.3,7,7.9,"/images/Shobhit_University,_Meerut.png"
Indraprastha Institute of Technology and Management ,Delhi ncr,Engineering,"1,25,000",--,8.3,8.3,8,8.7,7.8,8.7,8.5,/images/Indraprastha_Institute_of_Technology_and_Management.png
Maharaja Agrasen Institute of Technology ,Delhi ncr,Engineering,"1,43,200",--,7.5,7.8,7.2,7.7,7.5,7.5,7.4,/images/Maharaja_Agrasen_Institute_of_Technology.png
Maharaja Surajmal Institute of Technology ,Delhi ncr,Engineering,"1,35,300",--,7.3,7.9,6.7,7.5,6.8,7.7,7.1,/images/Maharaja_Surajmal_Institute_of_Technology.png
Noida Institute of Engineering and Technology ,Delhi ncr,Engineering,"6,14,000","2,13,000",7.6,8.1,7.1,8,7.6,7.8,7.1,/images/Noida_Institute_of_Engineering_and_Technology.png
K L University ,Andhra pradesh,Engineering,"2,50,000","1,45,000",8.3,8.5,7.6,8.3,8.8,8.3,8.2,/images/K_L_University.png
"Andhra University, College of Engineering ",Andhra pradesh,Engineering,"10,000","1,09,000",7.7,8.2,6.9,7.8,8,7.2,7.9,"/images/Andhra_University,_College_of_Engineering.png"
"Sri Venkateswara University College of Engineering, Tirupati ",Andhra pradesh,Engineering,"16,395","31,647",7.8,7.6,8.4,7.4,8.1,6.9,8.1,"/images/Sri_Venkateswara_University_College_of_Engineering,_Tirupati.png"
"Vignan’s Foundation for Science, Technology, and Research, ",Andhra pradesh,Engineering,"2,50,000","1,10,000",8.2,8.2,8.4,8.5,8.2,7.7,8.4,"/images/Vignan’s_Foundation_for_Science,_Technology,_and_Research,.png"
"JNTUK University College of Engineering, Kakinada, East ",Andhra pradesh,Engineering,"10,000","30,000",7.7,8,7.1,7.8,8.2,7,8.3,"/images/JNTUK_University_College_of_Engineering,_Kakinada,_East.png"
Sree Vidyanikethan Engineering College ,Andhra pradesh,Engineering,"2,80,000","76,850",8.5,8.4,8.5,8.3,8.8,8.4,8.6,/images/Sree_Vidyanikethan_Engineering_College.png
G. Pulla Reddy Engineering College ,Andhra pradesh,Engineering,"80,000","80,000",8.3,8.5,7.7,8.5,8.5,8.2,8.4,/images/G._Pulla_Reddy_Engineering_College.png
Sri Venkateswara College of Engineering and Technology ,Andhra pradesh,Engineering,"89,350","75,000",7.9,8.3,7.9,8,8.2,7.3,7.5,/images/Sri_Venkateswara_College_of_Engineering_and_Technology.png
Velagapudi Ramakrishna Siddhartha Engineering College ,Andhra pradesh,Engineering,"71,050","70,000",8.2,8.6,7.6,8.4,8.4,8.2,8.1,/images/Velagapudi_Ramakrishna_Siddhartha_Engineering_College.png
Shri Vishnu Engineering College for Women ,Andhra pradesh,Engineering,"95,000","55,000",8.8,8.7,8.6,8.5,9.3,8.8,9,/images/Shri_Vishnu_Engineering_College_for_Women.png
"JNTUA College of Engineering, Ananthapur ",Andhra pradesh,Engineering,"25,000","38,750",7,7.1,7.3,6.7,7.5,6.3,7.3,"/images/JNTUA_College_of_Engineering,_Ananthapur.png"
Sagi Ramakrishnam Raju Engineering College ,Andhra pradesh,Engineering,"30,000","57,000",8.2,8.5,7.5,8.4,8.3,8.2,8.3,/images/Sagi_Ramakrishnam_Raju_Engineering_College.png
Gayatri Vidya Parishad College of Engineering ,Andhra pradesh,Engineering,"2,76,000","1,00,000",7.7,8.3,6.8,8,7.3,8.1,7.4,/images/Gayatri_Vidya_Parishad_College_of_Engineering.png
Jawaharlal Nehru Technological University ,Andhra pradesh,Engineering,"1,00,000",--,7.4,7.7,6.8,7.1,7.7,7.1,7.8,/images/Jawaharlal_Nehru_Technological_University.png
Indian Institute of Technology Tirupati,Andhra pradesh,Engineering,"16,950","78,218",8.6,9,8.1,8.8,8.7,8.2,8.9,/images/Indian_Institute_of_Technology_Tirupati.png
Prasad V. Potluri Siddhartha Institute of Technology ,Andhra pradesh,Engineering,"2,80,000","1,40,000",7.9,8.1,7.3,8.1,8.1,7.9,7.8,/images/Prasad_V._Potluri_Siddhartha_Institute_of_Technology.png
Centurion University of Technology and Management ,Andhra pradesh,Engineering,"1,25,000","60,000",7.8,8,7.2,8.3,7.6,7.4,8.3,/images/Centurion_University_of_Technology_and_Management.png
Aditya Engineering College ,Andhra pradesh,Engineering,"72,000","29,500",7.8,7.9,7.4,7.8,8.5,7.4,7.9,/images/Aditya_Engineering_College.png
Bapatla Engineering College ,Andhra pradesh,Engineering,"75,000","90,000",7.5,7.8,7.3,7.7,8.2,6.5,7.7,/images/Bapatla_Engineering_College.png
Gudlavalleru Engineering College ,Andhra pradesh,Engineering,"81,600","74,850",8.2,8.5,7.7,8.4,8.7,7.5,8.1,/images/Gudlavalleru_Engineering_College.png
Sri Venkateswara College of Engineering ,Andhra pradesh,Engineering,"80,000","75,000",8.3,8.3,8,8.1,9,7.8,8.5,/images/Sri_Venkateswara_College_of_Engineering.png
Sri Vasavi Engineering College ,Andhra pradesh,Engineering,"1,89,000","60,850",7.9,8.1,7.4,8,8.3,7.6,7.8,/images/Sri_Vasavi_Engineering_College.png
Indian Institute of Information Technology Sri City ,Andhra pradesh,Engineering,"1,03,000","2,71,000",7,7.9,6.4,7.1,6.9,7.3,6.4,/images/Indian_Institute_of_Information_Technology_Sri_City.png
National Institute of Technology Andhra pradesh,Andhra pradesh,Engineering,"1,87,500","1,00,000",7.2,7.9,6.6,7.5,6.9,6.9,7.2,/images/National_Institute_of_Technology_Andhra_pradesh.png
"Rajiv Gandhi University of Knowledge Technologies -[RGUKT], ",Andhra pradesh,Engineering,"39,000","96,000",8.2,8.4,7.6,8.1,8.9,7.7,8.5,"/images/Rajiv_Gandhi_University_of_Knowledge_Technologies_-[RGUKT],.png"
Raghu Engineering College ,Andhra pradesh,Engineering,"85,000","57,000",8.1,8.3,7.1,8.1,8.4,8.5,8,/images/Raghu_Engineering_College.png
Indian Institute of Information Technology Design and ,Andhra pradesh,Engineering,"1,44,600","67,500",7.4,7.9,7.6,8,6.7,7.2,7.2,/images/Indian_Institute_of_Information_Technology_Design_and.png
Rajeev Gandhi Memorial College of Engineering and ,Andhra pradesh,Engineering,"69,100","62,800",7.4,7.8,7.2,7.6,8,6.2,7.4,/images/Rajeev_Gandhi_Memorial_College_of_Engineering_and.png
VIT University ,Andhra pradesh,Engineering,"1,98,000","1,93,000",8.2,8.3,7.9,8.3,8.1,8.4,8.1,/images/VIT_University.png
National Institute of Technology Suratkhal,Karnataka,Engineering,"1,52,730","1,00,355",8.4,8.7,7.2,8.2,8.4,8.9,8.9,/images/National_Institute_of_Technology_Suratkhal.png
Manipal Institute of Technology ,Karnataka,Engineering,"3,35,000","2,10,000",8.7,8.5,8.5,8.1,9.4,8.1,9.3,/images/Manipal_Institute_of_Technology.png
R V College of Engineering ,Karnataka,Engineering,"3,50,000","37,700",8.5,8.7,7.9,8.2,8.6,9,8.4,/images/R_V_College_of_Engineering.png
Ramaiah Institute of Technology ,Karnataka,Engineering,"86,226","96,570",8.4,8.5,7.8,8.3,8.7,8.3,8.6,/images/Ramaiah_Institute_of_Technology.png
International Institute of Information Technology ,Karnataka,Engineering,"1,64,000","3,24,000",8.7,9.2,8.5,9.1,8.8,8.9,7.6,/images/International_Institute_of_Information_Technology.png
BMS College of Engineering ,Karnataka,Engineering,"2,29,110","26,800",8.2,8.4,8,8,8,8.3,8.7,/images/BMS_College_of_Engineering.png
Siddaganga Institute of Technology ,Karnataka,Engineering,"79,475","92,975",7.8,8.1,7.2,7.7,8.1,8,7.6,/images/Siddaganga_Institute_of_Technology.png
New Horizon College of Engineering ,Karnataka,Engineering,"2,50,000","75,000",8,8,7.6,8.1,8.3,7.8,8.2,/images/New_Horizon_College_of_Engineering.png
"Faculty of Engineering and Technology, Jain University ",Karnataka,Engineering,"1,97,500","85,000",8.1,8,7.9,8,8.3,7.7,8.5,"/images/Faculty_of_Engineering_and_Technology,_Jain_University.png"
Sri Jayachamarajendra College of Engineering ,Karnataka,Engineering,"4,75,000","1,40,000",8.3,8.4,7.6,7.8,8.5,8.7,8.6,/images/Sri_Jayachamarajendra_College_of_Engineering.png
Dayananda Sagar College of Engineering ,Karnataka,Engineering,"96,106","2,92,720",8,8,7.4,7.7,8.8,7.7,8.3,/images/Dayananda_Sagar_College_of_Engineering.png
NMAM Institute of Technology ,Karnataka,Engineering,"1,63,000","83,220",7.9,8,7.5,8.2,8.1,7.5,7.9,/images/NMAM_Institute_of_Technology.png
Nitte Meenakshi Institute of Technology ,Karnataka,Engineering,"58,806","65,390",7.8,8.1,7.1,7.9,7.8,7.6,8.1,/images/Nitte_Meenakshi_Institute_of_Technology.png
PES University ,Karnataka,Engineering,"3,40,000","2,00,000",8,8.5,7.7,8.1,8.1,8.1,7.6,/images/PES_University.png
BMS Institute of Technology and Management ,Karnataka,Engineering,"3,50,000",--,7.9,8.2,7.7,8,7.7,7.9,7.7,/images/BMS_Institute_of_Technology_and_Management.png
"KLE Technological University, Hubli ",Karnataka,Engineering,"15,000","40,000",8.4,8.5,7.6,8.2,9.1,8.4,8.4,"/images/KLE_Technological_University,_Hubli.png"
Dr. Ambedkar Institute of Technology ,Karnataka,Engineering,"30,200","37,500",7.2,7.7,6.8,7.5,7.5,6.7,7.2,/images/Dr._Ambedkar_Institute_of_Technology.png
PES College of Engineering ,Karnataka,Engineering,"76,800","74,450",7.7,7.9,6.7,7.7,8.5,7.3,8,/images/PES_College_of_Engineering.png
CMR Institute of Technology ,Karnataka,Engineering,"2,50,000","1,40,000",7.9,8.2,7.3,7.9,8.3,7.7,8,/images/CMR_Institute_of_Technology.png
The National Institute of Engineering ,Karnataka,Engineering,"44,090","55,590",8.1,8.5,7.6,8.3,7.8,8.4,7.9,/images/The_National_Institute_of_Engineering.png
"Alliance College of Engineering and Design, Bangalore ",Karnataka,Engineering,"2,25,000","1,50,000",7.2,7.3,7.1,6.5,8.7,6.5,7.2,"/images/Alliance_College_of_Engineering_and_Design,_Bangalore.png"
Basaveshwar Engineering College ,Karnataka,Engineering,"65,340","60,000",7.7,8.1,7.9,8.1,8.1,6.6,7.2,/images/Basaveshwar_Engineering_College.png
"Christ University, Bangalore ",Karnataka,Engineering,"1,70,000","35,000",8.3,8.5,7.4,8.2,8.9,8.1,8.8,"/images/Christ_University,_Bangalore.png"
Manipal Academy of Higher Education ,Karnataka,Engineering,"3,35,000","2,10,000",8.4,8.5,8.2,8.6,8.8,7.8,8.4,/images/Manipal_Academy_of_Higher_Education.png
Indian Institute of Science ,Karnataka,Engineering,"29,200","35,200",9,9.6,8.5,9.4,9.5,8.4,8.4,/images/Indian_Institute_of_Science.png
"REVA University, Bangalore ",Karnataka,Engineering,"2,25,000","5,00,000",8.4,8.3,8.1,8.3,9.3,7.8,8.4,"/images/REVA_University,_Bangalore.png"
"Alliance University, Bangalore ",Karnataka,Engineering,"6,25,000","1,50,000",8,8.2,7.2,8.2,8.8,7.6,8,"/images/Alliance_University,_Bangalore.png"
"Presidency University, Bangalore ",Karnataka,Engineering,"2,10,000","90,000",8.3,8.2,7.6,8.6,8.8,8.2,8.3,"/images/Presidency_University,_Bangalore.png"
Indian Institute of Technology Hyderabad,Telangana,Engineering,"2,22,995","5,00,895",8.5,8.7,8,8.7,8.5,8.3,8.6,/images/Indian_Institute_of_Technology_Hyderabad.png
National Institute of Technology Hyderabad,Telangana,Engineering,"1,30,000","75,000",8.4,8.6,7.9,8.2,8.5,8.6,8.4,/images/National_Institute_of_Technology_Hyderabad.png
International Institute of Information Technology Hyderabad,Telangana,Engineering,"3,00,000","1,50,000",8.3,9,8.2,8.5,7.8,9.2,6.9,/images/International_Institute_of_Information_Technology_Hyderabad.png
Jawaharlal Nehru Technological University ,Telangana,Engineering,"12,500","18,000",8,8.3,7.7,7.8,8.3,7.6,8.3,/images/Jawaharlal_Nehru_Technological_University.png
"University College of Engineering, Osmania University ",Telangana,Engineering,"27,770","39,770",8.6,9,8.5,8.5,8.6,8.4,8.4,"/images/University_College_of_Engineering,_Osmania_University.png"
Chaitanya Bharathi Institute of Technology ,Telangana,Engineering,"1,34,000","1,51,600",8.2,8.5,7.1,8.4,8.3,8.6,8.5,/images/Chaitanya_Bharathi_Institute_of_Technology.png
Vallurupalli Nageswara Rao Vignana Jyothi Institute of ,Telangana,Engineering,"1,31,000","1,41,700",8.4,8.4,8.1,8.2,8.5,8.4,8.5,/images/Vallurupalli_Nageswara_Rao_Vignana_Jyothi_Institute_of.png
"CVR College of Engineering, Ibrahimpatnam, Rangareddi ",Telangana,Engineering,"1,21,650","72,500",8.3,8.6,8.1,8.5,8.2,8.6,7.7,"/images/CVR_College_of_Engineering,_Ibrahimpatnam,_Rangareddi.png"
Institute of Aeronautical Engineering ,Telangana,Engineering,"90,000","70,000",8.3,8.4,8.5,8.2,8.5,8,8.2,/images/Institute_of_Aeronautical_Engineering.png
BV Raju Institute of Technology ,Telangana,Engineering,"1,20,000","70,000",8.5,8.6,8.2,8.3,8.9,8.4,8.7,/images/BV_Raju_Institute_of_Technology.png
Vardhaman College of Engineering ,Telangana,Engineering,"1,25,000","57,000",8.1,8.2,8.2,8.2,8.5,8.1,7.6,/images/Vardhaman_College_of_Engineering.png
"Anurag University, Hyderabad ",Telangana,Engineering,"1,35,500","66,500",8.3,8.5,7.5,8.2,8.9,8,8.4,"/images/Anurag_University,_Hyderabad.png"
Vasavi College of Engineering ,Telangana,Engineering,"1,30,000","1,00,000",8,8.6,6.7,8.3,8,8.8,7.5,/images/Vasavi_College_of_Engineering.png
Gokaraju Rangaraju Institute of Engineering and Technology ,Telangana,Engineering,"1,22,000","75,000",8,8.3,7.3,7.9,8.5,8.1,7.6,/images/Gokaraju_Rangaraju_Institute_of_Engineering_and_Technology.png
Kakatiya Institute of Technology & Science ,Telangana,Engineering,"1,25,960","74,550",8.2,8.3,7.9,8.4,8.3,7.9,8.4,/images/Kakatiya_Institute_of_Technology_&_Science.png
K L University ,Telangana,Engineering,"2,65,000","1,20,000",7.9,7.9,7.4,8.1,8.2,7.6,8.1,/images/K_L_University.png
Birla Institute of Technology and Science ,Telangana,Engineering,"4,23,475","4,69,475",9,9,8.4,8.8,9.4,9.1,9.4,/images/Birla_Institute_of_Technology_and_Science.png
Mahatma Gandhi Institute of Technology ,Telangana,Engineering,"1,08,000",--,7.8,8.1,7.2,8.1,8.1,7.3,7.8,/images/Mahatma_Gandhi_Institute_of_Technology.png
Malla Reddy Engineering College ,Telangana,Engineering,"1,03,000","57,000",7.4,7.7,7.1,7.4,7.8,7.1,7.5,/images/Malla_Reddy_Engineering_College.png
Malla Reddy College of Engineering ,Telangana,Engineering,"72,000",--,7,7.5,7.2,7,6.8,6.5,7.2,/images/Malla_Reddy_College_of_Engineering.png
Indian Institute of Chemical Technology ,Telangana,Engineering,--,--,7.7,7,7,8.3,8,7.7,7.9,/images/Indian_Institute_of_Chemical_Technology.png
Sreenidhi Institute of Science and Technology ,Telangana,Engineering,"5,20,000","2,10,000",7.6,7.8,6.9,7.5,7.8,7.7,7.6,/images/Sreenidhi_Institute_of_Science_and_Technology.png
"Mahindra University, Hyderabad ",Telangana,Engineering,"4,70,000","70,000",8.8,9.1,8.6,9,9.1,7.8,8.9,"/images/Mahindra_University,_Hyderabad.png"
"St Martin's Engineering College, Secunderabad ",Telangana,Engineering,"80,000",--,7.7,7.9,6.8,7.8,7.9,7.7,8.2,"/images/St_Martin's_Engineering_College,_Secunderabad.png"
MLR Institute of Technology ,Telangana,Engineering,"96,000","57,000",8.3,8.3,8.4,8.1,8.8,8,8.4,/images/MLR_Institute_of_Technology.png
Keshav Memorial Institute of Technology ,Telangana,Engineering,"1,11,500",--,8.2,8.7,6.7,8.6,8.1,9,8.3,/images/Keshav_Memorial_Institute_of_Technology.png
Vaagdevi College of Engineering ,Telangana,Engineering,"86,000",--,7.8,8,7.4,8,8,7.5,8,/images/Vaagdevi_College_of_Engineering.png
CMR Engineering College ,Telangana,Engineering,"75,000","57,000",8.8,8.9,8.4,8.7,9.2,9,8.4,/images/CMR_Engineering_College.png
"Matrusri Engineering College, Hyderabad ",Telangana,Engineering,"90,000",--,7,7.6,5.7,7.2,7.6,7,6.7,"/images/Matrusri_Engineering_College,_Hyderabad.png"
Indian Institute of Technology Indore,Madhya pradesh,Engineering,"2,28,700","50,800",8,8.4,7.6,8.1,7.7,7.8,8.4,/images/Indian_Institute_of_Technology_Indore.png
Maulana Azad National Institute of Technology ,Madhya pradesh,Engineering,"64,939","1,04,275",7.8,7.8,7.5,7.5,7.6,8.1,8.5,/images/Maulana_Azad_National_Institute_of_Technology.png
Indian Institute of Information Technology Design and ,Madhya pradesh,Engineering,"1,37,580","71,000",7.9,8.2,7.5,8,8.1,7.5,8.3,/images/Indian_Institute_of_Information_Technology_Design_and.png
Atal Bihari Vajpayee Indian Institute of Information ,Madhya pradesh,Engineering,"75,070","1,42,250",7.6,7.5,7,7.1,8.2,7.7,8,/images/Atal_Bihari_Vajpayee_Indian_Institute_of_Information.png
"VIT Bhopal University, Bhopal ",Madhya pradesh,Engineering,"1,98,000","1,93,000",7.9,8.6,7.7,8.4,7.1,8.1,7.4,"/images/VIT_Bhopal_University,_Bhopal.png"
"RKDF University, Bhopal ",Madhya pradesh,Engineering,"55,000","35,000",7.6,8,7,7.8,8,6.5,8.2,"/images/RKDF_University,_Bhopal.png"
Awadhesh Pratap Singh University ,Madhya pradesh,Engineering,"40,000",--,7.1,7.9,6.5,8.1,7.2,5.3,7.3,/images/Awadhesh_Pratap_Singh_University.png
"University Institute of Technology, Rajiv Gandhi Proudyogiki ",Madhya pradesh,Engineering,"23,920","62,735",6.9,7.2,6.5,6.6,7.6,6.3,6.9,"/images/University_Institute_of_Technology,_Rajiv_Gandhi_Proudyogiki.png"
Institute of Information Technology & Management ,Madhya pradesh,Engineering,"77,000","60,000",8.5,8.7,8,8.4,8.6,8.5,8.5,/images/Institute_of_Information_Technology_&_Management.png
"Institute of Engineering and Technology, Devi Ahilya ",Madhya pradesh,Engineering,"82,961","71,100",7.7,7.9,6.6,7.3,7.4,8.4,8.4,"/images/Institute_of_Engineering_and_Technology,_Devi_Ahilya.png"
Acropolis Institute of Technology & Research ,Madhya pradesh,Engineering,"75,100","25,500",7.8,7.9,7,7.8,7.8,8,8.1,/images/Acropolis_Institute_of_Technology_&_Research.png
"Indian Institute of Information Technology -[IIIT], Bhopal ",Madhya pradesh,Engineering,"1,79,500",--,6,6.4,5.3,6.1,6.5,5,6.8,"/images/Indian_Institute_of_Information_Technology_-[IIIT],_Bhopal.png"
Jaypee University of Engineering and Technology ,Madhya pradesh,Engineering,"1,89,500","96,500",7.9,7.8,7.9,7.5,8.9,7.4,7.6,/images/Jaypee_University_of_Engineering_and_Technology.png
Oriental University ,Madhya pradesh,Engineering,"65,000","30,000",7.2,7.5,6.7,7.2,7.7,7.1,7.1,/images/Oriental_University.png
"Amity University, Gwalior ",Madhya pradesh,Engineering,"1,64,000","64,000",8.6,8.8,8.5,8.4,9.3,8,8.3,"/images/Amity_University,_Gwalior.png"
AKS University ,Madhya pradesh,Engineering,"60,000","46,000",7.3,7.8,5.9,8.2,7.6,6.9,7.4,/images/AKS_University.png
Jagran Lakecity University ,Madhya pradesh,Engineering,"1,15,000","75,000",8,8,7.9,7.8,8.6,7.4,8.1,/images/Jagran_Lakecity_University.png
Jabalpur Engineering College ,Madhya pradesh,Engineering,"22,300","10,000",7.2,7.5,6.4,7.4,6.9,7.4,7.3,/images/Jabalpur_Engineering_College.png
"Swami Vivekanand University, Sagar ",Madhya pradesh,Engineering,"44,000","32,000",6.3,6.9,5,7,6.4,5.6,6.6,"/images/Swami_Vivekanand_University,_Sagar.png"
"Acropolis Group of Institutions, Indore ",Madhya pradesh,Engineering,"73,600","60,000",8.7,8.5,8.5,8.7,9,8.6,8.6,"/images/Acropolis_Group_of_Institutions,_Indore.png"
LNCT University ,Madhya pradesh,Engineering,"80,000","65,000",9,9,8.8,9.3,8.8,8.9,8.9,/images/LNCT_University.png
"Avantika University, Ujjain ",Madhya pradesh,Engineering,"2,22,500",--,9.1,9.3,8.5,9.3,8.5,9.5,9.2,"/images/Avantika_University,_Ujjain.png"
Ujjain Engineering College ,Madhya pradesh,Engineering,"22,751","25,151",6.7,7.4,5.9,7.4,6.2,6.4,6.9,/images/Ujjain_Engineering_College.png
Shri Govindram Seksaria Institute of Technology and ,Madhya pradesh,Engineering,"75,550","1,18,425",7.4,8,6.7,7.7,7,7.5,7.2,/images/Shri_Govindram_Seksaria_Institute_of_Technology_and.png
Lakshmi Narain College of Technology ,Madhya pradesh,Engineering,"48,600","60,000",5.7,5.6,5.8,6.2,5.2,5.4,6.2,/images/Lakshmi_Narain_College_of_Technology.png
National Institute of Technology Calicut,Kerala,Engineering,"53,797","27,405",8.1,8.4,7.9,7.7,8,8.1,8.2,/images/National_Institute_of_Technology_Calicut.png
Indian Institute of Space Science and Technology ,Kerala,Engineering,"1,42,400","87,400",8.1,8.9,7.8,8.5,8.6,7.7,7.2,/images/Indian_Institute_of_Space_Science_and_Technology.png
"College of Engineering, Trivandrum ",Kerala,Engineering,"2,00,000","15,725",8.4,8.6,7.8,8,8.5,8.4,8.8,"/images/College_of_Engineering,_Trivandrum.png"
"Cochin University of Science and Technology, School ",Kerala,Engineering,"86,040","52,730",8.3,8.5,7.8,8.3,8.2,8.2,8.7,"/images/Cochin_University_of_Science_and_Technology,_School.png"
Baselios Thomas I Catholicose College of Engineering ,Kerala,Engineering,"85,000",--,7.4,7.5,8,8.5,7,6.5,7,/images/Baselios_Thomas_I_Catholicose_College_of_Engineering.png
Cochin University of Science and Technology ,Kerala,Engineering,"46,600","19,290",7.9,8.4,7.5,7.8,7.8,7.7,8.1,/images/Cochin_University_of_Science_and_Technology.png
Indian Institute of Technology Palakkad,Kerala,Engineering,"35,850","2,22,350",8.6,9.2,7.7,9,8.6,8.7,8.6,/images/Indian_Institute_of_Technology_Palakkad.png
APJ Abdul Kalam Technological University ,Kerala,Engineering,"29,000",--,7.8,8.1,6.9,8.2,8.1,7.5,8,/images/APJ_Abdul_Kalam_Technological_University.png
Federal Institute of Science and Technology ,Kerala,Engineering,"75,100","87,050",8.1,8.3,7.5,8.3,8.8,8,7.8,/images/Federal_Institute_of_Science_and_Technology.png
"Indian Institute of Information Technology [IIIT], Kottayam ",Kerala,Engineering,"1,98,950",--,8.3,8.5,8.1,8.5,8.1,8.6,8.2,"/images/Indian_Institute_of_Information_Technology_[IIIT],_Kottayam.png"
Government Engineering College ,Kerala,Engineering,"22,150","10,970",8.5,8.5,8,8.4,8.7,8.3,8.9,/images/Government_Engineering_College.png
National Institute of Electronics & Information Technology Kerela,Kerala,Engineering,"60,000","1,38,500",8.4,8.7,6.7,8.9,8.7,8.8,8.6,/images/National_Institute_of_Electronics_&_Information_Technology_Kerela.png
TKM College of Engineering ,Kerala,Engineering,"8,410","16,290",8.4,8.8,8.2,8.4,8.4,7.8,8.5,/images/TKM_College_of_Engineering.png
Amal Jyothi College of Engineering ,Kerala,Engineering,"1,00,000","96,000",7.6,7.9,7,7.9,9,6.9,7,/images/Amal_Jyothi_College_of_Engineering.png
Hindustan College of Engineering ,Kerala,Engineering,"50,000",--,8,8.3,7.6,8.1,8,8,7.9,/images/Hindustan_College_of_Engineering.png
Marian Engineering College ,Kerala,Engineering,"96,050","61,300",7.8,8.3,7.1,8.3,8.6,7.9,6.8,/images/Marian_Engineering_College.png
"Saintgits College of Engineering, Kottayam ",Kerala,Engineering,"75,000","1,71,900",8.3,8.4,7.9,8.6,8.8,7.8,8.1,"/images/Saintgits_College_of_Engineering,_Kottayam.png"
Rajiv Gandhi Institute of Technology ,Kerala,Engineering,"22,000","22,000",7.9,8.3,7.3,8.1,8,7.4,8.4,/images/Rajiv_Gandhi_Institute_of_Technology.png
Mangalam College of Engineering Ettumanoor ,Kerala,Engineering,"75,000","3,00,000",6.9,7,6.4,7.4,7.6,6.4,6.6,/images/Mangalam_College_of_Engineering_Ettumanoor.png
NSS College of Engineering ,Kerala,Engineering,"8,739","11,065",8.3,8.4,8,8.5,8,8.2,8.4,/images/NSS_College_of_Engineering.png
Sree Chitra Thirunal College of Engineering ,Kerala,Engineering,"62,668","75,041",8,8.6,6,8.3,7.5,8.3,9,/images/Sree_Chitra_Thirunal_College_of_Engineering.png
"Thejus Engineering College, Thrissur ",Kerala,Engineering,"88,400","1,60,000",8,8.3,7.8,8.7,7.8,7.1,8.2,"/images/Thejus_Engineering_College,_Thrissur.png"
Mar Athanasius College of Engineering ,Kerala,Engineering,"8,225","21,950",8.4,8.5,8.2,8.2,8.8,8.1,8.5,/images/Mar_Athanasius_College_of_Engineering.png
St. Thomas College of Engineering and Technology- ,Kerala,Engineering,"58,150",--,8.3,8.4,7.9,8.6,8.5,7.8,8.3,/images/St._Thomas_College_of_Engineering_and_Technology-.png
"College of Engineering Thalassery, Kannur ",Kerala,Engineering,"38,250",--,7.2,7.8,6.3,7.8,7.5,6.6,7.3,"/images/College_of_Engineering_Thalassery,_Kannur.png"
"KMCT College of Engineering, Kozhikode ",Kerala,Engineering,"75,000",--,7.3,7.5,7.7,7.2,7.8,5.7,7.6,"/images/KMCT_College_of_Engineering,_Kozhikode.png"
"MEA Engineering College- [MEAEC], Malappuram ",Kerala,Engineering,"75,000","60,000",8.2,8.1,8.6,8.3,8.7,6.6,8.7,"/images/MEA_Engineering_College-_[MEAEC],_Malappuram.png"
Rajagiri School of Engineering & Technology ,Kerala,Engineering,"87,000","77,000",8.2,8.4,8,8.2,9,8.6,6.9,/images/Rajagiri_School_of_Engineering_&_Technology.png
Sahrdaya College of Engineering ,Kerala,Engineering,"35,000","77,000",7.1,7.5,6.8,7.3,8.1,6.6,6.5,/images/Sahrdaya_College_of_Engineering.png
"Trinity College of Engineering, Trivendrum ",Kerala,Engineering,"75,000",--,6.8,7.6,6.4,7.3,6.7,6.1,6.5,"/images/Trinity_College_of_Engineering,_Trivendrum.png"
Birla Institute of Technology and Science ,Rajasthan,Engineering,"4,45,475","4,45,475",8.9,8.8,8.2,8.8,9,9,9.3,/images/Birla_Institute_of_Technology_and_Science.png
Indian Institute of Technology Jodhpur,Rajasthan,Engineering,"70,433","71,500",8.2,8,7.9,8.2,8.2,8,8.7,/images/Indian_Institute_of_Technology_Jodhpur.png
Malaviya National Institute of Technology ,Rajasthan,Engineering,"94,333","1,22,665",8.2,8.2,7.4,8,8.7,8.2,8.5,/images/Malaviya_National_Institute_of_Technology.png
"Singhania University, Jhunjhunu ",Rajasthan,Engineering,"42,000","42,000",7.1,7.1,6.7,7.1,7.1,7,7.3,"/images/Singhania_University,_Jhunjhunu.png"
Jaipur National University ,Rajasthan,Engineering,"1,14,000","37,600",7.5,7.9,7,7.7,7.8,6.7,7.6,/images/Jaipur_National_University.png
Manipal University ,Rajasthan,Engineering,"3,19,000","36,000",8.4,8.2,8.3,8.2,9.2,7.7,9,/images/Manipal_University.png
JECRC University ,Rajasthan,Engineering,"1,85,000","30,000",8.1,8.1,7.4,8.2,8.2,8.1,8.7,/images/JECRC_University.png
SunRise University ,Rajasthan,Engineering,"72,200","32,200",8.1,8.1,7.3,8.7,8.1,7.9,8.4,/images/SunRise_University.png
"OPJS University, Churu ",Rajasthan,Engineering,"71,200","76,200",7.2,7.1,7.6,7.6,7.7,6.3,6.8,"/images/OPJS_University,_Churu.png"
"Banasthali Vidyapith, Jaipur ",Rajasthan,Engineering,"2,03,500","1,61,500",8.5,8.8,8.2,8.9,8.6,7.9,8.8,"/images/Banasthali_Vidyapith,_Jaipur.png"
"Amity University, Jaipur ",Rajasthan,Engineering,"1,80,000","1,48,000",8,7.8,7.6,7.8,8.9,7.4,8.7,"/images/Amity_University,_Jaipur.png"
Suresh Gyan Vihar University ,Rajasthan,Engineering,"1,40,000","42,000",7.5,7.8,6.7,7.5,8.8,6.3,8,/images/Suresh_Gyan_Vihar_University.png
IIS (Deemed to be University) ,Rajasthan,Engineering,"99,300","25,500",8.3,8.6,8.5,8.6,8,7.9,8.4,/images/IIS_(Deemed_to_be_University).png
Madhav University ,Rajasthan,Engineering,"70,000","13,000",7.8,7.9,7.5,8.2,7.9,7.3,7.8,/images/Madhav_University.png
"Jagannath University, Jaipur ",Rajasthan,Engineering,"1,14,000","1,80,000",7.3,7.1,6.7,7.9,7.7,6.9,7.4,"/images/Jagannath_University,_Jaipur.png"
Indian Institute of Information Technology Rajasthan,Rajasthan,Engineering,"2,30,925",--,7.6,7.9,7.1,6.6,7.8,8,7.9,/images/Indian_Institute_of_Information_Technology_Rajasthan.png
"Tantia University, Sriganganagar ",Rajasthan,Engineering,"30,000",--,8.6,8.8,8.4,9.3,8.8,7.1,9.1,"/images/Tantia_University,_Sriganganagar.png"
"Pacific University, Udaipur ",Rajasthan,Engineering,"80,000","80,000",7.7,7.8,7.3,8.1,7.8,7.2,8,"/images/Pacific_University,_Udaipur.png"
"Swami Keshvanand Institute of Technology, Management and ",Rajasthan,Engineering,"98,900","84,500",7.8,8.3,6.8,8.1,8.1,8,7.5,"/images/Swami_Keshvanand_Institute_of_Technology,_Management_and.png"
Maharana Pratap University of Agriculture and Technology ,Rajasthan,Engineering,"87,800","86,000",8,8.2,8,8,8.1,7.9,7.8,/images/Maharana_Pratap_University_of_Agriculture_and_Technology.png
"Poornima College of Engineering, Jaipur ",Rajasthan,Engineering,"1,70,000","1,78,000",7.5,7.9,7.4,7.6,7.2,7.6,7.4,"/images/Poornima_College_of_Engineering,_Jaipur.png"
"Shridhar University, Pilani ",Rajasthan,Engineering,"99,300","61,300",6.7,6.2,6.6,6.5,6.5,7.3,6.8,"/images/Shridhar_University,_Pilani.png"
"Jaipur Engineering College and Research Centre, Jaipur ",Rajasthan,Engineering,"92,000",--,7.7,7.9,6.6,7.5,7.3,8.1,8.5,"/images/Jaipur_Engineering_College_and_Research_Centre,_Jaipur.png"
Birla Institute of Technology ,Rajasthan,Engineering,"11,57,000",--,7.2,8.1,5.4,8.1,6.9,7.8,7.1,/images/Birla_Institute_of_Technology.png
Institute of Advanced Studies in Education ,Rajasthan,Engineering,"79,400","64,000",8.2,8.9,8,8.3,8.4,7.5,7.9,/images/Institute_of_Advanced_Studies_in_Education.png
National Institute of Technology Kurukshetra,Haryana,Engineering,"56,716","1,02,800",8.2,8,7.4,8.1,8.2,8.6,8.6,/images/National_Institute_of_Technology_Kurukshetra.png
Panjab University ,Haryana,Engineering,"96,300","27,500",7.7,8.2,7.7,8,7.7,6.5,8.2,/images/Panjab_University.png
Punjab Engineering College University of Technology ,Haryana,Engineering,"96,750","93,500",8,7.9,7.3,7.6,7.7,8.4,9,/images/Punjab_Engineering_College_University_of_Technology.png
National Institute of Food Technology Entrepreneurship and ,Haryana,Engineering,"1,71,550","1,52,950",8.1,8.5,7.1,6.9,9.4,8.5,7.9,/images/National_Institute_of_Food_Technology_Entrepreneurship_and.png
"University Institute of Engineering, Chandigarh University ",Haryana,Engineering,"1,60,000","80,000",8.4,8.6,7.9,8.1,8.7,8.7,8.3,"/images/University_Institute_of_Engineering,_Chandigarh_University.png"
"School of Engineering and Technology, NCU ",Haryana,Engineering,"2,60,000","82,000",9,9,--,--,9,--,--,"/images/School_of_Engineering_and_Technology,_NCU.png"
"J.C. Bose University Of Science And Technology, ",Haryana,Engineering,"83,625","83,625",7.3,7.7,6.5,7.4,6.6,7.7,7.6,"/images/J.C._Bose_University_Of_Science_And_Technology,.png"
Manav Rachna International Institute Of Research And ,Haryana,Engineering,"1,81,500","1,16,000",7.2,7.1,6.7,6.5,8.4,6.5,7.8,/images/Manav_Rachna_International_Institute_Of_Research_And.png
Manav Rachna International Institute of Research and ,Haryana,Engineering,"1,81,500","1,65,000",7.5,7.4,7.3,7.5,8.3,6.6,7.6,/images/Manav_Rachna_International_Institute_of_Research_and.png
"Gurugram University, Gurgaon ",Haryana,Engineering,"40,000",--,8.2,8.6,7.4,8.4,8.6,8,8.1,"/images/Gurugram_University,_Gurgaon.png"
"PDM University, Bahadurgarh, Bahadurgarh ",Haryana,Engineering,"1,00,200","41,200",7.4,7.1,7.6,7.4,7.5,7.1,7.7,"/images/PDM_University,_Bahadurgarh,_Bahadurgarh.png"
"Amity University, Gurgaon ",Haryana,Engineering,"2,30,000","1,56,000",7.7,7.8,7.1,7.6,8.6,7.1,8.1,"/images/Amity_University,_Gurgaon.png"
National Institute of Technical Teachers Training and ,Haryana,Engineering,"44,696","24,500",7.7,7.7,6.7,8.6,7.7,7.7,8,/images/National_Institute_of_Technical_Teachers_Training_and.png
"IILM University, Gurgaon ",Haryana,Engineering,"3,30,000","4,30,000",8.4,8.2,7.4,8.5,8.6,8.6,8.8,"/images/IILM_University,_Gurgaon.png"
"University Institute of Engineering and Technology -[UIET], ",Haryana,Engineering,"82,197","16,160",7.4,7.5,7.5,7.4,7,7,8.2,"/images/University_Institute_of_Engineering_and_Technology_-[UIET],.png"
"Starex University, Gurgaon ",Haryana,Engineering,"80,000","40,000",8.8,9.1,9.1,8.7,8.6,8.5,8.7,"/images/Starex_University,_Gurgaon.png"
Indian Institute of Information Technology Haryana,Haryana,Engineering,"1,57,800",--,8.8,9.2,8.9,8.6,8.8,9.1,8.2,/images/Indian_Institute_of_Information_Technology_Haryana.png
"SRM University Delhi NCR, Sonepat ",Haryana,Engineering,"2,72,000","1,67,250",7.8,8,7.5,7.9,8.1,7.6,7.9,"/images/SRM_University_Delhi_NCR,_Sonepat.png"
"Lingaya's Vidyapeeth, Faridabad ",Haryana,Engineering,"1,34,500","84,500",7.8,8,7.5,8.1,7.7,7.3,8.1,"/images/Lingaya's_Vidyapeeth,_Faridabad.png"
Modern Vidya Niketan ,Haryana,Engineering,"1,35,000","95,000",7,7.2,6.4,7.7,7,6.8,6.8,/images/Modern_Vidya_Niketan.png
Delhi Technical Campus ,Haryana,Engineering,"69,500",--,8.2,8.2,8.1,8.4,8,8.2,8.5,/images/Delhi_Technical_Campus.png
Chandigarh College of Engineering and Technology ,Haryana,Engineering,"64,240",--,6.9,7.2,6.4,7.1,6.9,6.5,7.3,/images/Chandigarh_College_of_Engineering_and_Technology.png
Manav Rachna University ,Haryana,Engineering,"2,44,000","1,16,000",7.8,7.6,7.5,7.7,8.8,7.3,7.9,/images/Manav_Rachna_University.png
Seth Jai Parkash Mukand Lal Institute of ,Haryana,Engineering,"89,090",--,7.3,7.5,7.2,7.2,7.4,6.8,7.4,/images/Seth_Jai_Parkash_Mukand_Lal_Institute_of.png
"Sushant University / Ansal University, Gurgaon ",Haryana,Engineering,"2,41,120","1,37,120",7.8,8,8,7.9,8.4,7,7.5,"/images/Sushant_University_/_Ansal_University,_Gurgaon.png"
"University Institute of Engineering and Technology, Maharshi ",Haryana,Engineering,"74,288","84,288",7.2,7.1,7.5,6.6,8.6,5.7,7.7,"/images/University_Institute_of_Engineering_and_Technology,_Maharshi.png"
St. Andrews Institute of Technology and Management ,Haryana,Engineering,"92,000",--,8.7,8.8,8.6,8.7,9,8.6,8.6,/images/St._Andrews_Institute_of_Technology_and_Management.png
Indian Institute of Technology Gandhinagar,Gujarat,Engineering,"2,58,500","2,00,000",8.4,8.3,8.4,8.8,9.1,7.2,8.8,/images/Indian_Institute_of_Technology_Gandhinagar.png
Sardar Vallabhbhai National Institute of Technology ,Gujarat,Engineering,"1,50,000","95,000",8,7.9,7.8,7.6,8.2,7.9,8.4,/images/Sardar_Vallabhbhai_National_Institute_of_Technology.png
Dhirubhai Ambani Institute of Information and Communication ,Gujarat,Engineering,"1,54,000","1,97,000",8.7,8.8,8,8.4,8.7,9.2,8.8,/images/Dhirubhai_Ambani_Institute_of_Information_and_Communication.png
"Institute of Technology, Nirma University, Ahmedabad ",Gujarat,Engineering,"1,97,200","2,64,000",8.3,8.3,7.9,8.3,8.9,8,8.3,"/images/Institute_of_Technology,_Nirma_University,_Ahmedabad.png"
"Faculty of Technology and Engineering, Maharaja Sayajirao ",Gujarat,Engineering,"7,640","8,340",8.1,8.4,6.6,8.5,8,8.3,8.8,"/images/Faculty_of_Technology_and_Engineering,_Maharaja_Sayajirao.png"
Nirma University ,Gujarat,Engineering,"1,97,200","2,65,000",8.4,8.6,8,8.4,9.1,8.1,8.2,/images/Nirma_University.png
Pandit Deendayal Petroleum University [PDPU] / (Energy ,Gujarat,Engineering,"2,53,000","1,54,000",8.6,8.3,8.3,8.1,9.4,8.1,9.4,/images/Pandit_Deendayal_Petroleum_University_[PDPU]_/_(Energy.png
"Pandit Deendayal Petroleum University, School of Technology ",Gujarat,Engineering,"2,53,000","1,54,000",8.6,8.4,8.3,8.1,9.4,7.9,9.3,"/images/Pandit_Deendayal_Petroleum_University,_School_of_Technology.png"
Central Institute of plastics engineering & Technology- ,Gujarat,Engineering,"65,000","77,000",7.5,7.6,6.8,7.5,7.9,7.5,7.5,/images/Central_Institute_of_plastics_engineering_&_Technology-.png
Sardar Patel University ,Gujarat,Engineering,--,--,7.8,8.6,7,8.5,7.7,7.3,7.8,/images/Sardar_Patel_University.png
"CEPT University, Ahmedabad ",Gujarat,Engineering,"1,98,000","3,20,000",8.2,8.6,7.7,8.4,8.3,8.1,8,"/images/CEPT_University,_Ahmedabad.png"
Ganpat University ,Gujarat,Engineering,"1,08,000","43,000",8.1,8.2,7.2,8.1,8.5,7.8,8.6,/images/Ganpat_University.png
"Indus University, Ahmedabad ",Gujarat,Engineering,"96,000","1,26,000",7.5,7.9,7,7.7,7.8,6.8,7.9,"/images/Indus_University,_Ahmedabad.png"
Navrachana University ,Gujarat,Engineering,"1,14,000","1,12,000",7.7,7.7,7.4,8.2,8,7.2,7.8,/images/Navrachana_University.png
Indian Institute of Information Technology Vadodara ,Gujarat,Engineering,"1,79,720","1,06,720",7.8,8.2,7.5,7.8,6.3,8.5,8.2,/images/Indian_Institute_of_Information_Technology_Vadodara.png
"Uka Tarsadia University, Bardoli ",Gujarat,Engineering,"94,000","44,000",8.1,7.8,7.9,8.2,9.4,6.9,8.3,"/images/Uka_Tarsadia_University,_Bardoli.png"
"GSFC University, Vadodara ",Gujarat,Engineering,"1,21,250",--,8.1,8.8,6.4,8.7,8.5,7.9,8.4,"/images/GSFC_University,_Vadodara.png"
"Auro University, Surat ",Gujarat,Engineering,"1,21,000",--,8.3,8.2,8.5,8.6,8.7,7.2,8.6,"/images/Auro_University,_Surat.png"
L.D. College of Engineering ,Gujarat,Engineering,"2,860","5,730",8.1,8.4,7.3,8.2,7.9,8.5,8.5,/images/L.D._College_of_Engineering.png
RK University ,Gujarat,Engineering,"76,500","50,000",8.5,9,7.9,8.6,9,7.8,8.5,/images/RK_University.png
Institute of Infrastructure Technology Research and Management ,Gujarat,Engineering,"29,100","89,500",7.6,8.3,7.3,8.4,7.9,6.9,6.5,/images/Institute_of_Infrastructure_Technology_Research_and_Management.png
Indian Institute of Information Technology ,Gujarat,Engineering,"1,47,000",--,7.9,8.4,8.5,7.8,7.5,6.5,8.4,/images/Indian_Institute_of_Information_Technology.png
"C. U. Shah University, Wadhwan ",Gujarat,Engineering,"77,800","1,03,800",7.7,7.6,7,8.2,7.8,7.4,7.9,"/images/C._U._Shah_University,_Wadhwan.png"
"P.P. Savani University, Surat ",Gujarat,Engineering,"1,11,500","98,500",9.3,9.4,8.9,9.5,9.6,8.7,9.4,"/images/P.P._Savani_University,_Surat.png"
Vishwakarma Government Engineering College ,Gujarat,Engineering,"1,500","7,500",7.9,8.2,7.2,8.1,8.6,7.1,8.1,/images/Vishwakarma_Government_Engineering_College.png
Dharmsinh Desai University ,Gujarat,Engineering,"1,52,000","1,40,000",7.7,8.5,7,8.3,7.1,8.1,6.9,/images/Dharmsinh_Desai_University.png
Thapar Institute of Engineering and Technology ,Punjab,Engineering,"3,24,800","2,00,600",8.3,8,8.1,7.7,8.9,8.2,8.8,/images/Thapar_Institute_of_Engineering_and_Technology.png
Indian Institute of Technology Ropar,Punjab,Engineering,"2,19,800","39,970",8.5,8.5,8.1,8.2,9.1,8.4,8.9,/images/Indian_Institute_of_Technology_Ropar.png
Panjab University ,Punjab,Engineering,"96,300","27,500",7.7,8.2,7.7,8,7.7,6.5,8.2,/images/Panjab_University.png
Punjab Engineering College University of Technology ,Punjab,Engineering,"96,750","93,500",8,7.9,7.3,7.6,7.7,8.4,9,/images/Punjab_Engineering_College_University_of_Technology.png
I.K. Gujral Punjab Technical University ,Punjab,Engineering,"88,750","83,150",8.1,8,7.4,8.7,8.3,7.7,8.7,/images/I.K._Gujral_Punjab_Technical_University.png
Dr BR Ambedkar National Institute of Technology ,Punjab,Engineering,"6,76,000","2,28,000",7.9,8,7.7,7.6,8,8,8.3,/images/Dr_BR_Ambedkar_National_Institute_of_Technology.png
"University Institute of Engineering, Chandigarh University ",Punjab,Engineering,"1,60,000","80,000",8.4,8.6,7.9,8.1,8.7,8.7,8.3,"/images/University_Institute_of_Engineering,_Chandigarh_University.png"
Sant Longowal Institute of Engineering and Technology ,Punjab,Engineering,"81,000","58,000",7.6,7.7,7.1,7.5,8.4,6.5,8.1,/images/Sant_Longowal_Institute_of_Engineering_and_Technology.png
Chitkara University ,Punjab,Engineering,"6,66,000",--,8.5,8.4,7.7,8.5,8.9,8.7,8.7,/images/Chitkara_University.png
Chandigarh Group of Colleges ,Punjab,Engineering,"94,000","95,000",8.1,8,7.4,8,8.3,8.6,8.4,/images/Chandigarh_Group_of_Colleges.png
"RIMT University, Gobindgarh ",Punjab,Engineering,"1,35,000","76,500",7.6,7.9,7.3,7.8,8,6.7,7.8,"/images/RIMT_University,_Gobindgarh.png"
National Institute of Technical Teachers Training and ,Punjab,Engineering,"44,696","24,500",7.7,7.7,6.7,8.6,7.7,7.7,8,/images/National_Institute_of_Technical_Teachers_Training_and.png
"Guru Kashi University, Bathinda ",Punjab,Engineering,"92,680","92,100",7.5,7.4,7.2,8,7.2,7.2,7.8,"/images/Guru_Kashi_University,_Bathinda.png"
"University Institute of Engineering and Technology -[UIET], ",Punjab,Engineering,"82,197","16,160",7.4,7.5,7.5,7.4,7,7,8.2,"/images/University_Institute_of_Engineering_and_Technology_-[UIET],.png"
"Rayat Bahra University, Mohali ",Punjab,Engineering,"1,00,000","40,000",7.7,7.8,7.4,8,7.7,7.4,7.6,"/images/Rayat_Bahra_University,_Mohali.png"
"DAV University, Jalandhar ",Punjab,Engineering,"1,36,000","87,500",7.9,8.4,7,8.4,7,8,8.5,"/images/DAV_University,_Jalandhar.png"
"Plaksha, Mohali ",Punjab,Engineering,"6,90,000","12,70,000",--,--,--,--,--,--,--,"/images/Plaksha,_Mohali.png"
Chandigarh Engineering College ,Punjab,Engineering,"94,000","95,000",7.9,7.8,7.3,7.7,8.2,8.5,8,/images/Chandigarh_Engineering_College.png
Sant Baba Bhag Singh University ,Punjab,Engineering,"82,500","1,03,300",8.5,9,8.2,8.6,8,8.5,8.6,/images/Sant_Baba_Bhag_Singh_University.png
Chandigarh College of Engineering and Technology ,Punjab,Engineering,"64,240",--,6.9,7.2,6.4,7.1,6.9,6.5,7.3,/images/Chandigarh_College_of_Engineering_and_Technology.png
"Global Institute, Amritsar ",Punjab,Engineering,"3,18,000","1,25,000",8.3,8,8.2,8.7,8.8,7.9,8.3,"/images/Global_Institute,_Amritsar.png"
"Maharaja Ranjit Singh Punjab Technical University, Bathinda ",Punjab,Engineering,"1,70,600","85,600",8.2,8.6,7.8,8.4,8.2,8.1,8.2,"/images/Maharaja_Ranjit_Singh_Punjab_Technical_University,_Bathinda.png"
Amritsar College of Engineering and Technology ,Punjab,Engineering,"4,03,024","1,43,623",7.4,7.3,6.7,7.6,7.7,7.3,7.7,/images/Amritsar_College_of_Engineering_and_Technology.png
Guru Nanak Dev Engineering College ,Punjab,Engineering,"98,689","90,574",7.7,7.9,7.2,7.8,7.9,7.4,7.9,/images/Guru_Nanak_Dev_Engineering_College.png
Sri Guru Granth Sahib World University ,Punjab,Engineering,"1,04,000","68,000",8.8,8.6,9,9,9.1,8.4,8.7,/images/Sri_Guru_Granth_Sahib_World_University.png
Baba Banda Singh Bahadur Engineering College ,Punjab,Engineering,"90,000","90,000",8.1,8.3,7.6,8.6,8.8,7,8,/images/Baba_Banda_Singh_Bahadur_Engineering_College.png
Indian Institute of Technology Kharagpur,West bengal,Engineering,"82,070","2,31,500",8.5,8.8,7.2,8.2,8.9,8.8,9,/images/Indian_Institute_of_Technology_Kharagpur.png
Jadavpur University ,West bengal,Engineering,"2,400","24,000",8.4,9,7.6,8.5,8.1,8.4,9,/images/Jadavpur_University.png
Indian Institute of Engineering Science and Technology ,West bengal,Engineering,"70,000","81,500",8,8.3,7.7,7.9,7.9,7.5,8.4,/images/Indian_Institute_of_Engineering_Science_and_Technology.png
National Institute of Technology Durgapur,West bengal,Engineering,"1,49,100","94,100",7.7,8,6.8,7.8,7.5,7.8,8.4,/images/National_Institute_of_Technology_Durgapur.png
Institute of Engineering and Management ,West bengal,Engineering,"1,68,400",--,7.5,8.2,6.5,8,6.7,8.4,7.2,/images/Institute_of_Engineering_and_Management.png
Heritage Institute of Technology ,West bengal,Engineering,"1,16,200","1,31,100",7.8,7.9,7,7.8,8.4,7.6,8.2,/images/Heritage_Institute_of_Technology.png
Maulana Abul Kalam Azad University of Technology ,West bengal,Engineering,"49,000","81,200",7.7,8.1,6.9,8,7.8,7.7,7.6,/images/Maulana_Abul_Kalam_Azad_University_of_Technology.png
Narula Institute of Technology ,West bengal,Engineering,"1,29,800","1,22,600",8,8.5,7.2,8.2,8.3,7.8,8,/images/Narula_Institute_of_Technology.png
Haldia Institute of Technology ,West bengal,Engineering,"1,16,350","1,04,600",7.8,7.9,7.2,7.5,8.5,7.2,8.3,/images/Haldia_Institute_of_Technology.png
"Amity University, Kolkata ",West bengal,Engineering,"2,07,000","1,58,000",8.2,8.1,7.7,8.4,8.8,7.4,8.5,"/images/Amity_University,_Kolkata.png"
"Techno India University, Kolkata ",West bengal,Engineering,"89,200","2,01,000",8,8.2,7.4,8.2,8.1,7.8,8.4,"/images/Techno_India_University,_Kolkata.png"
"Adamas University, Kolkata ",West bengal,Engineering,"1,72,800","1,34,850",8.2,8.3,7.5,8.5,9,7.8,7.8,"/images/Adamas_University,_Kolkata.png"
Sister Nivedita University ,West bengal,Engineering,"1,49,500","1,49,500",8.2,8.2,7.6,8.9,7.9,7.8,8.7,/images/Sister_Nivedita_University.png
Asansol Engineering College ,West bengal,Engineering,"1,34,068","1,08,100",7.8,8.1,7.2,7.8,8.4,7.6,7.7,/images/Asansol_Engineering_College.png
University of Engineering and Management ,West bengal,Engineering,"1,61,200","1,50,000",8.1,8.6,7.2,8.5,7.9,8.8,7.7,/images/University_of_Engineering_and_Management.png
JIS College of Engineering ,West bengal,Engineering,"1,29,800","1,22,600",7.9,8.1,7.2,8.4,8.1,7.8,8,/images/JIS_College_of_Engineering.png
Kalyani Government Engineering College ,West bengal,Engineering,"16,155","17,855",7.9,8.1,7.6,8,7.8,7.4,8.4,/images/Kalyani_Government_Engineering_College.png
Indian Institute of Information Technology Bengal,West bengal,Engineering,"17,120","2,02,020",6.8,7.6,6.4,7.2,6.1,7,6.5,/images/Indian_Institute_of_Information_Technology_Bengal.png
The Neotia University ,West bengal,Engineering,"1,44,000","98,000",8.2,8.7,7.5,8.5,8.2,7.8,8.6,/images/The_Neotia_University.png
Bengal Institute of Technology ,West bengal,Engineering,--,--,7.4,7.9,6,7.5,7.1,7.7,8.2,/images/Bengal_Institute_of_Technology.png
Siliguri Institute of Technology ,West bengal,Engineering,"3,93,000","54,000",7.8,7.9,7.1,8,8.3,7.2,8.2,/images/Siliguri_Institute_of_Technology.png
"University Institute of Technology, University Of Burdwan ",West bengal,Engineering,"71,200","26,000",6.5,7,5.9,7.2,6.6,5.4,6.6,"/images/University_Institute_of_Technology,_University_Of_Burdwan.png"
Jalpaiguri Government Engineering College ,West bengal,Engineering,"14,877","51,916",7.8,7.8,7.9,7.8,7.4,7.3,8.8,/images/Jalpaiguri_Government_Engineering_College.png
"Techno India Salt Lake, Kolkata ",West bengal,Engineering,"4,83,800","2,73,000",7.5,7.9,6,7.8,7.5,7.6,8.3,"/images/Techno_India_Salt_Lake,_Kolkata.png"
Bengal College of Engineering and Technology ,West bengal,Engineering,"1,03,600","1,12,500",7.1,7.2,6.6,7.2,8,6.1,7.5,/images/Bengal_College_of_Engineering_and_Technology.png
Dr. B.C. Roy Engineering College ,West bengal,Engineering,"1,08,980","1,19,000",7.7,7.9,7.3,7.7,8.1,7.2,7.8,/images/Dr._B.C._Roy_Engineering_College.png
Bengal College of Engineering ,West bengal,Engineering,"98,500",--,5.7,6.3,5.9,6,5.4,5.1,5.3,/images/Bengal_College_of_Engineering.png
Seacom Skills University ,West bengal,Engineering,"82,000","80,000",7.5,8.4,6.4,8.9,7.4,6.7,7.3,/images/Seacom_Skills_University.png
National Institute of Technology Rourkela,Orissa,Engineering,"2,25,500","1,60,500",8.4,8.3,7.9,7.8,9.1,8.2,8.9,/images/National_Institute_of_Technology_Rourkela.png
Indian Institute of Technology Bhubaneswar,Orissa,Engineering,"2,28,676","2,33,884",7.8,8.1,8,8,7.8,7.8,7.2,/images/Indian_Institute_of_Technology_Bhubaneswar.png
Institute of Technical Education and Research ,Orissa,Engineering,"2,50,000","1,50,000",8.2,8.4,7.4,8.2,8.6,8.3,8,/images/Institute_of_Technical_Education_and_Research.png
"C. V. Raman Global University, Bhubaneswar ",Orissa,Engineering,"1,19,000","97,000",7.6,7.9,7,7.5,8.2,7.5,7.6,"/images/C._V._Raman_Global_University,_Bhubaneswar.png"
Veer Surendra Sai University of Technology ,Orissa,Engineering,"91,280","91,140",7.9,8.2,7.7,7.9,7.4,7.7,8.4,/images/Veer_Surendra_Sai_University_of_Technology.png
Biju Patnaik University of Technology ,Orissa,Engineering,--,--,6.2,6.1,6.7,6.4,6.8,4.8,6.1,/images/Biju_Patnaik_University_of_Technology.png
Centurion University of Technology and Management ,Orissa,Engineering,"1,00,000","40,000",8.1,8.3,7.6,8.5,8.4,7.4,8.5,/images/Centurion_University_of_Technology_and_Management.png
International Institute of Information Technology ,Orissa,Engineering,"2,01,100","1,76,150",7.7,8,6.9,7.6,7.8,7.7,8.2,/images/International_Institute_of_Information_Technology.png
"Indira Gandhi Institute of Technology- [IGIT], Dhenkanal ",Orissa,Engineering,"34,500","34,500",7.8,8,8.3,7.9,7.7,6.7,8.4,"/images/Indira_Gandhi_Institute_of_Technology-_[IGIT],_Dhenkanal.png"
Silicon Institute of Technology ,Orissa,Engineering,"6,00,000","2,70,000",7.7,8.5,7,8.1,7.3,7.7,7.5,/images/Silicon_Institute_of_Technology.png
Silicon Institute of Technology ,Orissa,Engineering,"3,80,000",--,7.7,8.3,7.4,7.9,8.8,6.6,7.4,/images/Silicon_Institute_of_Technology.png
Xavier University ,Orissa,Engineering,"3,08,000","2,17,000",8.2,8.7,7.8,8.4,9.2,6.8,8.4,/images/Xavier_University.png
Bhubaneswar Engineering College ,Orissa,Engineering,"2,52,000",--,7.5,7.2,7.5,7.7,7.7,7.3,7.8,/images/Bhubaneswar_Engineering_College.png
College of Engineering ,Orissa,Engineering,"2,92,000","1,60,000",6.7,7.5,5.9,7,6.9,6,6.7,/images/College_of_Engineering.png
National Institute of Science and Technology ,Orissa,Engineering,"1,21,500","80,000",7.9,8.2,7.1,8.1,8.1,7.8,7.9,/images/National_Institute_of_Science_and_Technology.png
College of Engineering and Technology ,Orissa,Engineering,"2,35,000","1,22,000",7.7,8,7.6,7.6,7.1,7.9,8.1,/images/College_of_Engineering_and_Technology.png
Gandhi Institute for Technology ,Orissa,Engineering,"81,000","41,500",7.4,7.9,6.4,7.7,7.8,6.6,7.7,/images/Gandhi_Institute_for_Technology.png
Orissa Engineering College ,Orissa,Engineering,"86,500",--,7.5,7.6,7,7.4,7.7,7.3,7.8,/images/Orissa_Engineering_College.png
Parala Maharaja Engineering College ,Orissa,Engineering,"33,400","33,400",7.3,7.7,7.5,7.6,7.6,5.7,7.7,/images/Parala_Maharaja_Engineering_College.png
"CSIR-Institute of Minerals and Materials Technology -[CSIR-IMMT], ",Orissa,Engineering,--,--,7,6.3,5.3,7.8,7.3,7.3,7.7,"/images/CSIR-Institute_of_Minerals_and_Materials_Technology_-[CSIR-IMMT],.png"
GITA Autonomous College ,Orissa,Engineering,"1,08,000","91,300",8.7,9,8.3,8.9,8.8,8.3,8.6,/images/GITA_Autonomous_College.png
"Seemanta Engineering College, Mayurbhanj ",Orissa,Engineering,"2,20,000","1,20,000",8,8.2,8,8.6,8.6,7,7.7,"/images/Seemanta_Engineering_College,_Mayurbhanj.png"
"Trident Academy of Technology, Bhubaneswar ",Orissa,Engineering,"1,08,300","72,000",8,8.3,7.5,8.3,8.1,7.9,7.9,"/images/Trident_Academy_of_Technology,_Bhubaneswar.png"
"Government College of Engineering, Kendujhar ",Orissa,Engineering,"1,40,000",--,7,7.8,7.6,7.4,6.9,5.1,7.3,"/images/Government_College_of_Engineering,_Kendujhar.png"
CIPET: Centre for Skilling and Technical Support ,Orissa,Engineering,"32,680","76,210",6.7,7,6.1,6.4,7.7,6.9,6.1,/images/CIPET:_Centre_for_Skilling_and_Technical_Support.png
"Vignan Institute of Technology And Management, Berhampur ",Orissa,Engineering,"58,000",--,7.7,8.7,7.9,8.4,7.6,5.9,7.6,"/images/Vignan_Institute_of_Technology_And_Management,_Berhampur.png"
Krupajal Engineering College ,Orissa,Engineering,"72,000","79,000",6.3,6.6,6.3,6.5,6.9,4.9,6.5,/images/Krupajal_Engineering_College.png
Indian Institute of Technology Roorkee,Uttarakhand,Engineering,"2,21,700","23,250",8.4,8.5,7.6,7.9,9,8.6,8.9,/images/Indian_Institute_of_Technology_Roorkee.png
"Graphic Era University, School of Engineering and ",Uttarakhand,Engineering,"2,36,400","1,21,000",8.2,8.3,7.7,8,8.6,8.8,8,"/images/Graphic_Era_University,_School_of_Engineering_and.png"
"College of Technology, GB Pant University of ",Uttarakhand,Engineering,"65,344","46,244",7,7.1,6.7,6.9,7.3,6,7.7,"/images/College_of_Technology,_GB_Pant_University_of.png"
University of Petroleum and Energy Studies ,Uttarakhand,Engineering,"16,04,500","5,57,250",8.1,8.1,7.8,7.9,8.6,7.7,8.2,/images/University_of_Petroleum_and_Energy_Studies.png
"Doon University, Dehradun ",Uttarakhand,Engineering,"34,750",--,7.2,7.3,7,7.3,7.9,6.3,7.6,"/images/Doon_University,_Dehradun.png"
DIT University ,Uttarakhand,Engineering,"2,00,000","1,20,000",7.8,7.9,7.6,7.6,8.4,7.4,8,/images/DIT_University.png
Graphic Era University ,Uttarakhand,Engineering,"3,23,400","92,900",8.3,8.2,7.9,8.4,8.6,8.1,8.4,/images/Graphic_Era_University.png
Graphic Era Hill University ,Uttarakhand,Engineering,"2,75,600","79,600",8.1,7.9,7.8,8.1,8.4,7.7,8.4,/images/Graphic_Era_Hill_University.png
"ICFAI University, Dehradun ",Uttarakhand,Engineering,"1,56,000","1,40,000",7.8,8.2,7.5,8.2,7.4,7.3,7.9,"/images/ICFAI_University,_Dehradun.png"
"MotherHood University, Roorkee ",Uttarakhand,Engineering,"71,650",--,8,8.3,7.9,7.6,8,8,8.3,"/images/MotherHood_University,_Roorkee.png"
Himgiri Zee University ,Uttarakhand,Engineering,"90,000","80,000",7.9,8.5,5.5,9,8,7.7,8.8,/images/Himgiri_Zee_University.png
Swami Rama Himalayan University ,Uttarakhand,Engineering,"2,12,250","84,000",7,7.1,6.6,6.9,7.4,7.1,6.7,/images/Swami_Rama_Himalayan_University.png
"Tula's Institute, Dehradun ",Uttarakhand,Engineering,"1,12,500","91,500",7.8,8,7.2,7.7,8.5,7.4,8.2,"/images/Tula's_Institute,_Dehradun.png"
THDC Institute of Hydro Power Engineering and ,Uttarakhand,Engineering,"73,500",--,6.9,6.8,6.4,7.4,7.8,5.6,7.2,/images/THDC_Institute_of_Hydro_Power_Engineering_and.png
College of Engineering ,Uttarakhand,Engineering,"1,36,150","1,19,150",8.3,8.4,8.1,8.1,8.7,7.5,8.8,/images/College_of_Engineering.png
Shivalik College of Engineering ,Uttarakhand,Engineering,"1,01,400","46,400",7.2,7.1,7.1,7.3,7.2,7.1,7.3,/images/Shivalik_College_of_Engineering.png
Women Institute of Technology ,Uttarakhand,Engineering,"75,500",--,7.9,9,7.4,9,7.2,6.7,8.3,/images/Women_Institute_of_Technology.png
Indian Institute of Aeronautical Engineering ,Uttarakhand,Engineering,"3,00,000","3,00,000",8.3,7.5,8.5,8.5,9,8,8,/images/Indian_Institute_of_Aeronautical_Engineering.png
Indira Gandhi National Forest Academy ,Uttarakhand,Engineering,"1,84,500",--,8.7,9,9,8,9,9,8,/images/Indira_Gandhi_National_Forest_Academy.png
"Bipin Tripathi Kumaon Institute of Technology, Almora ",Uttarakhand,Engineering,"71,150","82,250",6.4,6.8,6.2,6.6,7.3,4.6,6.8,"/images/Bipin_Tripathi_Kumaon_Institute_of_Technology,_Almora.png"
Govind Ballabh Pant Engineering College ,Uttarakhand,Engineering,"69,015","80,015",6.4,7.1,6,6.1,7.3,5.1,7,/images/Govind_Ballabh_Pant_Engineering_College.png
BFIT Group of Institutions ,Uttarakhand,Engineering,"35,000",--,7.5,7.7,7.1,7.7,7.6,7.1,8,/images/BFIT_Group_of_Institutions.png
Dev Bhoomi Institute of Technology ,Uttarakhand,Engineering,"1,19,700","92,000",7.2,7.1,6.5,7.5,7.4,7.5,7.2,/images/Dev_Bhoomi_Institute_of_Technology.png
Graphic Era Hill University Bhimtal Campus ,Uttarakhand,Engineering,"2,75,600","1,30,600",8.1,8.2,7.6,7.9,8.8,7.8,8,/images/Graphic_Era_Hill_University_Bhimtal_Campus.png
Indian Institute of Management ,Tamil nadu,Management,"11,90,000","10,00,000",8.8,8.7,8.8,9.1,8.9,8.7,8.8,/images/Indian_Institute_of_Management.png
"Department of Management Studies, IIT Madras ",Tamil nadu,Management,"11,200","11,25,000",9.1,9.2,9.1,9,9.2,9.1,8.7,"/images/Department_of_Management_Studies,_IIT_Madras.png"
"NIT Trichy, Tiruchirappalli ",Tamil nadu,Management,"97,250","49,250",8.5,8.6,7.8,8.2,8.7,8.8,8.7,"/images/NIT_Trichy,_Tiruchirappalli.png"
"Great Lakes Institute of Management, Chennai ",Tamil nadu,Management,"16,01,000","16,01,000",8.7,8.8,8.7,9.2,9.1,8.1,8.2,"/images/Great_Lakes_Institute_of_Management,_Chennai.png"
Loyola Institute of Business Administration ,Tamil nadu,Management,"15,26,000","20,500",9,9.1,9,9,9,9,9.1,/images/Loyola_Institute_of_Business_Administration.png
P.S.G College of Technology ,Tamil nadu,Management,"73,910","14,000",9,9.2,8.7,8.9,9,9.1,8.8,/images/P.S.G_College_of_Technology.png
"Department of Management Studies, Anna University ",Tamil nadu,Management,"20,500",--,9.4,9.6,9.4,9.4,9.4,9.3,--,"/images/Department_of_Management_Studies,_Anna_University.png"
Vellore Institute of Technology ,Tamil nadu,Management,"57,000","3,51,500",8.3,8.3,8,7.8,8.9,8.5,8.5,/images/Vellore_Institute_of_Technology.png
Bharathidasan Institute of Management ,Tamil nadu,Management,"7,10,351",--,8.6,9,8.7,8.8,8,8.7,8.2,/images/Bharathidasan_Institute_of_Management.png
"School of Management, SRM IST, Kanchipuram ",Tamil nadu,Management,"1,10,000","3,60,000",9,8.9,9.1,9,9,9,--,"/images/School_of_Management,_SRM_IST,_Kanchipuram.png"
"Amrita Vishwa Vidyapeetham, Coimbatore ",Tamil nadu,Management,"10,60,000","30,000",8.1,8.5,6.6,8.5,8.6,8.2,8,"/images/Amrita_Vishwa_Vidyapeetham,_Coimbatore.png"
PSG Institute of Management ,Tamil nadu,Management,"8,00,000",--,8.7,8.8,8.2,9.2,8.5,8.3,9.3,/images/PSG_Institute_of_Management.png
Hindustan Institute of Technology and Science ,Tamil nadu,Management,"2,53,000","92,500",7.6,7.8,6.9,7.8,7.9,6.9,8,/images/Hindustan_Institute_of_Technology_and_Science.png
Bannari Amman Institute of Technology ,Tamil nadu,Management,"45,000",--,8.3,8.2,8.1,8,9.1,8.1,8.2,/images/Bannari_Amman_Institute_of_Technology.png
"Mepco Schlenk Engineering College, Sivakasi ",Tamil nadu,Management,"90,000",--,8.1,8.5,8.1,8.3,8.6,7.9,7,"/images/Mepco_Schlenk_Engineering_College,_Sivakasi.png"
Kongu Engineering College ,Tamil nadu,Management,"50,000",--,8.3,8.3,7.7,8.3,8.9,8.3,8.3,/images/Kongu_Engineering_College.png
Vel Tech Dr. RR & Dr. SR ,Tamil nadu,Management,"93,000","70,000",8.1,8.2,8.5,8,8.1,7.8,7.8,/images/Vel_Tech_Dr._RR_&_Dr._SR.png
Bharath University ,Tamil nadu,Management,"40,000","1,00,000",7.6,7.9,7.1,8.1,7.6,7.8,7,/images/Bharath_University.png
Sairam Institute of Management Studies ,Tamil nadu,Management,"75,000",--,8.4,9,8,8,8,9,--,/images/Sairam_Institute_of_Management_Studies.png
"PSNA College of Engineering and Technology, Dindigul ",Tamil nadu,Management,"35,000",--,8.3,8.5,8,8.5,8.8,8.1,8,"/images/PSNA_College_of_Engineering_and_Technology,_Dindigul.png"
"IIKM Business School, Chennai ",Tamil nadu,Management,"3,75,000",--,6.9,6.8,6.1,7.4,7,7.4,6.8,"/images/IIKM_Business_School,_Chennai.png"
Vivekananda Institute of Management Studies ,Tamil nadu,Management,"2,00,000",--,7.5,7.8,6.5,7.8,7.8,7.3,7.5,/images/Vivekananda_Institute_of_Management_Studies.png
GRG School of Management Studies ,Tamil nadu,Management,"40,000","40,000",9,9,9,9.3,9.3,8.3,9.3,/images/GRG_School_of_Management_Studies.png
"Sona School of Management, Salem ",Tamil nadu,Management,"1,70,000",--,8.1,8.2,7.4,8.2,8.3,8,8.2,"/images/Sona_School_of_Management,_Salem.png"
DJ Academy for Managerial Excellence ,Tamil nadu,Management,"1,60,000",--,9.1,9,9,9,9.7,9.3,8.7,/images/DJ_Academy_for_Managerial_Excellence.png
Sardar Vallabhbhai Patel International School of Textile ,Tamil nadu,Management,"1,46,000",--,8.2,7.5,8,9.3,7.5,8.5,8.3,/images/Sardar_Vallabhbhai_Patel_International_School_of_Textile.png
"Karunya School of Management, Karunya University ",Tamil nadu,Management,"2,44,000","41,000",8.4,8.5,8.2,8.7,8.7,8.2,8,"/images/Karunya_School_of_Management,_Karunya_University.png"
Coimbatore Institute of Management and Technology ,Tamil nadu,Management,"1,20,000","15,000",8.3,8.4,8,8.6,8.6,8,8.3,/images/Coimbatore_Institute_of_Management_and_Technology.png
"ITM Business School, Chennai ",Tamil nadu,Management,"4,95,000",--,8.3,8.8,8.2,8,8.5,8,8.5,"/images/ITM_Business_School,_Chennai.png"
SNS College of Technology ,Tamil nadu,Management,"35,000",--,8.3,8.5,7.6,8.5,8.5,8.3,8.5,/images/SNS_College_of_Technology.png
"Shailesh J. Mehta School of Management, IIT ",Maharashtra,Management,"6,91,100","25,800",8,8.3,7.9,8.5,8.5,8.4,6.6,"/images/Shailesh_J._Mehta_School_of_Management,_IIT.png"
SP Jain Institute of Management and Research ,Maharashtra,Management,"17,50,000","1,50,000",8.7,9,8.3,9,8.8,9,8.1,/images/SP_Jain_Institute_of_Management_and_Research.png
"Jamnalal Bajaj Institute of Management Studies -[JBIMS], ",Maharashtra,Management,"3,05,000",--,8.8,9.1,8.6,9.1,8.7,9.2,8.3,"/images/Jamnalal_Bajaj_Institute_of_Management_Studies_-[JBIMS],.png"
Symbiosis Institute of Business Management ,Maharashtra,Management,"9,80,000",--,8.8,8.7,8.8,8.8,9.1,8.9,8.3,/images/Symbiosis_Institute_of_Business_Management.png
Narsee Monjee Institute of Management Studies ,Maharashtra,Management,"6,02,000","3,02,000",8.1,8.4,7.6,8.5,8.1,7.9,8.2,/images/Narsee_Monjee_Institute_of_Management_Studies.png
Symbiosis Centre for Management and Human Resource ,Maharashtra,Management,"9,40,000","2,20,000",8,8,7.5,7.9,7.6,8.2,8.5,/images/Symbiosis_Centre_for_Management_and_Human_Resource.png
National Institute of Industrial Engineering ,Maharashtra,Management,"1,04,000","7,03,000",9,9,9,9,9,9.3,8.6,/images/National_Institute_of_Industrial_Engineering.png
Prin. L. N. Welingkar Institute of Management ,Maharashtra,Management,"5,50,000","3,40,000",8,8.4,7.4,8.4,8.2,7.8,7.9,/images/Prin._L._N._Welingkar_Institute_of_Management.png
"Bharati Vidyapeeth University, Institute of Management and ",Maharashtra,Management,"2,25,000","1,00,000",8,8.4,7.5,8.5,8,7.7,7.9,"/images/Bharati_Vidyapeeth_University,_Institute_of_Management_and.png"
"KJ Somaiya Institute of Management, Mumbai ",Maharashtra,Management,"8,17,290","3,32,455",8.3,8.3,7.9,8.2,8.7,7.9,8.5,"/images/KJ_Somaiya_Institute_of_Management,_Mumbai.png"
Institute of Management Technology ,Maharashtra,Management,"6,42,000",--,8.6,8.4,8.6,8.5,9,7.9,8.9,/images/Institute_of_Management_Technology.png
"Sydenham Institute of Management Studies, Research & ",Maharashtra,Management,"1,38,000","16,000",8.9,9.1,8.8,9.1,8.6,9,8.5,"/images/Sydenham_Institute_of_Management_Studies,_Research_&.png"
Symbiosis Institute of International Business ,Maharashtra,Management,"7,90,000",--,8.4,8.4,7.9,8.5,8.7,8.1,8.9,/images/Symbiosis_Institute_of_International_Business.png
Balaji Institute of Modern Management ,Maharashtra,Management,"4,80,000",--,8.2,8,8.2,8.9,8.2,8.1,7.9,/images/Balaji_Institute_of_Modern_Management.png
SIES School of Business Studies ,Maharashtra,Management,"3,50,000",--,7.8,8.5,6.1,8.1,8.2,7.7,8.1,/images/SIES_School_of_Business_Studies.png
ITM Business School Kharghar ,Maharashtra,Management,"4,95,000",--,7.6,8.1,6.6,8.1,7.3,7.3,7.9,/images/ITM_Business_School_Kharghar.png
Symbiosis Institute of Operations Management ,Maharashtra,Management,"12,20,000","20,000",8.6,9.4,8.5,8.5,7.8,8.8,8.6,/images/Symbiosis_Institute_of_Operations_Management.png
Symbiosis Institute of Digital and Telecom Management ,Maharashtra,Management,"6,60,000",--,8.9,8.9,8.7,8.9,9.1,8.8,8.7,/images/Symbiosis_Institute_of_Digital_and_Telecom_Management.png
Pune Institute of Business Management ,Maharashtra,Management,"7,95,000","2,00,000",7.4,7.6,6.8,8,7.1,7.9,6.7,/images/Pune_Institute_of_Business_Management.png
Vaikunth Mehta National Institute of Co-Operative Management ,Maharashtra,Management,"40,000","22,000",7.8,7.7,7.6,7.7,7.7,8.1,7.8,/images/Vaikunth_Mehta_National_Institute_of_Co-Operative_Management.png
N. L. Dalmia Institute of Management Studies ,Maharashtra,Management,"10,20,000",--,8.2,8.4,7.4,8.4,8.8,7.9,8.2,/images/N._L._Dalmia_Institute_of_Management_Studies.png
International School of Business and Media ,Maharashtra,Management,"6,85,000",--,8.2,8.3,7.3,8.3,8.2,8.1,9,/images/International_School_of_Business_and_Media.png
Universal Business School ,Maharashtra,Management,"4,28,000","10,98,000",8.6,8.8,8.2,8.8,8.7,8.2,8.7,/images/Universal_Business_School.png
Balaji Institute of Management and Human Resource ,Maharashtra,Management,"5,30,000",--,8.8,8.8,8.6,9.2,9,8.7,8.6,/images/Balaji_Institute_of_Management_and_Human_Resource.png
IIEBM Indus Business School ,Maharashtra,Management,"4,10,000",--,6.6,7.5,6.9,6.3,7.4,6.3,5.2,/images/IIEBM_Indus_Business_School.png
DY Patil University's School of Management ,Maharashtra,Management,"1,20,000","4,20,000",6.9,7.1,6,7.6,7,6.2,7.3,/images/DY_Patil_University's_School_of_Management.png
Symbiosis Centre for Information Technology ,Maharashtra,Management,"6,20,000","1,53,000",8,8.3,8,7.5,8,7.9,8.2,/images/Symbiosis_Centre_for_Information_Technology.png
Neville Wadia Institute of Management Studies and ,Maharashtra,Management,"1,70,000",--,6.7,6.5,6.1,7.2,6.8,6.9,6.8,/images/Neville_Wadia_Institute_of_Management_Studies_and.png
Bharati Vidyapeeth Institute of Management Studies & ,Maharashtra,Management,"4,00,000",--,6.7,6.6,6.3,7.4,7.3,5.8,7,/images/Bharati_Vidyapeeth_Institute_of_Management_Studies_&.png
MIT College of Management ,Maharashtra,Management,"1,66,340","15,00,000",7.4,8.1,5.8,8.2,8.3,6.4,7.6,/images/MIT_College_of_Management.png
Indian Institute of Management ,Uttar pradesh,Management,"19,25,000","7,50,000",8.8,8.8,8.8,9,8.9,9,8.2,/images/Indian_Institute_of_Management.png
"Industrial and Management Engineering, IIT Kanpur- [IME ",Uttar pradesh,Management,"9,00,000","23,850",9.2,9.4,9.1,9.2,9.3,9.2,8.7,"/images/Industrial_and_Management_Engineering,_IIT_Kanpur-_[IME.png"
"Institute of Management Studies, Banaras Hindu University, ",Uttar pradesh,Management,"85,000","15,000",8.5,8.5,8,8.8,8.2,8.3,9,"/images/Institute_of_Management_Studies,_Banaras_Hindu_University,.png"
Amity Global Business School ,Uttar pradesh,Management,"2,70,000","4,00,000",8.5,8.6,7.4,8.8,9,8.4,8.7,/images/Amity_Global_Business_School.png
Institute of Management Technology ,Uttar pradesh,Management,"1,27,000","4,80,000",8.6,8.7,8.4,8.4,8.8,8.2,8.9,/images/Institute_of_Management_Technology.png
"Amity University, Noida ",Uttar pradesh,Management,"4,00,000","3,44,000",8.2,8,7.9,8.1,8.9,7.6,8.7,"/images/Amity_University,_Noida.png"
Birla Institute of Management Technology ,Uttar pradesh,Management,"86,500","12,00,000",7.9,8,8.1,8.1,8.2,7.4,7.7,/images/Birla_Institute_of_Management_Technology.png
Aligarh Muslim University ,Uttar pradesh,Management,"17,395",--,8.3,8.8,7.9,8.5,8.8,7.2,8.6,/images/Aligarh_Muslim_University.png
"Jaipuria Institute of Management, Noida ",Uttar pradesh,Management,"5,35,000","1,50,000",8.4,8.6,7.8,8.7,8.4,8.1,8.6,"/images/Jaipuria_Institute_of_Management,_Noida.png"
"Jaipuria Institute of Management, Lucknow ",Uttar pradesh,Management,"5,25,000","1,50,000",8.9,8.9,8.8,9.1,9,8.9,8.5,"/images/Jaipuria_Institute_of_Management,_Lucknow.png"
Amity Business School ,Uttar pradesh,Management,"5,88,000",--,8.4,8.2,8,8.2,9,8.2,8.8,/images/Amity_Business_School.png
Institute of Management Studies ,Uttar pradesh,Management,"7,95,000",--,7.9,8.2,7.6,8.3,8.1,8,7.2,/images/Institute_of_Management_Studies.png
MNNIT Allahabad ,Uttar pradesh,Management,"82,000","91,000",8,8.4,7.3,7.8,7.1,8.9,8.2,/images/MNNIT_Allahabad.png
GL Bajaj Institute of Management and Research ,Uttar pradesh,Management,"3,40,000","3,40,000",7.7,8.2,7.2,7.7,7.9,7.9,7.4,/images/GL_Bajaj_Institute_of_Management_and_Research.png
Institute of Technology and Science ,Uttar pradesh,Management,"3,00,000","1,15,800",8.2,8.6,7.5,8.3,8.6,7.9,8.1,/images/Institute_of_Technology_and_Science.png
Jaipuria School of Business ,Uttar pradesh,Management,"7,50,000",--,8.6,8.9,7.8,9,8.7,8.7,8.7,/images/Jaipuria_School_of_Business.png
Ajay Kumar Garg Institute of Management ,Uttar pradesh,Management,"1,27,943",--,8.7,8.8,8,9.3,9.5,8.3,8,/images/Ajay_Kumar_Garg_Institute_of_Management.png
Shri Ram Murti Smarak International Business School ,Uttar pradesh,Management,"25,500","5,10,000",9.5,9.5,9.6,9.4,9.6,9.4,9.2,/images/Shri_Ram_Murti_Smarak_International_Business_School.png
Institute of Management Studies ,Uttar pradesh,Management,"3,96,000","1,17,750",7.2,7.6,6.9,8,7,6.4,7.5,/images/Institute_of_Management_Studies.png
Sanskriti University ,Uttar pradesh,Management,"90,000","1,15,000",7,7.2,6.7,7,7.5,6.9,6.8,/images/Sanskriti_University.png
"Jaipuria Institute of Management, Ghaziabad ",Uttar pradesh,Management,"4,00,000",--,8.4,8.8,7.2,9.1,8.6,8.4,8.3,"/images/Jaipuria_Institute_of_Management,_Ghaziabad.png"
"Mangalayatan University, Institute of Business Management ",Uttar pradesh,Management,"75,000","1,35,000",8.1,9,7.7,8.3,8.3,7.8,7.7,"/images/Mangalayatan_University,_Institute_of_Business_Management.png"
Accurate Institute of Management and Technology ,Uttar pradesh,Management,"1,30,000",--,6.9,7.3,6.5,7.6,7.1,6.5,6.6,/images/Accurate_Institute_of_Management_and_Technology.png
"Shobhit University, School of Business Studies, Meerut ",Uttar pradesh,Management,"56,200","1,31,200",9.2,9.3,9,9.3,9.3,9.3,--,"/images/Shobhit_University,_School_of_Business_Studies,_Meerut.png"
Teerthanker Mahaveer Institute of Management and Technology ,Uttar pradesh,Management,"92,600","1,57,900",8,8.1,7.8,8,8.3,7.5,8.3,/images/Teerthanker_Mahaveer_Institute_of_Management_and_Technology.png
"Lloyd Business School, Greater Noida ",Uttar pradesh,Management,"2,60,000","35,000",7.9,7.9,7.6,8,8,7.9,7.9,"/images/Lloyd_Business_School,_Greater_Noida.png"
Shri Ram Murti Smarak College of Engineering ,Uttar pradesh,Management,"1,34,982",--,7,7.3,6.9,6.8,7.3,6.3,7.3,/images/Shri_Ram_Murti_Smarak_College_of_Engineering.png
Galgotias University School of Business ,Uttar pradesh,Management,"1,00,000","1,59,000",7.4,7.3,6.5,7.3,7.7,7.8,7.7,/images/Galgotias_University_School_of_Business.png
Institute of Business Management ,Uttar pradesh,Management,"1,35,000","2,26,000",8.5,8.7,8.4,8.6,8.7,8.3,8.2,/images/Institute_of_Business_Management.png
"Greater Noida Institute Of Technology MBA Institute, ",Uttar pradesh,Management,"64,800","1,17,400",6.9,6.5,5.5,8,8,6.5,--,"/images/Greater_Noida_Institute_Of_Technology_MBA_Institute,.png"
Department of Management Studies IIT Delhi ,Delhi ncr,Management,"4,80,000","63,900",9.1,9.2,8.8,9.5,9.2,9,8.9,/images/Department_of_Management_Studies_IIT_Delhi.png
Management Development Institute ,Delhi ncr,Management,"23,58,000","3,19,668",9,8.8,8.9,9,9.1,9.2,8.8,/images/Management_Development_Institute.png
Indian Institute of Management ,Delhi ncr,Management,"5,05,000","1,30,000",8.5,8.7,8.6,8.4,8.4,8.6,8.2,/images/Indian_Institute_of_Management.png
International Management Institute ,Delhi ncr,Management,"8,69,500","2,47,000",8.4,8.8,8,8.8,8.2,8.4,7.9,/images/International_Management_Institute.png
Indian Institute of Foreign Trade ,Delhi ncr,Management,"5,10,000","8,85,000",8.7,8.7,8.4,9,8.4,8.9,8.5,/images/Indian_Institute_of_Foreign_Trade.png
"Jamia Millia Islamia University-[JMI], New Delhi ",Delhi ncr,Management,"40,600","50,000",8,8.4,7.6,8.3,8.4,7.2,8.2,"/images/Jamia_Millia_Islamia_University-[JMI],_New_Delhi.png"
"Department of Commerce, University of Delhi, New ",Delhi ncr,Management,"15,696","3,685",8.4,8.3,8.5,8.9,8.2,8.3,8,"/images/Department_of_Commerce,_University_of_Delhi,_New.png"
"University of Delhi, Faculty of Management Studies ",Delhi ncr,Management,"96,000","48,000",8.7,9.1,8.4,8.9,8.8,9.2,7.7,"/images/University_of_Delhi,_Faculty_of_Management_Studies.png"
FORE School of Management ,Delhi ncr,Management,"15,98,000","1,20,000",7.8,8.4,7.1,8.5,7.6,7.9,7.4,/images/FORE_School_of_Management.png
Amity Global Business School ,Delhi ncr,Management,"2,70,000","4,00,000",8.5,8.6,7.4,8.8,9,8.4,8.7,/images/Amity_Global_Business_School.png
Institute of Management Technology ,Delhi ncr,Management,"1,27,000","4,80,000",8.6,8.7,8.4,8.4,8.8,8.2,8.9,/images/Institute_of_Management_Technology.png
"Amity University, Noida ",Delhi ncr,Management,"4,00,000","3,44,000",8.2,8,7.9,8.1,8.9,7.6,8.7,"/images/Amity_University,_Noida.png"
Birla Institute of Management Technology ,Delhi ncr,Management,"86,500","12,00,000",7.9,8,8.1,8.1,8.2,7.4,7.7,/images/Birla_Institute_of_Management_Technology.png
"Jaipuria Institute of Management, Noida ",Delhi ncr,Management,"5,35,000","1,50,000",8.4,8.6,7.8,8.7,8.4,8.1,8.6,"/images/Jaipuria_Institute_of_Management,_Noida.png"
"University School of Management Studies, Guru Gobind ",Delhi ncr,Management,"70,000",--,8,8.2,7.4,8.2,8.4,7.8,8,"/images/University_School_of_Management_Studies,_Guru_Gobind.png"
Jagan Institute of Management Studies ,Delhi ncr,Management,"4,30,000","88,000",8.1,8.5,7.5,8.7,7.9,8,8.2,/images/Jagan_Institute_of_Management_Studies.png
Lal Bahadur Shastri Institute of Management ,Delhi ncr,Management,"5,70,000","6,72,500",7.7,7.8,6.8,8.1,7.4,7.6,8.2,/images/Lal_Bahadur_Shastri_Institute_of_Management.png
Amity Business School ,Delhi ncr,Management,"5,88,000",--,8.4,8.2,8,8.2,9,8.2,8.8,/images/Amity_Business_School.png
Asia Pacific Institute of Management ,Delhi ncr,Management,"9,65,000",--,7.3,7.6,6.5,8.2,7.4,7.1,7.1,/images/Asia_Pacific_Institute_of_Management.png
"IILM Institute for Business & Management [IILM-IBM], ",Delhi ncr,Management,"1,15,000","1,15,000",6.5,6.4,5.7,6.3,6.3,7.3,6.8,"/images/IILM_Institute_for_Business_&_Management_[IILM-IBM],.png"
"IILM Institute for Higher Education, New Delhi ",Delhi ncr,Management,"12,40,000","12,40,000",8.4,9,7,9,8.7,8.8,8,"/images/IILM_Institute_for_Higher_Education,_New_Delhi.png"
Institute of Management Studies ,Delhi ncr,Management,"7,95,000",--,7.9,8.2,7.6,8.3,8.1,8,7.2,/images/Institute_of_Management_Studies.png
"O.P. Jindal Global University, Jindal Global Business ",Delhi ncr,Management,"4,50,000","5,50,000",9.3,9.1,9.3,9.1,9.3,9.1,9.8,"/images/O.P._Jindal_Global_University,_Jindal_Global_Business.png"
Fortune Institute of International Business ,Delhi ncr,Management,"8,90,000",--,8,8.3,6.8,8.6,8,7.9,8.3,/images/Fortune_Institute_of_International_Business.png
Apeejay School of Management ,Delhi ncr,Management,"4,50,000",--,7.7,8.5,6.5,8.3,7.2,7.5,8,/images/Apeejay_School_of_Management.png
GL Bajaj Institute of Management and Research ,Delhi ncr,Management,"3,40,000","3,40,000",7.7,8.2,7.2,7.7,7.9,7.9,7.4,/images/GL_Bajaj_Institute_of_Management_and_Research.png
"Faculty of Management Studies, Manav Rachna International ",Delhi ncr,Management,"2,98,500","1,65,000",8.7,--,--,9,--,8,9,"/images/Faculty_of_Management_Studies,_Manav_Rachna_International.png"
Institute of Technology and Science ,Delhi ncr,Management,"3,00,000","1,15,800",8.2,8.6,7.5,8.3,8.6,7.9,8.1,/images/Institute_of_Technology_and_Science.png
Jagannath International Management School ,Delhi ncr,Management,"7,95,000",--,8.4,8.9,7.3,9,8.2,8.5,8.5,/images/Jagannath_International_Management_School.png
JK Business School ,Delhi ncr,Management,"93,000","3,58,900",8.2,8.2,8.3,8.2,8.4,7.6,8.4,/images/JK_Business_School.png
IFMR Graduate School of Business ,Andhra pradesh,Management,"7,18,000",--,8.2,8.3,8.1,8.4,8.3,8.5,7.8,/images/IFMR_Graduate_School_of_Business.png
K L University Business School ,Andhra pradesh,Management,"1,85,000","2,85,000",8.5,8.4,8.4,9,9.2,7.4,8.7,/images/K_L_University_Business_School.png
GITAM Institute of Management ,Andhra pradesh,Management,"2,10,000","3,96,000",8.5,8.6,7.3,8.8,9.2,8.4,8.7,/images/GITAM_Institute_of_Management.png
K L University ,Andhra pradesh,Management,"2,85,000","1,85,000",8.3,8.5,7.6,8.3,8.8,8.3,8.2,/images/K_L_University.png
"Krea University, Sri City ",Andhra pradesh,Management,"13,86,000",--,8.6,8.2,8.6,8.7,8.6,8.8,8.8,"/images/Krea_University,_Sri_City.png"
Indian Institute of Management Visakhapatnam ,Andhra pradesh,Management,"14,33,250","16,50,000",8.9,8.8,9,9,8.8,8.8,8.8,/images/Indian_Institute_of_Management_Visakhapatnam.png
GEMS B School ,Andhra pradesh,Management,"2,50,000","3,60,000",9.1,9.5,8.5,9.5,9,9,9,/images/GEMS_B_School.png
VIT University ,Andhra pradesh,Management,"2,75,000","43,000",8.2,8.3,7.9,8.3,8.1,8.4,8.1,/images/VIT_University.png
Sri Venkateswara University ,Andhra pradesh,Management,"23,200",--,8.1,7.9,8.3,8.2,7.9,7.7,8.4,/images/Sri_Venkateswara_University.png
"SRM University, Amaravathi ",Andhra pradesh,Management,"2,60,000","2,95,000",8.7,8.7,8.1,9.2,9.2,8.4,8.4,"/images/SRM_University,_Amaravathi.png"
Indian Institute of Tourism and Travel Management ,Andhra pradesh,Management,"1,08,850","1,88,600",8.4,9.3,8.5,9,8.2,8,7.5,/images/Indian_Institute_of_Tourism_and_Travel_Management.png
Integral Institute of Advanced Management ,Andhra pradesh,Management,"1,60,000",--,6.9,7.2,4.4,7.6,7.2,7.2,8,/images/Integral_Institute_of_Advanced_Management.png
"Risali Institute of Management, Visakhapatnam ",Andhra pradesh,Management,--,--,8.4,8.2,8.3,8.3,8.8,8.4,8.4,"/images/Risali_Institute_of_Management,_Visakhapatnam.png"
"Sree Vidyanikethan Institute of Management, Tirupati ",Andhra pradesh,Management,"74,000",--,8.6,8.6,8.4,8.7,8.7,8.1,8.8,"/images/Sree_Vidyanikethan_Institute_of_Management,_Tirupati.png"
Accord Business School ,Andhra pradesh,Management,"45,000",--,--,--,--,--,--,--,--,/images/Accord_Business_School.png
VIT-AP School of Business ,Andhra pradesh,Management,"2,75,000","43,000",8.1,8.8,8.3,8.3,7.8,7.8,7.8,/images/VIT-AP_School_of_Business.png
Nimra College of Business Management ,Andhra pradesh,Management,"34,000",--,7.5,9,5,9,--,--,--,/images/Nimra_College_of_Business_Management.png
"Wings Business School, Tirupati ",Andhra pradesh,Management,"50,000",--,6.8,6.6,7.2,6.5,6.5,6.9,7.1,"/images/Wings_Business_School,_Tirupati.png"
Sun International Institute for Tourism & Management- ,Andhra pradesh,Management,"1,30,500","1,60,500",7.9,8.4,7.3,7.5,7.8,8.5,7.7,/images/Sun_International_Institute_for_Tourism_&_Management-.png
Satya Institute of Management Studies ,Andhra pradesh,Management,"41,100",--,--,--,--,--,--,--,--,/images/Satya_Institute_of_Management_Studies.png
Sanskrithi School of Business ,Andhra pradesh,Management,"31,500",--,8.5,7.5,5.5,--,--,--,--,/images/Sanskrithi_School_of_Business.png
Rajiv Gandhi Institute of Management and Science ,Andhra pradesh,Management,"30,000",--,7.8,8.5,6.8,8.5,7.5,6.8,8.5,/images/Rajiv_Gandhi_Institute_of_Management_and_Science.png
Emeralds Degree and PG College ,Andhra pradesh,Management,"28,000","79,000",8.6,9.3,8.3,8.6,9.5,7,8.6,/images/Emeralds_Degree_and_PG_College.png
Ambedkar Institute of Management Studies ,Andhra pradesh,Management,"1,10,000",--,--,--,--,--,--,--,--,/images/Ambedkar_Institute_of_Management_Studies.png
"DNR School of Business Management, Bhimavaram ",Andhra pradesh,Management,"27,000",--,--,--,--,--,--,--,--,"/images/DNR_School_of_Business_Management,_Bhimavaram.png"
Dr. K. V Subba Reddy Institute of ,Andhra pradesh,Management,"34,500",--,8.3,9,9,8.8,7.8,7.5,7.8,/images/Dr._K._V_Subba_Reddy_Institute_of.png
Srinivasa Institute of Management Studies ,Andhra pradesh,Management,"35,000",--,--,--,--,--,--,--,--,/images/Srinivasa_Institute_of_Management_Studies.png
Sri Krishnadevaraya Institute of Management ,Andhra pradesh,Management,"10,000",--,6,6,--,--,--,--,--,/images/Sri_Krishnadevaraya_Institute_of_Management.png
Indian Institute of Management ,Karnataka,Management,"23,00,000","27,50,000",9.1,9,9,9.1,9.2,9.2,8.9,/images/Indian_Institute_of_Management.png
T. A. Pai Management Institute ,Karnataka,Management,"7,55,000",--,8.5,8.5,8.4,8.8,8.6,8.7,7.8,/images/T._A._Pai_Management_Institute.png
"Alliance University, Bangalore ",Karnataka,Management,"13,50,000","6,00,000",8,8.2,7.2,8.2,8.8,7.6,8,"/images/Alliance_University,_Bangalore.png"
Jagdish Sheth School of Management ,Karnataka,Management,"12,00,000","3,20,000",7.3,7.6,6.4,7.9,7.1,7,7.6,/images/Jagdish_Sheth_School_of_Management.png
"Christ University, Bangalore ",Karnataka,Management,"3,80,000","1,66,000",8.3,8.5,7.4,8.2,8.9,8.1,8.8,"/images/Christ_University,_Bangalore.png"
Prin. L.N. Welingkar Institute of Management Development ,Karnataka,Management,"5,50,000",--,8.1,8.7,7.8,8.6,7.9,7.9,7.9,/images/Prin._L.N._Welingkar_Institute_of_Management_Development.png
SDM Institute for Management Development ,Karnataka,Management,"2,86,000","11,20,000",8.6,8.6,8.9,8.4,9.3,7.6,8.6,/images/SDM_Institute_for_Management_Development.png
Xavier Institute of Management and Entrepreneurship ,Karnataka,Management,"3,00,000",--,8,8.1,8.1,8.2,7.8,8.1,7.6,/images/Xavier_Institute_of_Management_and_Entrepreneurship.png
Indus Business Academy ,Karnataka,Management,"4,81,000",--,7.3,6.9,6.7,7.5,7.1,7.9,7.4,/images/Indus_Business_Academy.png
"AIMS Institutes, Bangalore ",Karnataka,Management,"2,28,000","9,00,000",7.3,7.8,6.6,8.1,6.5,7.2,7.3,"/images/AIMS_Institutes,_Bangalore.png"
Symbiosis Institute of Business Management ,Karnataka,Management,"8,20,000","2,60,000",7.7,8,7.4,7.8,7.8,7.8,7.5,/images/Symbiosis_Institute_of_Business_Management.png
Kristu Jayanti College ,Karnataka,Management,"80,000","25,000",8.4,8.9,7.7,8.4,8.9,8.1,8.5,/images/Kristu_Jayanti_College.png
Manipal Academy of Higher Education ,Karnataka,Management,"4,01,000","1,78,000",8.4,8.5,8.2,8.6,8.8,7.8,8.4,/images/Manipal_Academy_of_Higher_Education.png
Ramaiah Institute of Technology ,Karnataka,Management,"79,570",--,8.4,8.5,7.8,8.3,8.7,8.3,8.6,/images/Ramaiah_Institute_of_Technology.png
"REVA University, Bangalore ",Karnataka,Management,"90,000","3,00,000",8.4,8.3,8.1,8.3,9.3,7.8,8.4,"/images/REVA_University,_Bangalore.png"
Kirloskar Institute of Advanced Management Studies ,Karnataka,Management,"10,75,000",--,7.8,7.8,7.6,8.1,7.8,8,7.7,/images/Kirloskar_Institute_of_Advanced_Management_Studies.png
RV Institute of Management ,Karnataka,Management,"75,000",--,8,8.4,6.6,8.6,8.4,7.8,8.3,/images/RV_Institute_of_Management.png
International School of Business and Research ,Karnataka,Management,"9,00,000","1,00,000",7.7,7.9,7.3,8,7.5,7.5,8.2,/images/International_School_of_Business_and_Research.png
St Aloysius Institute of Management and Information ,Karnataka,Management,"2,60,000",--,7.5,7.5,6.8,7.7,7.4,7.9,7.6,/images/St_Aloysius_Institute_of_Management_and_Information.png
KLS Gogte Institute of Technology ,Karnataka,Management,"1,08,000",--,8.2,8.4,7.3,8.4,8.6,8,8.6,/images/KLS_Gogte_Institute_of_Technology.png
Agriculture and Food Management Institute ,Karnataka,Management,"1,65,000",--,--,--,--,--,--,--,--,/images/Agriculture_and_Food_Management_Institute.png
Dayananda Sagar College of Mangaement and Information ,Karnataka,Management,"63,750",--,7.3,8,4,9,8,7,7.5,/images/Dayananda_Sagar_College_of_Mangaement_and_Information.png
Adarsh Institute of Management and Information Technology ,Karnataka,Management,"5,00,000",--,7.8,7.7,7.5,8.8,7.8,7.2,7.9,/images/Adarsh_Institute_of_Management_and_Information_Technology.png
Bharatesh Education Trust's Global Business School ,Karnataka,Management,"1,11,000",--,8.1,8,7.7,8.7,8.3,7.7,8.3,/images/Bharatesh_Education_Trust's_Global_Business_School.png
"Presidency University, School of Management, Bangalore ",Karnataka,Management,"1,65,000","3,25,000",7.4,7,5.7,9,9,6.3,--,"/images/Presidency_University,_School_of_Management,_Bangalore.png"
BMS College of Engineering ,Karnataka,Management,"25,300",--,8.2,8.4,8,8,8,8.3,8.7,/images/BMS_College_of_Engineering.png
"The Oxford College of Business Management, Bangalore ",Karnataka,Management,"50,000","70,000",6.6,7,6.2,7.8,7,5.8,5.9,"/images/The_Oxford_College_of_Business_Management,_Bangalore.png"
KLS Institute of Management Education & Research ,Karnataka,Management,"2,10,000",--,8.9,9.5,8,9.3,9.5,9,8.3,/images/KLS_Institute_of_Management_Education_&_Research.png
Indian Academy Group of Institutions ,Karnataka,Management,"2,77,000","5,19,000",7.9,8.6,7.6,8.5,7.5,7.8,7.6,/images/Indian_Academy_Group_of_Institutions.png
T John College ,Karnataka,Management,"88,700","2,67,700",8,8.1,7.8,8.1,8.5,7.6,7.8,/images/T_John_College.png
Indian School of Business ,Telangana,Management,"10,20,000","47,00,000",9.3,8.9,9.4,9.6,9.6,9.3,9.2,/images/Indian_School_of_Business.png
ICFAI Foundation for Higher Education ,Telangana,Management,"2,50,000","7,00,000",8.2,8.3,7.5,8.1,8.6,7.8,8.9,/images/ICFAI_Foundation_for_Higher_Education.png
ICFAI Business School ,Telangana,Management,"7,10,000","2,60,000",8.2,8.2,8,8.1,8.5,7.8,8.7,/images/ICFAI_Business_School.png
Narsee Monjee Institute of Management Studies ,Telangana,Management,"2,52,000","8,27,000",8.8,8.9,8.4,9.2,8.9,8.5,8.9,/images/Narsee_Monjee_Institute_of_Management_Studies.png
Institute of Management Technology ,Telangana,Management,"6,03,000","5,00,000",8.6,8.6,8.6,8.7,8.8,8.4,8.5,/images/Institute_of_Management_Technology.png
Woxsen School of Business ,Telangana,Management,"3,05,000","6,95,000",8.3,8.1,8.1,8.6,8.4,8.2,8.3,/images/Woxsen_School_of_Business.png
National Institute of Agricultural Extension Management ,Telangana,Management,"8,25,000","7,000",8.6,8.8,7.8,8.9,8.4,9,8.7,/images/National_Institute_of_Agricultural_Extension_Management.png
Institute of Public Enterprise ,Telangana,Management,"4,55,000","3,80,000",8.3,8.1,7.6,8.9,9,7.8,8.3,/images/Institute_of_Public_Enterprise.png
Birla Institute of Technology and Science ,Telangana,Management,"1,10,125",--,9,9,8.4,8.8,9.4,9.1,9.4,/images/Birla_Institute_of_Technology_and_Science.png
Symbiosis Institute of Business Management ,Telangana,Management,"6,80,000",--,8.5,8.3,8.3,8.6,8.9,8.6,8.3,/images/Symbiosis_Institute_of_Business_Management.png
"Aurora's Business School Panjagutta, Hyderabad ",Telangana,Management,"2,70,000",--,6.6,6.4,6.2,7.2,6.5,6.7,6.8,"/images/Aurora's_Business_School_Panjagutta,_Hyderabad.png"
Dhruva College of Management ,Telangana,Management,"6,55,000",--,9,9.1,9.4,8.9,9.7,8.4,8.4,/images/Dhruva_College_of_Management.png
ICBM School of Business Excellence ,Telangana,Management,"5,76,000",--,7.9,8,7.4,8.4,7.7,8.1,7.6,/images/ICBM_School_of_Business_Excellence.png
Vignana Jyothi Institute of Management ,Telangana,Management,"4,50,000","7,50,000",8.4,8.5,7.9,8.7,8.6,8.3,8.5,/images/Vignana_Jyothi_Institute_of_Management.png
CMR College of Engineering & Technology ,Telangana,Management,"50,000",--,8.2,8.5,8,8.1,8.6,8.3,7.9,/images/CMR_College_of_Engineering_&_Technology.png
"Aristotle Post Graduate College, Hyderabad ",Telangana,Management,"40,000",--,8,8.2,7.6,9,7.6,7.6,8,"/images/Aristotle_Post_Graduate_College,_Hyderabad.png"
"St Joseph's Degree and PG College, Hyderabad ",Telangana,Management,"54,000",--,7.8,8.2,6.4,8.4,7.5,8,8.1,"/images/St_Joseph's_Degree_and_PG_College,_Hyderabad.png"
Chaitanya Bharathi Institute of Technology ,Telangana,Management,"43,000",--,8.2,8.5,7.1,8.4,8.3,8.6,8.5,/images/Chaitanya_Bharathi_Institute_of_Technology.png
"ITM Business School, Warangal ",Telangana,Management,"2,70,000",--,7.4,7.2,7.1,7.6,6.9,7.9,7.5,"/images/ITM_Business_School,_Warangal.png"
"Amjad Ali Khan College of Business Administration, ",Telangana,Management,"27,000",--,8.4,8.9,7.6,9.1,8.4,7.9,8.6,"/images/Amjad_Ali_Khan_College_of_Business_Administration,.png"
Siva Sivani Institute of Management ,Telangana,Management,"6,60,000","6,22,038",7.4,7.6,7.2,7.6,7.3,7.3,7.5,/images/Siva_Sivani_Institute_of_Management.png
K L University ,Telangana,Management,"2,85,000","1,85,000",7.9,7.9,7.4,8.1,8.2,7.6,8.1,/images/K_L_University.png
Symbiosis International University ,Telangana,Management,"6,80,000",--,8.9,9,8.7,9,8.9,9,8.8,/images/Symbiosis_International_University.png
National Institute of Rural Development and Panchayati ,Telangana,Management,"10,500",--,8.5,8.8,8.3,8.5,8.3,8.6,8.2,/images/National_Institute_of_Rural_Development_and_Panchayati.png
National Institute of Construction Management and Research ,Telangana,Management,"10,59,100",--,7.5,7.2,7.1,7.5,7.2,8.1,7.6,/images/National_Institute_of_Construction_Management_and_Research.png
Vishwa Vishwani Institute of Systems and Management ,Telangana,Management,"3,70,000","3,70,000",7.7,7.5,7.1,8,7.9,7.9,7.8,/images/Vishwa_Vishwani_Institute_of_Systems_and_Management.png
Institute of Insurance and Risk Management ,Telangana,Management,"3,20,000","2,70,000",8.1,7.9,7.7,8.4,8,8.2,8.3,/images/Institute_of_Insurance_and_Risk_Management.png
Indian Institute of Management and Commerce ,Telangana,Management,"52,500",--,7.7,8.3,5.3,8.6,7.5,8.1,8.3,/images/Indian_Institute_of_Management_and_Commerce.png
Hyderabad School of Business ,Telangana,Management,"63,000","1,13,300",7.7,8,7.3,8.3,7.7,7.4,7.5,/images/Hyderabad_School_of_Business.png
Pendekanti Institute of Management ,Telangana,Management,"92,000",--,8,8.4,6,8.5,8.4,7.8,8.8,/images/Pendekanti_Institute_of_Management.png
Indian Institute of Management ,Madhya pradesh,Management,"9,80,000","50,000",8.9,8.8,8.9,8.9,9,8.9,8.6,/images/Indian_Institute_of_Management.png
Indian Institute of Forest Management ,Madhya pradesh,Management,"6,24,000","6,24,000",9,9,9.1,9,9.3,8.5,9.1,/images/Indian_Institute_of_Forest_Management.png
Prestige Institute of Management and Research ,Madhya pradesh,Management,"52,000","1,46,500",7.9,8.2,7,8.4,7.3,7.7,8.5,/images/Prestige_Institute_of_Management_and_Research.png
"Jaipuria Institute of Management, Indore ",Madhya pradesh,Management,"3,95,000",--,8.4,8.4,7.8,8.5,8.9,8.3,8.6,"/images/Jaipuria_Institute_of_Management,_Indore.png"
Prestige Institute of Management ,Madhya pradesh,Management,"36,000","80,000",6.1,7,5,6,6,6.3,6.5,/images/Prestige_Institute_of_Management.png
Institute of Business Management & Research ,Madhya pradesh,Management,"1,15,000",--,8.4,8.3,8,8.6,9,7.8,8.9,/images/Institute_of_Business_Management_&_Research.png
People's Institute of Management & Research ,Madhya pradesh,Management,"30,000","70,000",--,--,--,--,--,--,--,/images/People's_Institute_of_Management_&_Research.png
Shri Vaishnav Institute of Management ,Madhya pradesh,Management,"42,120","73,620",8.1,8.6,7.1,8.7,8,7.5,8.6,/images/Shri_Vaishnav_Institute_of_Management.png
CH Institute of Management & Commerce ,Madhya pradesh,Management,"12,000","58,000",7.2,8,7,7,8.3,6.3,6.7,/images/CH_Institute_of_Management_&_Commerce.png
Vidyasagar Institute of Management ,Madhya pradesh,Management,"43,100",--,--,--,--,--,--,--,--,/images/Vidyasagar_Institute_of_Management.png
"SAGE University, Indore ",Madhya pradesh,Management,"70,000","70,000",8.7,8.7,7.9,8.8,9.2,8.5,9,"/images/SAGE_University,_Indore.png"
"Amity University, Gwalior ",Madhya pradesh,Management,"80,000","64,000",8.6,8.8,8.5,8.4,9.3,8,8.3,"/images/Amity_University,_Gwalior.png"
"Jagran LakeCity Business School, Bhopal ",Madhya pradesh,Management,"1,35,000","1,75,000",8.1,7.9,9,--,8.3,7.3,--,"/images/Jagran_LakeCity_Business_School,_Bhopal.png"
"VIT Bhopal University, Bhopal ",Madhya pradesh,Management,"70,000","43,000",7.9,8.6,7.7,8.4,7.1,8.1,7.4,"/images/VIT_Bhopal_University,_Bhopal.png"
"RKDF University, Bhopal ",Madhya pradesh,Management,"90,000","18,000",7.6,8,7,7.8,8,6.5,8.2,"/images/RKDF_University,_Bhopal.png"
Awadhesh Pratap Singh University ,Madhya pradesh,Management,"24,000","30,000",7.1,7.9,6.5,8.1,7.2,5.3,7.3,/images/Awadhesh_Pratap_Singh_University.png
Rabindranath Tagore University ,Madhya pradesh,Management,"50,000","90,000",7.7,8,7.4,7.8,8.6,6.4,7.8,/images/Rabindranath_Tagore_University.png
Oriental University ,Madhya pradesh,Management,"50,000","2,41,775",7.2,7.5,6.7,7.2,7.7,7.1,7.1,/images/Oriental_University.png
AKS University ,Madhya pradesh,Management,"54,000","60,000",7.3,7.8,5.9,8.2,7.6,6.9,7.4,/images/AKS_University.png
"ITM University, Gwalior ",Madhya pradesh,Management,"1,50,000","70,000",7.6,7.9,7,7.6,8.1,7.2,8,"/images/ITM_University,_Gwalior.png"
Jagran Lakecity University ,Madhya pradesh,Management,"1,35,000","1,75,000",8,8,7.9,7.8,8.6,7.4,8.1,/images/Jagran_Lakecity_University.png
Narsee Monjee Institute of Management Studies -[NMIMS ,Madhya pradesh,Management,"2,52,000","7,27,000",8.7,8.4,8.9,9.7,9.2,6.2,9.6,/images/Narsee_Monjee_Institute_of_Management_Studies_-[NMIMS.png
"Swami Vivekanand University, Sagar ",Madhya pradesh,Management,"27,600","42,600",6.3,6.9,5,7,6.4,5.6,6.6,"/images/Swami_Vivekanand_University,_Sagar.png"
Institute of Professional Education and Research ,Madhya pradesh,Management,"62,450","1,03,000",8.5,9,7.5,9,8.2,8,9.2,/images/Institute_of_Professional_Education_and_Research.png
"Institute of Management Studies, Devi Ahilya Vishwavidyalaya ",Madhya pradesh,Management,"63,600","59,211",7.7,8.1,6.9,8.1,7.1,7.7,8.1,"/images/Institute_of_Management_Studies,_Devi_Ahilya_Vishwavidyalaya.png"
LNCT University ,Madhya pradesh,Management,"85,000","45,000",9,9,8.8,9.3,8.8,8.9,8.9,/images/LNCT_University.png
Indian Institute of Management ,Kerala,Management,"22,50,000","45,000",8.9,8.9,8.9,9.1,9.1,9.1,8.3,/images/Indian_Institute_of_Management.png
Rajagiri Centre for Business Studies ,Kerala,Management,"7,00,000",--,7.7,7.3,7.5,7.9,7.5,8.1,7.7,/images/Rajagiri_Centre_for_Business_Studies.png
"SCMS Cochin School of Business, Cochin ",Kerala,Management,"3,75,000",--,7.5,8,8.1,7.4,8.3,7.2,6.1,"/images/SCMS_Cochin_School_of_Business,_Cochin.png"
National Institute of Technology Calicut,Kerala,Management,"27,405","82,405",8.1,8.4,7.9,7.7,8,8.1,8.2,/images/National_Institute_of_Technology_Calicut.png
Xavier Institute of Management and Entrepreneurship ,Kerala,Management,"4,00,000",--,9.1,9.2,8.7,9.3,9.2,9,9.1,/images/Xavier_Institute_of_Management_and_Entrepreneurship.png
Saintgits Institute of Management ,Kerala,Management,"2,27,000",--,8.7,8.7,8,9,8.7,8.8,8.7,/images/Saintgits_Institute_of_Management.png
Nehru College of Engineering and Research Centre ,Kerala,Management,"40,000",--,6.7,7,6.3,6.7,7.8,5.3,6.8,/images/Nehru_College_of_Engineering_and_Research_Centre.png
SCMS School of Technology and Management ,Kerala,Management,"3,60,000",--,7.8,7.9,7.7,8.4,7.5,8.3,7.2,/images/SCMS_School_of_Technology_and_Management.png
"Lead College of Management, Palakkad ",Kerala,Management,"7,00,000",--,7.6,7.3,7.6,7.8,7.4,7.9,7.8,"/images/Lead_College_of_Management,_Palakkad.png"
Farook Institute of Management Studies ,Kerala,Management,"1,70,000",--,8.9,9,9,9,9.1,8.1,8.9,/images/Farook_Institute_of_Management_Studies.png
Berchmans Institute of Management Studies ,Kerala,Management,"2,85,000",--,7.6,7.3,7,8,8.8,6.8,7.5,/images/Berchmans_Institute_of_Management_Studies.png
Holy Grace Academy of Management Studies ,Kerala,Management,"1,28,000",--,8.5,8.7,8.3,8.3,8.5,8.2,9,/images/Holy_Grace_Academy_of_Management_Studies.png
"MES College Marampally, Aluva ",Kerala,Management,--,--,8.8,8.9,8.4,9.1,9.3,8,9,"/images/MES_College_Marampally,_Aluva.png"
"Jain University, Kochi ",Kerala,Management,--,--,8.7,8.6,8.1,9.1,8.7,8.8,8.9,"/images/Jain_University,_Kochi.png"
Rajagiri Business School ,Kerala,Management,"12,30,500","3,25,000",8.2,8.4,7.4,8.1,8.9,7.5,9,/images/Rajagiri_Business_School.png
"Albertian Institute of Management- [AIM], Cochin ",Kerala,Management,"1,90,376",--,8,8,6.5,8.8,8.8,7.8,8.2,"/images/Albertian_Institute_of_Management-_[AIM],_Cochin.png"
Yuvakshetra Institute of Management Studies ,Kerala,Management,"96,000",--,6.9,7.7,5.8,6.8,8,6.5,6.7,/images/Yuvakshetra_Institute_of_Management_Studies.png
"IIKM Business School, Calicut ",Kerala,Management,"90,000","3,85,000",8.2,7.7,8,8,8.7,8.7,8,"/images/IIKM_Business_School,_Calicut.png"
"Naipunnya School of Management, Cherthala ",Kerala,Management,"18,000",--,7.5,7.4,6.8,8.1,7.8,7.6,7.3,"/images/Naipunnya_School_of_Management,_Cherthala.png"
State Institute of Hospitality Management ,Kerala,Management,"30,000","30,000",7.8,8.5,6.8,8,7.3,8.8,7.3,/images/State_Institute_of_Hospitality_Management.png
Kochi Business School ,Kerala,Management,"3,20,000","2,50,000",7.7,7.7,7.3,7.8,7.5,7.9,7.9,/images/Kochi_Business_School.png
Amrita School of Business ,Kerala,Management,"6,60,000",--,9.4,9.7,9,--,--,--,--,/images/Amrita_School_of_Business.png
Mar Athanasios College for Advanced Studies Tiruvalla ,Kerala,Management,"96,600",--,8.7,9.3,9.3,8.6,8.8,8,8.4,/images/Mar_Athanasios_College_for_Advanced_Studies_Tiruvalla.png
Amity Global Business School ,Kerala,Management,"1,61,000","2,99,000",8.6,9,7.5,8.8,8.6,8.6,9.2,/images/Amity_Global_Business_School.png
Bhavan's Royal Institute of Management ,Kerala,Management,"1,63,000",--,7.7,8,7.5,7.4,6.7,7.9,8.4,/images/Bhavan's_Royal_Institute_of_Management.png
"Don Bosco College Sulthan Bathery, Wayanad ",Kerala,Management,"38,600","45,000",7.9,8.3,6.8,8.5,8.3,6.8,8.5,"/images/Don_Bosco_College_Sulthan_Bathery,_Wayanad.png"
Girideepam Institute of Advanced Learning ,Kerala,Management,"89,000",--,7.2,8.4,5.4,8.6,7,6.6,7.3,/images/Girideepam_Institute_of_Advanced_Learning.png
Indian School of Business Management and Administration ,Kerala,Management,"14,900","95,900",9.2,9.7,9.7,9.3,9.3,9,8.3,/images/Indian_School_of_Business_Management_and_Administration.png
Indian Institute of Management ,Rajasthan,Management,"18,50,000","13,00,000",9,8.9,8.9,9.1,9,8.9,9,/images/Indian_Institute_of_Management.png
"Jaipuria Institute of Management, Jaipur ",Rajasthan,Management,"4,40,000",--,7.8,8.1,6.7,8,7.7,8.1,8,"/images/Jaipuria_Institute_of_Management,_Jaipur.png"
Birla Institute of Technology and Science ,Rajasthan,Management,"4,23,975","86,825",8.9,8.8,8.2,8.8,9,9,9.3,/images/Birla_Institute_of_Technology_and_Science.png
Institute of Rural Management ,Rajasthan,Management,"3,70,000",--,5.3,6,3.8,5.5,3.8,6.3,6.3,/images/Institute_of_Rural_Management.png
International School of Informatics and Management ,Rajasthan,Management,"32,000",--,7.8,8.3,7,8.2,7.1,7.9,8.1,/images/International_School_of_Informatics_and_Management.png
Institute of Agri Business Management ,Rajasthan,Management,"1,71,960",--,7.8,8.3,7.8,8.3,8.3,6.8,7.5,/images/Institute_of_Agri_Business_Management.png
"Jagannath University, Jaipur ",Rajasthan,Management,"75,000","1,55,000",7.3,7.1,6.7,7.9,7.7,6.9,7.4,"/images/Jagannath_University,_Jaipur.png"
"Jaipur National University, School of Business & ",Rajasthan,Management,"68,700","2,50,000",8.1,8.4,8,9,7.4,7.6,8.3,"/images/Jaipur_National_University,_School_of_Business_&.png"
"Poddar Management and Technical Campus, Jaipur ",Rajasthan,Management,"2,00,000",--,8.5,--,--,--,--,--,--,"/images/Poddar_Management_and_Technical_Campus,_Jaipur.png"
JECRC University ,Rajasthan,Management,"1,20,000","1,25,000",8.1,8.1,7.4,8.2,8.2,8.1,8.7,/images/JECRC_University.png
Jagan Institute of Management Studies ,Rajasthan,Management,"5,95,000",--,8.4,7.9,8.2,8.6,8.5,8.5,8.6,/images/Jagan_Institute_of_Management_Studies.png
"Amity University, Jaipur ",Rajasthan,Management,"3,34,000","22,40,000",8,7.8,7.6,7.8,8.9,7.4,8.7,"/images/Amity_University,_Jaipur.png"
University of Rajasthan ,Rajasthan,Management,"5,440","23,300",7.6,8.1,7.1,8.1,7.9,6.5,7.8,/images/University_of_Rajasthan.png
Taxila Business School ,Rajasthan,Management,"4,55,000","1,60,000",8.3,8.6,7.6,9,7.8,8.6,8.1,/images/Taxila_Business_School.png
"Singhania University, Jhunjhunu ",Rajasthan,Management,"42,000","22,000",7.1,7.1,6.7,7.1,7.1,7,7.3,"/images/Singhania_University,_Jhunjhunu.png"
Jaipur National University ,Rajasthan,Management,"1,80,500","1,32,000",7.5,7.9,7,7.7,7.8,6.7,7.6,/images/Jaipur_National_University.png
Manipal University ,Rajasthan,Management,"4,07,000","1,53,000",8.4,8.2,8.3,8.2,9.2,7.7,9,/images/Manipal_University.png
SunRise University ,Rajasthan,Management,"24,200","62,200",8.1,8.1,7.3,8.7,8.1,7.9,8.4,/images/SunRise_University.png
"OPJS University, Churu ",Rajasthan,Management,"93,800","36,200",7.2,7.1,7.6,7.6,7.7,6.3,6.8,"/images/OPJS_University,_Churu.png"
"Banasthali Vidyapith, Jaipur ",Rajasthan,Management,"1,63,500","1,61,500",8.5,8.8,8.2,8.9,8.6,7.9,8.8,"/images/Banasthali_Vidyapith,_Jaipur.png"
Suresh Gyan Vihar University ,Rajasthan,Management,"80,000","2,00,000",7.5,7.8,6.7,7.5,8.8,6.3,8,/images/Suresh_Gyan_Vihar_University.png
IIS (Deemed to be University) ,Rajasthan,Management,"4,77,300","99,300",8.3,8.6,8.5,8.6,8,7.9,8.4,/images/IIS_(Deemed_to_be_University).png
Madhav University ,Rajasthan,Management,"60,000","60,000",7.8,7.9,7.5,8.2,7.9,7.3,7.8,/images/Madhav_University.png
"Tantia University, Sriganganagar ",Rajasthan,Management,"40,000","75,000",8.6,8.8,8.4,9.3,8.8,7.1,9.1,"/images/Tantia_University,_Sriganganagar.png"
"Pacific University, Udaipur ",Rajasthan,Management,"42,500","50,000",7.7,7.8,7.3,8.1,7.8,7.2,8,"/images/Pacific_University,_Udaipur.png"
Management Development Institute ,Haryana,Management,"23,58,000","3,19,668",9,8.8,8.9,9,9.1,9.2,8.8,/images/Management_Development_Institute.png
Indian Institute of Management ,Haryana,Management,"5,05,000","1,30,000",8.5,8.7,8.6,8.4,8.4,8.6,8.2,/images/Indian_Institute_of_Management.png
"University Business School, Panjab University ",Haryana,Management,"25,660",--,8.3,8.1,8.4,8.4,7.9,8.1,8.7,"/images/University_Business_School,_Panjab_University.png"
"University School of Business, Chandigarh University ",Haryana,Management,"1,05,000","1,95,000",9.1,9.1,8.8,9.1,9.2,9.3,8.9,"/images/University_School_of_Business,_Chandigarh_University.png"
"IILM Institute for Business & Management [IILM-IBM], ",Haryana,Management,"1,15,000","1,15,000",6.5,6.4,5.7,6.3,6.3,7.3,6.8,"/images/IILM_Institute_for_Business_&_Management_[IILM-IBM],.png"
"O.P. Jindal Global University, Jindal Global Business ",Haryana,Management,"4,50,000","5,50,000",9.3,9.1,9.3,9.1,9.3,9.1,9.8,"/images/O.P._Jindal_Global_University,_Jindal_Global_Business.png"
"Faculty of Management Studies, Manav Rachna International ",Haryana,Management,"2,98,500","1,65,000",8.7,--,--,9,--,8,9,"/images/Faculty_of_Management_Studies,_Manav_Rachna_International.png"
JK Business School ,Haryana,Management,"93,000","3,58,900",8.2,8.2,8.3,8.2,8.4,7.6,8.4,/images/JK_Business_School.png
Manav Rachna International Institute of Research and ,Haryana,Management,"2,98,500","1,61,000",7.5,7.4,7.3,7.5,8.3,6.6,7.6,/images/Manav_Rachna_International_Institute_of_Research_and.png
"IBMR Business School, Gurgaon ",Haryana,Management,"2,97,000","5,75,000",8,8.3,7.8,8.2,7.8,8,7.8,"/images/IBMR_Business_School,_Gurgaon.png"
Tilak Raj Chadha Institute of Management & ,Haryana,Management,"40,540","76,900",8.1,8.3,7.2,8.8,7.2,8.5,8.8,/images/Tilak_Raj_Chadha_Institute_of_Management_&.png
Amity Business School ,Haryana,Management,"30,000",--,7.5,7.4,7.4,7.7,8,6.9,7.3,/images/Amity_Business_School.png
"SRM University Delhi NCR, Sonepat ",Haryana,Management,"1,72,500","2,86,000",7.8,8,7.5,7.9,8.1,7.6,7.9,"/images/SRM_University_Delhi_NCR,_Sonepat.png"
"Gurugram University, Gurgaon ",Haryana,Management,"40,000","40,000",8.2,8.6,7.4,8.4,8.6,8,8.1,"/images/Gurugram_University,_Gurgaon.png"
"Great Learning, Gurgaon ",Haryana,Management,"2,25,000","3,00,000",7.7,7.5,6,8.6,8,8.4,7.8,"/images/Great_Learning,_Gurgaon.png"
"PDM University, Bahadurgarh, Bahadurgarh ",Haryana,Management,"81,700","1,35,000",7.4,7.1,7.6,7.4,7.5,7.1,7.7,"/images/PDM_University,_Bahadurgarh,_Bahadurgarh.png"
BML Munjal University ,Haryana,Management,"5,25,000","2,72,000",8.1,8,8,7.9,8.5,7.8,8.3,/images/BML_Munjal_University.png
"Amity University, Gurgaon ",Haryana,Management,"4,32,000","2,48,000",7.7,7.8,7.1,7.6,8.6,7.1,8.1,"/images/Amity_University,_Gurgaon.png"
O. P. Jindal Global University ,Haryana,Management,"5,50,000","1,20,000",8.3,8.4,8.2,8.3,8.8,7.5,8.7,/images/O._P._Jindal_Global_University.png
"IILM University, Gurgaon ",Haryana,Management,"7,50,000","3,30,000",8.4,8.2,7.4,8.5,8.6,8.6,8.8,"/images/IILM_University,_Gurgaon.png"
ICFAI Business School ,Haryana,Management,"4,00,500",--,7.6,8.2,6.5,8.1,7.2,7.8,8,/images/ICFAI_Business_School.png
"Starex University, Gurgaon ",Haryana,Management,"1,00,000","65,000",8.8,9.1,9.1,8.7,8.6,8.5,8.7,"/images/Starex_University,_Gurgaon.png"
Great Lakes Institute of Management ,Haryana,Management,"14,01,000","14,01,000",8.5,8.7,8.2,8.5,8.8,8.6,8.4,/images/Great_Lakes_Institute_of_Management.png
Modern Vidya Niketan ,Haryana,Management,"90,000","95,000",7,7.2,6.4,7.7,7,6.8,6.8,/images/Modern_Vidya_Niketan.png
National Institute of Financial Management ,Haryana,Management,"15,00,000",--,8.8,9.3,9,8.7,8.1,8.1,9.4,/images/National_Institute_of_Financial_Management.png
Manav Rachna University ,Haryana,Management,"1,64,500","1,30,000",7.8,7.6,7.5,7.7,8.8,7.3,7.9,/images/Manav_Rachna_University.png
"Sushant University / Ansal University, Gurgaon ",Haryana,Management,"1,45,000","3,98,000",7.8,8,8,7.9,8.4,7,7.5,"/images/Sushant_University_/_Ansal_University,_Gurgaon.png"
"NIILM University, Kaithal ",Haryana,Management,"2,40,000","40,000",8.1,8.6,7.9,8.5,7.9,7.8,8.1,"/images/NIILM_University,_Kaithal.png"
Indian Institute of Management ,Gujarat,Management,"28,00,000","10,00,000",9,8.9,8.9,9.1,9,9.2,8.6,/images/Indian_Institute_of_Management.png
"Institute of Management, Nirma university, Ahmedabad ",Gujarat,Management,"5,02,000","58,500",8.6,8.3,8.5,8.8,9,8.3,8.7,"/images/Institute_of_Management,_Nirma_university,_Ahmedabad.png"
Institute of Rural Management ,Gujarat,Management,"8,60,000","5,83,400",8.9,8.9,8.8,9,9,8.9,8.9,/images/Institute_of_Rural_Management.png
ITM Vocational University ,Gujarat,Management,"62,000","57,000",7.8,8.7,7.4,8,7.5,7.1,7.9,/images/ITM_Vocational_University.png
Maharaja Sayajirao University of Baroda ,Gujarat,Management,"23,100","21,660",7.9,8.3,7,8.4,8,7.2,8.4,/images/Maharaja_Sayajirao_University_of_Baroda.png
S. V. Institute of Management ,Gujarat,Management,"97,000",--,7.8,8.2,7.3,8.6,7.6,7.2,8.1,/images/S._V._Institute_of_Management.png
Sardar Patel University ,Gujarat,Management,"68,140","12,500",7.8,8.6,7,8.5,7.7,7.3,7.8,/images/Sardar_Patel_University.png
Nirma University ,Gujarat,Management,"5,02,000","97,200",8.4,8.6,8,8.4,9.1,8.1,8.2,/images/Nirma_University.png
Pandit Deendayal Petroleum University [PDPU] / (Energy ,Gujarat,Management,"2,49,000","4,19,000",8.6,8.3,8.3,8.1,9.4,8.1,9.4,/images/Pandit_Deendayal_Petroleum_University_[PDPU]_/_(Energy.png
"CEPT University, Ahmedabad ",Gujarat,Management,"3,78,000",--,8.2,8.6,7.7,8.4,8.3,8.1,8,"/images/CEPT_University,_Ahmedabad.png"
Ganpat University ,Gujarat,Management,"95,000","60,000",8.1,8.2,7.2,8.1,8.5,7.8,8.6,/images/Ganpat_University.png
"Indus University, Ahmedabad ",Gujarat,Management,"85,000","65,500",7.5,7.9,7,7.7,7.8,6.8,7.9,"/images/Indus_University,_Ahmedabad.png"
Marwadi University ,Gujarat,Management,"67,000","1,20,000",8.3,8.2,8.3,8.2,9.1,7.7,8.2,/images/Marwadi_University.png
MICA ,Gujarat,Management,"21,00,000","70,000",9,8.8,9,9,9.1,8.8,9.1,/images/MICA.png
Navrachana University ,Gujarat,Management,"1,14,000","1,10,000",7.7,7.7,7.4,8.2,8,7.2,7.8,/images/Navrachana_University.png
"GLS University, Ahmedabad ",Gujarat,Management,"1,22,000","50,000",7.9,8,6.9,8.5,8.1,7.6,8.5,"/images/GLS_University,_Ahmedabad.png"
Karnavati University ,Gujarat,Management,"1,80,000","1,44,000",8.9,8.6,8.2,9.3,9.4,8.6,9.3,/images/Karnavati_University.png
Children's University ,Gujarat,Management,"1,500",--,8.1,8.3,7.7,8.8,7.7,7.4,8.5,/images/Children's_University.png
Indian School of Business Management and Administration ,Gujarat,Management,"14,900","69,900",8,8.8,7.6,8.1,8,7.9,7.8,/images/Indian_School_of_Business_Management_and_Administration.png
"Uka Tarsadia University, Bardoli ",Gujarat,Management,"81,000","67,000",8.1,7.8,7.9,8.2,9.4,6.9,8.3,"/images/Uka_Tarsadia_University,_Bardoli.png"
"GSFC University, Vadodara ",Gujarat,Management,"86,000",--,8.1,8.8,6.4,8.7,8.5,7.9,8.4,"/images/GSFC_University,_Vadodara.png"
"Auro University, Surat ",Gujarat,Management,"2,90,000","2,70,000",8.3,8.2,8.5,8.6,8.7,7.2,8.6,"/images/Auro_University,_Surat.png"
RK University ,Gujarat,Management,"89,500","61,000",8.5,9,7.9,8.6,9,7.8,8.5,/images/RK_University.png
"Sumandeep Vidyapeeth, Vadodara ",Gujarat,Management,"70,200","80,000",7.8,8,7,8.2,8,7.5,8,"/images/Sumandeep_Vidyapeeth,_Vadodara.png"
"Atmiya University, Rajkot ",Gujarat,Management,"92,650","21,300",8.1,8.8,7.5,8.6,8.4,7.4,7.9,"/images/Atmiya_University,_Rajkot.png"
"Ahmedabad Management Association, Ahmedabad ",Gujarat,Management,"40,000","40,000",8.6,9.2,8.3,8.8,8.6,8.1,8.3,"/images/Ahmedabad_Management_Association,_Ahmedabad.png"
"B K School of Business Management, Ahmedabad ",Gujarat,Management,"15,000","10,000",7.9,8.3,6.8,8.2,7.4,8.3,8.1,"/images/B_K_School_of_Business_Management,_Ahmedabad.png"
"C. U. Shah University, Wadhwan ",Gujarat,Management,"22,100","58,500",7.7,7.6,7,8.2,7.8,7.4,7.9,"/images/C._U._Shah_University,_Wadhwan.png"
"P.P. Savani University, Surat ",Gujarat,Management,"78,500","1,98,500",9.3,9.4,8.9,9.5,9.6,8.7,9.4,"/images/P.P._Savani_University,_Surat.png"
"University Business School, Panjab University ",Punjab,Management,"25,660",--,8.3,8.1,8.4,8.4,7.9,8.1,8.7,"/images/University_Business_School,_Panjab_University.png"
"University School of Business, Chandigarh University ",Punjab,Management,"1,05,000","1,95,000",9.1,9.1,8.8,9.1,9.2,9.3,8.9,"/images/University_School_of_Business,_Chandigarh_University.png"
"Chitkara University, Chitkara Business School ",Punjab,Management,"2,12,000","2,83,000",8.5,8.9,7.4,8.5,9.1,8.5,8.6,"/images/Chitkara_University,_Chitkara_Business_School.png"
"PCTE Group of Institutes, Ludhiana ",Punjab,Management,"55,550","97,350",7.7,8,7.2,8,8,6.8,8.3,"/images/PCTE_Group_of_Institutes,_Ludhiana.png"
Chandigarh Business School of Administration ,Punjab,Management,"49,900","92,000",8,8,7.4,8.1,8,8.4,8.3,/images/Chandigarh_Business_School_of_Administration.png
Baba Farid College of Management and Technology ,Punjab,Management,"1,08,700",--,8.3,8.4,8.3,8.4,8.3,7.9,8.4,/images/Baba_Farid_College_of_Management_and_Technology.png
Chitkara University ,Punjab,Management,"5,66,000","3,50,000",8.5,8.4,7.7,8.5,8.9,8.7,8.7,/images/Chitkara_University.png
Indian Institute of Management ,Punjab,Management,"6,00,000","9,50,000",9,8.8,9.1,9.1,8.9,9.1,8.7,/images/Indian_Institute_of_Management.png
"RIMT University, Gobindgarh ",Punjab,Management,"1,50,000","57,000",7.6,7.9,7.3,7.8,8,6.7,7.8,"/images/RIMT_University,_Gobindgarh.png"
"Guru Kashi University, Bathinda ",Punjab,Management,"62,580","24,580",7.5,7.4,7.2,8,7.2,7.2,7.8,"/images/Guru_Kashi_University,_Bathinda.png"
"Rayat Bahra University, Mohali ",Punjab,Management,"50,000","1,10,000",7.7,7.8,7.4,8,7.7,7.4,7.6,"/images/Rayat_Bahra_University,_Mohali.png"
"DAV University, Jalandhar ",Punjab,Management,"87,500","1,45,000",7.9,8.4,7,8.4,7,8,8.5,"/images/DAV_University,_Jalandhar.png"
"GNA University, Phagwara ",Punjab,Management,"54,000","1,67,400",7.7,8,7.6,7.9,7.8,7.2,7.7,"/images/GNA_University,_Phagwara.png"
Indian School of Business ,Punjab,Management,"10,20,000","47,60,000",8.9,9,8.9,9,8.9,8.6,8.7,/images/Indian_School_of_Business.png
"Adesh University, Bathinda ",Punjab,Management,"90,000","1,37,500",8.6,8.8,8.8,8.5,9,8.3,8.3,"/images/Adesh_University,_Bathinda.png"
Sant Baba Bhag Singh University ,Punjab,Management,"82,500","44,000",8.5,9,8.2,8.6,8,8.5,8.6,/images/Sant_Baba_Bhag_Singh_University.png
Sri Guru Granth Sahib World University ,Punjab,Management,"1,04,000","42,000",8.8,8.6,9,9,9.1,8.4,8.7,/images/Sri_Guru_Granth_Sahib_World_University.png
"Sri Aurobindo College of Commerce and Management, ",Punjab,Management,"77,000",--,7.1,8.9,6.8,8.8,6.9,3.7,7.3,"/images/Sri_Aurobindo_College_of_Commerce_and_Management,.png"
LM Thapar School of Management ,Punjab,Management,"4,15,860","4,80,000",7.9,7.7,8.1,8,7.9,7.7,7.8,/images/LM_Thapar_School_of_Management.png
Global Institute of Management ,Punjab,Management,"46,850","80,750",--,--,--,--,--,--,--,/images/Global_Institute_of_Management.png
Malout Institute of Management and Information Technology ,Punjab,Management,"44,950","90,549",7.7,8,7.8,7.4,8.3,6.4,8,/images/Malout_Institute_of_Management_and_Information_Technology.png
Punjab College of Technical Education ,Punjab,Management,"51,250","96,650",8,7.7,8.1,7.9,8.3,7.1,8.8,/images/Punjab_College_of_Technical_Education.png
Global Institute of Management and Emerging Technologies ,Punjab,Management,--,--,7.4,7.6,7,7.7,8.4,6.3,7.3,/images/Global_Institute_of_Management_and_Emerging_Technologies.png
"UEI Global, Ludhiana ",Punjab,Management,"1,10,000","35,000",8.4,8.2,8.2,8.3,8.3,9,8.5,"/images/UEI_Global,_Ludhiana.png"
Rayat Institute of Management ,Punjab,Management,"46,850","80,750",9.3,--,--,--,--,--,--,/images/Rayat_Institute_of_Management.png
Synetic Business School ,Punjab,Management,"46,250","90,000",7.4,6.3,--,--,7.7,8.3,--,/images/Synetic_Business_School.png
Cordia Institutes of Hospitality and Tourism Management ,Punjab,Management,"62,850",--,--,--,--,--,--,--,--,/images/Cordia_Institutes_of_Hospitality_and_Tourism_Management.png
Cordia Business School ,Punjab,Management,"35,000","85,000",--,--,--,--,--,--,--,/images/Cordia_Business_School.png
Indian Institute of Management ,West bengal,Management,"27,00,000","2,68,000",8.9,8.9,8.8,9,8.8,9.1,8.5,/images/Indian_Institute_of_Management.png
Vinod Gupta School of Management ,West bengal,Management,"6,00,000","10,000",8.9,9,8.7,8.8,9.1,8.7,9.1,/images/Vinod_Gupta_School_of_Management.png
"International Management Institute- [IMI], Kolkata ",West bengal,Management,"6,27,950","1,02,000",8.6,8.8,8.4,8.7,8.9,8.6,8.3,"/images/International_Management_Institute-_[IMI],_Kolkata.png"
Indian Institute of Social Welfare and Business ,West bengal,Management,"2,55,000","35,000",7.7,8.6,6.5,8.3,6.9,8,8,/images/Indian_Institute_of_Social_Welfare_and_Business.png
Calcutta Business School ,West bengal,Management,"3,50,000",--,8.5,8.4,8.6,8.4,8.4,8.8,8.5,/images/Calcutta_Business_School.png
Eastern Institute for Integrated Learning In Management ,West bengal,Management,"2,70,000","6,50,000",7.5,7.6,6.6,7.5,7.4,8.1,7.6,/images/Eastern_Institute_for_Integrated_Learning_In_Management.png
ICFAI Business School ,West bengal,Management,"4,00,500",--,8.8,9.2,8.2,9.2,8.5,8.9,8.9,/images/ICFAI_Business_School.png
Institute of Engineering and Management ,West bengal,Management,"3,20,000","1,15,000",7.5,8.2,6.5,8,6.7,8.4,7.2,/images/Institute_of_Engineering_and_Management.png
Bhartiya Vidya Bhavan Institute of Management Science ,West bengal,Management,"1,06,000","5,51,000",8,8.5,6.8,8.8,8.2,7.4,8.3,/images/Bhartiya_Vidya_Bhavan_Institute_of_Management_Science.png
Institute of Management Study ,West bengal,Management,"55,000","2,60,000",7.3,7.8,6.4,7.7,7.6,7.3,6.8,/images/Institute_of_Management_Study.png
"Amity University, Kolkata ",West bengal,Management,"80,000","1,90,000",8.2,8.1,7.7,8.4,8.8,7.4,8.5,"/images/Amity_University,_Kolkata.png"
"Techno India University, Kolkata ",West bengal,Management,--,--,8,8.2,7.4,8.2,8.1,7.8,8.4,"/images/Techno_India_University,_Kolkata.png"
"Adamas University, Kolkata ",West bengal,Management,"82,000","2,51,400",8.2,8.3,7.5,8.5,9,7.8,7.8,"/images/Adamas_University,_Kolkata.png"
"Brainware University, Kolkata ",West bengal,Management,"3,37,200","1,00,000",7.9,8.3,7.6,7.9,8.2,7.8,7.3,"/images/Brainware_University,_Kolkata.png"
Sister Nivedita University ,West bengal,Management,"1,19,000","3,51,000",8.2,8.2,7.6,8.9,7.9,7.8,8.7,/images/Sister_Nivedita_University.png
St. Xavier's University ,West bengal,Management,"5,55,000","1,32,000",8.4,8.7,8,8.3,8.9,7.8,8.4,/images/St._Xavier's_University.png
Management Development Institute ,West bengal,Management,"4,41,000",--,8.4,8.3,8.7,8.4,8.2,7.9,8.6,/images/Management_Development_Institute.png
"Praxis Business School, Kolkata ",West bengal,Management,"3,89,000",--,8.6,9.3,8,9,8.3,8.7,8,"/images/Praxis_Business_School,_Kolkata.png"
The Neotia University ,West bengal,Management,"98,000","1,06,000",8.2,8.7,7.5,8.5,8.2,7.8,8.6,/images/The_Neotia_University.png
"Goenka College of Commerce and Business Administration, ",West bengal,Management,--,--,7.8,8.9,6.1,8.6,7.5,7.5,8.1,"/images/Goenka_College_of_Commerce_and_Business_Administration,.png"
Indian Institute of Foreign Trade ,West bengal,Management,"4,00,000","75,000",9,9.2,8.7,9.2,8.9,9.2,8.9,/images/Indian_Institute_of_Foreign_Trade.png
Globsyn Business School ,West bengal,Management,"7,95,000","14,000",8.1,8.4,7.7,8.1,8.1,8,8,/images/Globsyn_Business_School.png
Seacom Skills University ,West bengal,Management,"1,10,000","60,000",7.5,8.4,6.4,8.9,7.4,6.7,7.3,/images/Seacom_Skills_University.png
Army Institute of Management ,West bengal,Management,"4,26,144",--,8.9,8.7,9,8.8,8.5,9,9.1,/images/Army_Institute_of_Management.png
Bengal Institute of Business Studies ,West bengal,Management,"3,66,400",--,7.3,7.3,6.6,7.9,7.1,7.7,7.1,/images/Bengal_Institute_of_Business_Studies.png
Indian Maritime University ,West bengal,Management,"2,00,000",--,8.1,8.4,7.8,8.4,7.6,8.2,8.3,/images/Indian_Maritime_University.png
The Heritage Academy ,West bengal,Management,"1,26,850",--,8.3,8.8,7.9,8.6,8.8,6.7,8.7,/images/The_Heritage_Academy.png
National Institute of Management ,West bengal,Management,"1,14,000","82,000",8.5,8.4,7.4,8.8,8.7,8.7,8.9,/images/National_Institute_of_Management.png
"Inspiria Knowledge Campus, Siliguri ",West bengal,Management,"1,25,000",--,8.1,8.1,7.4,8.4,8.6,8,8.2,"/images/Inspiria_Knowledge_Campus,_Siliguri.png"
International School of Hospitality Management ,West bengal,Management,"2,42,000",--,8.8,8.6,8.6,9,8.7,8.9,9.2,/images/International_School_of_Hospitality_Management.png
KIIT School of Management ,Orissa,Management,"2,80,000","4,60,000",8.7,8.9,8.5,8.7,9.4,8.2,8.2,/images/KIIT_School_of_Management.png
Xavier University ,Orissa,Management,"8,60,000","1,67,000",8.2,8.7,7.8,8.4,9.2,6.8,8.4,/images/Xavier_University.png
International Management Institute ,Orissa,Management,"2,55,000","6,00,000",9.2,9.2,9,9.3,9.4,9,9.1,/images/International_Management_Institute.png
Institute of Management and Information Science ,Orissa,Management,"2,58,000",--,8.2,8.7,8.3,8.5,7.8,8,7.8,/images/Institute_of_Management_and_Information_Science.png
Gandhi Institute of Management Studies ,Orissa,Management,"1,46,000",--,6.4,7,5.5,6.6,7.9,5,6.5,/images/Gandhi_Institute_of_Management_Studies.png
GITA Autonomous College ,Orissa,Management,"75,000",--,8.7,9,8.3,8.9,8.8,8.3,8.6,/images/GITA_Autonomous_College.png
"Astha School of Management, Bhubaneswar ",Orissa,Management,"1,60,000",--,9,9.1,8.6,9.3,9.4,8.6,9.1,"/images/Astha_School_of_Management,_Bhubaneswar.png"
Xavier Institute of Management ,Orissa,Management,"10,80,000","15,50,000",8.2,8.3,7.9,8.5,8.3,7.9,8.4,/images/Xavier_Institute_of_Management.png
Kalinga Institute of Industrial Technology ,Orissa,Management,"3,59,000","2,25,000",8.6,8.4,8.1,8.2,9.2,8.6,9,/images/Kalinga_Institute_of_Industrial_Technology.png
Centurion University of Technology and Management ,Orissa,Management,"1,00,000","50,000",8.1,8.3,7.6,8.5,8.4,7.4,8.5,/images/Centurion_University_of_Technology_and_Management.png
KIIT School of Rural Management ,Orissa,Management,"7,59,000",--,9.1,9.5,8.9,9.2,9.2,9,8.6,/images/KIIT_School_of_Rural_Management.png
Sri Sri University ,Orissa,Management,"3,51,890","1,21,890",7.1,7.3,6.7,7,7.3,6.3,8.2,/images/Sri_Sri_University.png
"Khallikote University -[KUB], Berhampur ",Orissa,Management,"24,700",--,8.6,8.6,8.1,8.7,9,8.2,8.7,"/images/Khallikote_University_-[KUB],_Berhampur.png"
Indian Institute of Management ,Orissa,Management,"13,03,000","9,00,000",8.8,8.8,8.7,9,8.8,9.1,8.5,/images/Indian_Institute_of_Management.png
Birla Global University ,Orissa,Management,"1,60,000","1,20,000",8.3,8.8,8.1,7.8,8.8,8.1,8.4,/images/Birla_Global_University.png
Siksha 'O' Anusandhan University ,Orissa,Management,"3,00,000","1,00,000",8.3,8.6,7.6,8.3,8.7,8,8.5,/images/Siksha_'O'_Anusandhan_University.png
"Srusti Academy of Management, Bhubaneswar ",Orissa,Management,"48,450","1,36,950",8.1,8.3,7.7,8.6,8.2,7.3,8.3,"/images/Srusti_Academy_of_Management,_Bhubaneswar.png"
Rourkela Institute of Management Studies ,Orissa,Management,"47,500","1,12,000",9,9.2,8.8,9.7,9.5,8.3,8.6,/images/Rourkela_Institute_of_Management_Studies.png
Indian Institute of Tourism and Travel Management ,Orissa,Management,"1,08,850","1,88,600",8.7,9.8,7.3,9.7,9.3,8.5,7.3,/images/Indian_Institute_of_Tourism_and_Travel_Management.png
Amity Global Business School ,Orissa,Management,"1,18,000","2,30,000",8.7,9.3,8.3,9,8.6,8.4,8.8,/images/Amity_Global_Business_School.png
NIIS Institute of Information Science & Management ,Orissa,Management,"1,55,000","1,15,000",9,9.2,8.7,9.2,9.2,9,8.7,/images/NIIS_Institute_of_Information_Science_&_Management.png
"NIIS Institute of Business Administration, Bhubaneswar ",Orissa,Management,"1,10,000",--,7.4,7.8,7.5,7.8,7,7.8,6.3,"/images/NIIS_Institute_of_Business_Administration,_Bhubaneswar.png"
United School of Business Management ,Orissa,Management,"1,14,000",--,8.6,9,8,9,8.3,8.3,9,/images/United_School_of_Business_Management.png
Madhusudan Institute of Cooperative Management ,Orissa,Management,"51,000",--,5.5,7,6.5,8,4,3.5,4,/images/Madhusudan_Institute_of_Cooperative_Management.png
DAV School of Business Management ,Orissa,Management,"80,000",--,7.8,8.4,7.1,8.6,7.9,6.1,8.5,/images/DAV_School_of_Business_Management.png
Attitude Business School ,Orissa,Management,"3,00,000",--,--,--,--,--,--,--,--,/images/Attitude_Business_School.png
Institute of Professional Studies and Research ,Orissa,Management,"65,000","95,000",7.4,7.9,7.6,8.5,7.1,6,7.5,/images/Institute_of_Professional_Studies_and_Research.png
College of IT & Management Education ,Orissa,Management,"1,03,500",--,8.1,9.6,5.2,9.6,8.6,7.2,8.2,/images/College_of_IT_&_Management_Education.png
"Department of Management Studies, Indian Institute of ",Uttarakhand,Management,"4,09,680","14,680",8.9,8.9,8.7,8.9,9.3,9.1,8.4,"/images/Department_of_Management_Studies,_Indian_Institute_of.png"
Indian Institute of Management ,Uttarakhand,Management,"7,82,500","9,50,000",8.7,8.6,8.7,8.9,8.9,8.5,8.3,/images/Indian_Institute_of_Management.png
University of Petroleum and Energy Studies ,Uttarakhand,Management,"8,41,500","13,34,000",8.1,8.1,7.8,7.9,8.6,7.7,8.2,/images/University_of_Petroleum_and_Energy_Studies.png
IMS Unison University ,Uttarakhand,Management,"2,72,726","1,79,200",8.2,8.2,8,8.5,8.5,7.5,8.2,/images/IMS_Unison_University.png
Doon Business School ,Uttarakhand,Management,"2,53,000","1,81,500",7.6,8,7,8.1,7.4,7.4,7.7,/images/Doon_Business_School.png
Roorkee Institute of Technology ,Uttarakhand,Management,"1,22,000",--,8.5,8.5,8.5,8.6,8.7,8.4,8.5,/images/Roorkee_Institute_of_Technology.png
ICFAI Business School ,Uttarakhand,Management,"2,68,500",--,8.9,9,8.8,9.1,8.6,8.7,9,/images/ICFAI_Business_School.png
"Uttaranchal Institute of Management, Dehradun ",Uttarakhand,Management,"82,000","1,48,000",6.8,6.8,5.5,6.8,7.8,5.5,8.3,"/images/Uttaranchal_Institute_of_Management,_Dehradun.png"
"Doon University, Dehradun ",Uttarakhand,Management,"81,750","47,750",7.2,7.3,7,7.3,7.9,6.3,7.6,"/images/Doon_University,_Dehradun.png"
"Uttaranchal University, Dehradun ",Uttarakhand,Management,"1,79,200","1,55,000",7.5,7.8,6.8,7.7,8.6,6.5,7.5,"/images/Uttaranchal_University,_Dehradun.png"
Graphic Era University ,Uttarakhand,Management,"2,71,000","1,36,300",8.3,8.2,7.9,8.4,8.6,8.1,8.4,/images/Graphic_Era_University.png
Graphic Era Hill University ,Uttarakhand,Management,"2,67,000","1,42,800",8.1,7.9,7.8,8.1,8.4,7.7,8.4,/images/Graphic_Era_Hill_University.png
"ICFAI University, Dehradun ",Uttarakhand,Management,"2,61,000","2,40,000",7.8,8.2,7.5,8.2,7.4,7.3,7.9,"/images/ICFAI_University,_Dehradun.png"
"MotherHood University, Roorkee ",Uttarakhand,Management,"1,05,000",--,8,8.3,7.9,7.6,8,8,8.3,"/images/MotherHood_University,_Roorkee.png"
Himgiri Zee University ,Uttarakhand,Management,"1,20,000","70,000",7.9,8.5,5.5,9,8,7.7,8.8,/images/Himgiri_Zee_University.png
Swami Rama Himalayan University ,Uttarakhand,Management,"1,91,000","1,18,850",7,7.1,6.6,6.9,7.4,7.1,6.7,/images/Swami_Rama_Himalayan_University.png
Shri Guru Ram Rai University ,Uttarakhand,Management,"61,300","94,400",7.6,7.8,7.1,7.9,7.9,7.3,7.7,/images/Shri_Guru_Ram_Rai_University.png
UPES Centre for Continuing Education ,Uttarakhand,Management,"72,500","36,250",7.9,8.7,8,8,8,7.3,7.3,/images/UPES_Centre_for_Continuing_Education.png
Academy of Management Studies ,Uttarakhand,Management,"1,00,650","54,000",--,--,--,--,--,--,--,/images/Academy_of_Management_Studies.png
Institute of Clinical Research ,Uttarakhand,Management,"2,00,000",--,--,--,--,--,--,--,--,/images/Institute_of_Clinical_Research.png
College of Agribusiness Management ,Uttarakhand,Management,"5,39,328",--,7,7,6,7,8,8,6,/images/College_of_Agribusiness_Management.png
"Nimbus Academy of Management- [NAM], Dehradun ",Uttarakhand,Management,"50,000","1,00,000",8.4,8.4,7.8,8.8,8.4,8.2,8.7,"/images/Nimbus_Academy_of_Management-_[NAM],_Dehradun.png"
Quantum School of Business ,Uttarakhand,Management,"67,000","1,47,000",7.2,7.2,7.1,7.1,6.9,7.1,7.5,/images/Quantum_School_of_Business.png
Dev Bhoomi Institute of Management Studies ,Uttarakhand,Management,"79,200",--,9,9,--,--,9,9,--,/images/Dev_Bhoomi_Institute_of_Management_Studies.png
Greenway Institute of Management Studies ,Uttarakhand,Management,--,--,6.1,7,5.5,6.5,6.5,4,7,/images/Greenway_Institute_of_Management_Studies.png
"BRD College of Management and Sciences, Dehradun ",Uttarakhand,Management,"50,000",--,--,--,--,--,--,--,--,"/images/BRD_College_of_Management_and_Sciences,_Dehradun.png"
Selaqui Institute of Management ,Uttarakhand,Management,"1,43,000",--,--,--,--,--,--,--,--,/images/Selaqui_Institute_of_Management.png
Himalayan School of Management Studies ,Uttarakhand,Management,"1,49,400","1,86,000",8.7,--,--,--,--,--,--,/images/Himalayan_School_of_Management_Studies.png
"Sai Business and Media School, Dehradun ",Uttarakhand,Management,"72,600","92,600",--,--,--,--,--,--,--,"/images/Sai_Business_and_Media_School,_Dehradun.png"
"Loyola College, Chennai ",Tamil nadu,Science,"16,790","85,250",8.6,8.7,8.2,8.3,8.9,8.4,8.8,"/images/Loyola_College,_Chennai.png"
Madras Christian College ,Tamil nadu,Science,"24,500",--,8.6,8.5,7.9,8.6,8.7,8.4,9.2,/images/Madras_Christian_College.png
"Presidency College, Chennai ",Tamil nadu,Science,"1,270",930,8.2,8.8,7.3,8.9,8.1,7.6,8.6,"/images/Presidency_College,_Chennai.png"
"Stella Maris College, Chennai ",Tamil nadu,Science,"22,895","15,000",8.2,8.8,7.5,8.6,8.4,7.6,8.5,"/images/Stella_Maris_College,_Chennai.png"
"PSG College of Arts and Science, Coimbatore ",Tamil nadu,Science,"7,000","10,000",8.3,8.5,7.9,8.2,8.5,8.2,8.7,"/images/PSG_College_of_Arts_and_Science,_Coimbatore.png"
"PSGR Krishnammal College for Women, Coimbatore ",Tamil nadu,Science,"1,761","2,258",8.8,9.1,8.3,8.6,8.9,8.7,9,"/images/PSGR_Krishnammal_College_for_Women,_Coimbatore.png"
"Ethiraj College for Women, Chennai ",Tamil nadu,Science,"10,056",--,8.1,8.5,7.3,8.2,7.9,7.9,8.6,"/images/Ethiraj_College_for_Women,_Chennai.png"
"Scott Christian College, Nagercoil ",Tamil nadu,Science,--,--,8.4,8.3,8,8.7,8.8,7.9,8.4,"/images/Scott_Christian_College,_Nagercoil.png"
Women's Christian College ,Tamil nadu,Science,"40,914","65,264",8.7,9,7.9,8.8,9.1,8.5,8.9,/images/Women's_Christian_College.png
"Government Arts College (Autonomous), Coimbatore ",Tamil nadu,Science,"1,375",935,7.7,8.8,6.7,8.5,7.4,6.3,8.6,"/images/Government_Arts_College_(Autonomous),_Coimbatore.png"
"Thiagarajar College, Madurai ",Tamil nadu,Science,"40,170","26,555",7.5,7.9,7.1,8,7.1,7.2,7.9,"/images/Thiagarajar_College,_Madurai.png"
"St. Joseph's College, Tiruchirappalli ",Tamil nadu,Science,"8,930",--,8.6,9.1,7.9,8.7,9.1,8,8.8,"/images/St._Joseph's_College,_Tiruchirappalli.png"
"Queen Mary's College, Chennai ",Tamil nadu,Science,622,"1,532",7.6,7.9,6.9,8.3,6.8,7.6,8.2,"/images/Queen_Mary's_College,_Chennai.png"
Bishop Heber College ,Tamil nadu,Science,"33,600","91,140",8.3,8.5,7.8,8.2,8.9,8.1,8.4,/images/Bishop_Heber_College.png
Ayya Nadar Janaki Ammal College ,Tamil nadu,Science,"20,525","26,550",8,8.5,7.7,8.4,8.5,6.8,7.8,/images/Ayya_Nadar_Janaki_Ammal_College.png
"Kongunadu Arts and Science College, Coimbatore ",Tamil nadu,Science,"40,000","38,000",7.3,8,6.7,8.3,7.3,6.3,7,"/images/Kongunadu_Arts_and_Science_College,_Coimbatore.png"
"M.O.P. Vaishnav College for Women, Chennai ",Tamil nadu,Science,--,--,8.5,8.7,8.1,8.7,8.4,8.3,9,"/images/M.O.P._Vaishnav_College_for_Women,_Chennai.png"
"CMS College of Science and Commerce, Coimbatore ",Tamil nadu,Science,"42,000",--,8.2,8.3,7.4,8.1,8.5,8,8.7,"/images/CMS_College_of_Science_and_Commerce,_Coimbatore.png"
"Sri Krishna Arts and Science College, Coimbatore ",Tamil nadu,Science,"16,000",--,8.5,8.6,7.8,8.6,8.9,8.7,8.5,"/images/Sri_Krishna_Arts_and_Science_College,_Coimbatore.png"
Jamal Mohamed College ,Tamil nadu,Science,"26,000","34,000",8.5,8.8,8.1,8.5,8.6,8.4,8.6,/images/Jamal_Mohamed_College.png
Sri Ramakrishna Mission Vidyalaya College of Arts ,Tamil nadu,Science,"7,300","13,270",8.6,8.8,7.7,8.9,9,8.1,8.9,/images/Sri_Ramakrishna_Mission_Vidyalaya_College_of_Arts.png
"Sri Ramakrishna College of Arts and Science, ",Tamil nadu,Science,"52,000","52,000",8.2,8.2,7.3,8.7,7.7,8.2,8.8,"/images/Sri_Ramakrishna_College_of_Arts_and_Science,.png"
Virudhunagar Hindu Nadar's Senthikumara Nadar College ,Tamil nadu,Science,879,"1,464",8.5,9,8.3,8.4,8.8,7.9,8.6,/images/Virudhunagar_Hindu_Nadar's_Senthikumara_Nadar_College.png
Madras School of Social Work ,Tamil nadu,Science,"51,200","75,000",8.1,9,8.2,8.2,6.7,8,8.2,/images/Madras_School_of_Social_Work.png
Dr. N.G.P. Arts and Science College ,Tamil nadu,Science,"1,40,000",--,7.6,7.8,7.1,7.5,8.4,7.7,7,/images/Dr._N.G.P._Arts_and_Science_College.png
"Guru Nanak College, Chennai ",Tamil nadu,Science,"9,500","11,450",7.9,8.2,7.1,8,8.4,7.3,8.5,"/images/Guru_Nanak_College,_Chennai.png"
"Vellalar College for Women, Erode ",Tamil nadu,Science,"2,646","2,136",8.1,8.5,7.6,8.3,8.5,7.7,8.1,"/images/Vellalar_College_for_Women,_Erode.png"
"St. Xavier's College (Autonomous), Palayamkottai ",Tamil nadu,Science,"6,465","5,356",8.4,8.3,8,8.7,8.6,7.7,8.8,"/images/St._Xavier's_College_(Autonomous),_Palayamkottai.png"
"V. O. Chidambaram College, Thoothukkudi ",Tamil nadu,Science,"5,000","9,850",7.3,8.3,7.3,7,7.6,5.6,7.7,"/images/V._O._Chidambaram_College,_Thoothukkudi.png"
"Lady Doak College, Madurai ",Tamil nadu,Science,"1,81,000","43,300",8.4,9.1,7.2,8.7,8.6,8.4,8.2,"/images/Lady_Doak_College,_Madurai.png"
"Fergusson College, Pune ",Maharashtra,Science,"11,135","50,780",8.1,8.5,7.3,8.2,8.5,7.1,8.7,"/images/Fergusson_College,_Pune.png"
"St. Xavier's College, Mumbai ",Maharashtra,Science,"7,187","15,674",8.2,8.7,7.3,8.3,8.8,7.6,8.7,"/images/St._Xavier's_College,_Mumbai.png"
D.G. Ruparel College of Arts Science and ,Maharashtra,Science,"7,005",--,7.9,8.3,7.5,8.1,8.6,6.8,8.2,/images/D.G._Ruparel_College_of_Arts_Science_and.png
"Mithibai College of Arts, Mumbai ",Maharashtra,Science,"55,000","50,000",8.5,8.5,8.3,8.4,8.9,7.6,9,"/images/Mithibai_College_of_Arts,_Mumbai.png"
"Ramnarain Ruia Autonomous College, Mumbai ",Maharashtra,Science,"37,295","7,450",7.9,8.4,7,8,8.4,6.6,8.9,"/images/Ramnarain_Ruia_Autonomous_College,_Mumbai.png"
B.K Birla College Of Arts Science & ,Maharashtra,Science,"28,800","10,270",7.6,8,6.5,8.1,8.1,6.6,8,/images/B.K_Birla_College_Of_Arts_Science_&.png
Jai Hind College ,Maharashtra,Science,"6,130","13,602",8.5,8.5,8.3,8.5,8.4,7.8,9.2,/images/Jai_Hind_College.png
Kishinchand Chellaram College ,Maharashtra,Science,"10,735","50,920",8.3,8.6,7.9,8.5,8.4,7.4,8.7,/images/Kishinchand_Chellaram_College.png
Rajiv Gandhi Institute of Information Technology and ,Maharashtra,Science,"70,000","1,05,000",8.3,8.6,7.4,9.6,8.1,7.4,8.8,/images/Rajiv_Gandhi_Institute_of_Information_Technology_and.png
"Sophia College for Women, Mumbai ",Maharashtra,Science,"47,340",--,8.6,9.1,8.4,9.1,9.5,6.6,9,"/images/Sophia_College_for_Women,_Mumbai.png"
IIT Bombay ,Maharashtra,Science,"38,000","2,28,000",8.9,9.3,7.9,8.7,8.9,9.1,9.2,/images/IIT_Bombay.png
Institute of Chemical Technology ,Maharashtra,Science,"55,750","64,500",8.7,9.1,8.1,8.9,8.7,8.4,9.1,/images/Institute_of_Chemical_Technology.png
Savitribai Phule Pune University ,Maharashtra,Science,"21,000","5,850",7.6,8.1,7.1,7.9,7.9,6.8,7.5,/images/Savitribai_Phule_Pune_University.png
Dr DY Patil Vidyapeeth ,Maharashtra,Science,"1,25,000",--,8.4,8.9,8.4,8.4,8.6,7.3,9,/images/Dr_DY_Patil_Vidyapeeth.png
"DY Patil University, Navi Mumbai ",Maharashtra,Science,"1,20,000","1,25,000",7.5,7.3,7.1,7.7,7.5,7.4,7.8,"/images/DY_Patil_University,_Navi_Mumbai.png"
"Narsee Monjee College of Commerce and Economics, ",Maharashtra,Science,"40,000",--,8.3,8.7,7.5,8.4,8.5,7.8,8.6,"/images/Narsee_Monjee_College_of_Commerce_and_Economics,.png"
SP Jain Institute of Management and Research ,Maharashtra,Science,--,--,8.7,9,8.3,9,8.8,9,8.1,/images/SP_Jain_Institute_of_Management_and_Research.png
Mahatma Phule Krishi Vidyapeeth ,Maharashtra,Science,--,--,8.3,8.1,8,8.6,8.7,7.9,8.4,/images/Mahatma_Phule_Krishi_Vidyapeeth.png
"Jamnalal Bajaj Institute of Management Studies -[JBIMS], ",Maharashtra,Science,"3,04,000",--,8.8,9.1,8.6,9.1,8.7,9.2,8.3,"/images/Jamnalal_Bajaj_Institute_of_Management_Studies_-[JBIMS],.png"
"RA Podar College of Commerce and Economics, ",Maharashtra,Science,500,--,7.7,8.8,6.8,8.1,7.4,7.1,8.2,"/images/RA_Podar_College_of_Commerce_and_Economics,.png"
"Government Dental College & Hospital, Aurangabad ",Maharashtra,Science,--,--,7.4,9,5,8.3,6,8.3,7.7,"/images/Government_Dental_College_&_Hospital,_Aurangabad.png"
Armed Forces Medical College ,Maharashtra,Science,--,--,9.7,9.4,9.7,9.7,9.6,9.9,9.9,/images/Armed_Forces_Medical_College.png
Narsee Monjee Institute of Management Studies ,Maharashtra,Science,"1,52,000","1,77,000",8.1,8.4,7.6,8.5,8.1,7.9,8.2,/images/Narsee_Monjee_Institute_of_Management_Studies.png
ILS Law College ,Maharashtra,Science,--,--,7.3,8,5.6,7.7,7.7,6.6,8,/images/ILS_Law_College.png
Visvesvaraya National Institute of Technology ,Maharashtra,Science,"59,800","34,800",8.1,8.3,7.5,8,8.4,7.7,8.7,/images/Visvesvaraya_National_Institute_of_Technology.png
Grant Medical College and Sir J. J. ,Maharashtra,Science,--,--,8.8,8.5,8.2,8.4,9.1,9.1,9.7,/images/Grant_Medical_College_and_Sir_J._J..png
Seth GS Medical College ,Maharashtra,Science,"67,230","67,230",8,8.8,6.7,7.6,8,8.2,8.4,/images/Seth_GS_Medical_College.png
Central Institute of Fisheries Education ,Maharashtra,Science,"16,700","16,700",8.9,9,9.7,8.5,9.7,8.2,8.4,/images/Central_Institute_of_Fisheries_Education.png
St Andrew's College of Arts Science and ,Maharashtra,Science,"25,197",--,8.2,8.4,7.2,8.3,8.6,7.6,8.8,/images/St_Andrew's_College_of_Arts_Science_and.png
Modern College of Arts Science and Commerce ,Maharashtra,Science,--,--,7.5,8,6.6,8.3,7.3,6.9,7.6,/images/Modern_College_of_Arts_Science_and_Commerce.png
Indian Institute of Technology BHU,Uttar pradesh,Science,"20,050","2,15,600",8.9,9.1,8.4,8.7,9.3,8.9,9.1,/images/Indian_Institute_of_Technology_BHU.png
Sanjay Gandhi Postgraduate Institute of Medical Sciences ,Uttar pradesh,Science,--,--,7.5,7,6.2,8.2,8.2,7.8,7.8,/images/Sanjay_Gandhi_Postgraduate_Institute_of_Medical_Sciences.png
Banaras Hindu University ,Uttar pradesh,Science,"4,400","6,720",8.3,8.7,8.1,8.4,8.8,7.2,8.6,/images/Banaras_Hindu_University.png
King George's Medical University ,Uttar pradesh,Science,"73,000",--,8.9,9.3,8.2,9.1,9.4,9.1,8.4,/images/King_George's_Medical_University.png
Indian Institute of Technology Kanpur,Uttar pradesh,Science,"36,815","37,315",8.5,8.5,8.2,8.1,7.6,9.1,9.2,/images/Indian_Institute_of_Technology_Kanpur.png
Indian Veterinary Research Institute ,Uttar pradesh,Science,"15,900",--,8.9,8.4,9.4,8.7,9.3,8.7,8.8,/images/Indian_Veterinary_Research_Institute.png
Aligarh Muslim University ,Uttar pradesh,Science,"93,720","8,980",8.3,8.8,7.9,8.5,8.8,7.2,8.6,/images/Aligarh_Muslim_University.png
"Faculty of Law, Banaras Hindu University, Varanasi ",Uttar pradesh,Science,--,--,7.3,8.7,7.7,8.7,7.2,5,6.6,"/images/Faculty_of_Law,_Banaras_Hindu_University,_Varanasi.png"
Institute of Medical Sciences ,Uttar pradesh,Science,--,--,8.6,9.2,7.5,8.9,8.2,9.2,8.4,/images/Institute_of_Medical_Sciences.png
"Amity University, Noida ",Uttar pradesh,Science,"1,20,000","80,000",8.2,8,7.9,8.1,8.9,7.6,8.7,"/images/Amity_University,_Noida.png"
MNNIT Allahabad ,Uttar pradesh,Science,"82,000","63,000",8,8.4,7.3,7.8,7.1,8.9,8.2,/images/MNNIT_Allahabad.png
"Amity University, Lucknow ",Uttar pradesh,Science,"48,000","1,08,000",8.1,8,7.6,8.1,8.8,7.1,8.8,"/images/Amity_University,_Lucknow.png"
"Lloyd Law College, Greater Noida ",Uttar pradesh,Science,--,--,7.5,8.5,7.2,7.8,7.8,7.1,6.8,"/images/Lloyd_Law_College,_Greater_Noida.png"
Chaudhary Charan Singh University ,Uttar pradesh,Science,"4,655","4,715",6.4,6.6,6.1,7.3,6.6,4.9,6.6,/images/Chaudhary_Charan_Singh_University.png
"National Post Graduate College, Lucknow ",Uttar pradesh,Science,--,--,7.6,8.6,7.4,8.5,7.6,6.8,6.7,"/images/National_Post_Graduate_College,_Lucknow.png"
IMS Design and Innovation Academy ,Uttar pradesh,Science,"2,37,000",--,8.6,8.5,8,9,9,8,9,/images/IMS_Design_and_Innovation_Academy.png
Jaypee Institute of Information Technology University ,Uttar pradesh,Science,"50,000",--,7.8,7.8,7.7,7.3,8.2,7.8,7.7,/images/Jaypee_Institute_of_Information_Technology_University.png
Indian Institute of Information Technology Lucknow,Uttar pradesh,Science,"71,700",--,8.3,8.4,7.4,7.6,9,9.2,8.1,/images/Indian_Institute_of_Information_Technology_Lucknow.png
Sam Higginbottom University of Agriculture Technology and ,Uttar pradesh,Science,"39,000","71,000",7.2,7.6,6.6,7.5,7.5,6,7.9,/images/Sam_Higginbottom_University_of_Agriculture_Technology_and.png
"Dayalbagh Educational Institute Faculty of Engineering, Agra ",Uttar pradesh,Science,"15,840",--,8,8.3,7.1,8.5,8.1,8.2,8,"/images/Dayalbagh_Educational_Institute_Faculty_of_Engineering,_Agra.png"
Ewing Christian College ,Uttar pradesh,Science,"9,260","40,000",7,8.2,5.7,7.9,7.5,5.1,7.8,/images/Ewing_Christian_College.png
"CHM Institute of Hotel and Business Management, ",Uttar pradesh,Science,--,--,--,--,--,--,--,--,--,"/images/CHM_Institute_of_Hotel_and_Business_Management,.png"
Teerthanker Mahaveer University ,Uttar pradesh,Science,"40,400","99,000",8.1,8.3,7.6,8.2,8.7,7.3,8.3,/images/Teerthanker_Mahaveer_University.png
"Presidency College of Education and Technology, Meerut ",Uttar pradesh,Science,--,--,--,--,--,--,--,--,--,"/images/Presidency_College_of_Education_and_Technology,_Meerut.png"
"Mewar Institute of Management, Ghaziabad ",Uttar pradesh,Science,"30,000","45,000",7.9,8.3,6.6,8.7,7.9,8.3,7.7,"/images/Mewar_Institute_of_Management,_Ghaziabad.png"
Rajiv Academy for Technology and Management ,Uttar pradesh,Science,"22,900",--,8.6,9.4,8.1,9,8.1,8.5,8.5,/images/Rajiv_Academy_for_Technology_and_Management.png
Mangalayatan University ,Uttar pradesh,Science,"25,000","30,000",7.9,7.8,7.8,8.2,8.4,7.1,8.1,/images/Mangalayatan_University.png
Institute of Technology and Science ,Uttar pradesh,Science,"61,000","72,000",8.2,8.6,7.5,8.3,8.6,7.9,8.1,/images/Institute_of_Technology_and_Science.png
Indian Institute of Sugarcane Research ,Uttar pradesh,Science,--,--,8.7,8,9,9,8,9,9,/images/Indian_Institute_of_Sugarcane_Research.png
DAV College ,Uttar pradesh,Science,"9,550","48,000",6.7,7.5,5.6,7.3,7,5.8,7.1,/images/DAV_College.png
"St Stephen's College, New Delhi ",Delhi ncr,Science,"42,835",--,8.7,9.2,7.6,9.1,8.6,8.6,9.1,"/images/St_Stephen's_College,_New_Delhi.png"
"Hindu College, New Delhi ",Delhi ncr,Science,"20,460","19,710",8.4,8.8,7.9,8.7,8.5,7.6,9,"/images/Hindu_College,_New_Delhi.png"
Lady Shri Ram College for Women ,Delhi ncr,Science,"20,670",--,8.5,8.8,7.9,8.6,8.6,8,8.9,/images/Lady_Shri_Ram_College_for_Women.png
"Miranda House, New Delhi ",Delhi ncr,Science,"19,800","16,170",8.6,9.1,8.5,8.5,9.3,7.1,8.9,"/images/Miranda_House,_New_Delhi.png"
Hansraj College ,Delhi ncr,Science,"24,515","16,554",8.4,8.7,7.9,8.7,8.5,7.8,8.9,/images/Hansraj_College.png
Kirori Mal College ,Delhi ncr,Science,"14,595","9,339",8.2,8.7,7.6,8.6,7.9,7.3,8.9,/images/Kirori_Mal_College.png
"Ramjas College, New Delhi ",Delhi ncr,Science,"14,610","14,404",7.9,8.4,7.1,8.4,7.9,7,8.5,"/images/Ramjas_College,_New_Delhi.png"
"Sri Venkateswara College, New Delhi ",Delhi ncr,Science,"14,555","13,191",8.3,8.7,7.8,8.5,8.2,7.9,8.8,"/images/Sri_Venkateswara_College,_New_Delhi.png"
Atma Ram Sanatan Dharma College ,Delhi ncr,Science,"13,345",--,7.8,8.4,6.7,8.4,8,6.8,8.7,/images/Atma_Ram_Sanatan_Dharma_College.png
"Deen Dayal Upadhyaya College, New Delhi ",Delhi ncr,Science,"19,345",--,7.9,8.4,7.4,8.3,8.4,6.5,8.2,"/images/Deen_Dayal_Upadhyaya_College,_New_Delhi.png"
Dyal Singh College ,Delhi ncr,Science,"15,860",--,7.7,8.2,6.9,8.1,7.7,7.1,8.3,/images/Dyal_Singh_College.png
"Lady Irwin College, New Delhi ",Delhi ncr,Science,"29,645",--,8.2,9,6.9,8.9,8.7,6.8,9,"/images/Lady_Irwin_College,_New_Delhi.png"
"Gargi College, New Delhi ",Delhi ncr,Science,"14,045","13,331",8.2,8.5,7.2,8.6,8,7.8,9,"/images/Gargi_College,_New_Delhi.png"
Jesus and Mary College ,Delhi ncr,Science,"16,610",--,7.9,8.6,6.9,8.1,8.5,7.1,8.4,/images/Jesus_and_Mary_College.png
Sri Guru Tegh Bahadur Khalsa College ,Delhi ncr,Science,"26,965","18,954",7.8,8.2,7.2,8.2,8.1,6.8,8.3,/images/Sri_Guru_Tegh_Bahadur_Khalsa_College.png
Shaheed Rajguru College of Applied Sciences for ,Delhi ncr,Science,"17,840",--,7.9,8.3,7.3,8.3,8.8,6.5,8.1,/images/Shaheed_Rajguru_College_of_Applied_Sciences_for.png
"Jamia Millia Islamia University-[JMI], New Delhi ",Delhi ncr,Science,"8,000","7,800",8,8.4,7.6,8.3,8.4,7.2,8.2,"/images/Jamia_Millia_Islamia_University-[JMI],_New_Delhi.png"
Acharya Narendra Dev College ,Delhi ncr,Science,"7,965","7,851",7.8,8.9,6.5,8.7,7.3,7.1,8.1,/images/Acharya_Narendra_Dev_College.png
Daulat Ram College ,Delhi ncr,Science,"19,540",--,7.9,8.4,7.4,8.5,7.5,7.2,8.4,/images/Daulat_Ram_College.png
"Maitreyi College, New Delhi ",Delhi ncr,Science,"8,390","7,616",7.8,8.3,6.8,8.3,8,6.8,8.3,"/images/Maitreyi_College,_New_Delhi.png"
Shyam Lal College ,Delhi ncr,Science,"19,750",--,7.3,8.1,6.2,8,7.5,6.1,7.9,/images/Shyam_Lal_College.png
Kamala Nehru College ,Delhi ncr,Science,"10,500",--,8.1,8.7,7.6,8.8,7.3,7.2,8.7,/images/Kamala_Nehru_College.png
Indraprastha College for Women ,Delhi ncr,Science,"45,600","13,000",8,8.8,7.6,8.2,8.8,7.1,7.5,/images/Indraprastha_College_for_Women.png
Maharaja Agrasen College ,Delhi ncr,Science,"16,000",--,7.7,8.2,6.7,8.1,8.7,6.5,7.9,/images/Maharaja_Agrasen_College.png
"Shivaji College, New Delhi ",Delhi ncr,Science,"22,970",--,7.8,8.2,6.8,8.3,8.1,6.8,8.3,"/images/Shivaji_College,_New_Delhi.png"
Shaheed Sukhdev College of Business Studies ,Delhi ncr,Science,"29,025",--,8.6,9.1,7.6,9,8.3,8.8,8.6,/images/Shaheed_Sukhdev_College_of_Business_Studies.png
"Keshav Mahavidyalaya, New Delhi ",Delhi ncr,Science,"9,336",--,8.1,8.6,7.4,8.7,8.8,7,8,"/images/Keshav_Mahavidyalaya,_New_Delhi.png"
"Sri Guru Gobind Singh College of Commerce, ",Delhi ncr,Science,"45,200",--,8.2,8.7,7.5,8.4,8.7,7.6,8.5,"/images/Sri_Guru_Gobind_Singh_College_of_Commerce,.png"
"Kalindi College, New Delhi ",Delhi ncr,Science,"13,297",--,7.4,8.6,6.4,8.4,7,6.3,7.8,"/images/Kalindi_College,_New_Delhi.png"
"Ramanujan college, New Delhi ",Delhi ncr,Science,"22,500",--,7.9,8.6,6.5,8.4,8.3,7.2,8.3,"/images/Ramanujan_college,_New_Delhi.png"
Andhra Loyola College ,Andhra pradesh,Science,--,--,8,8.5,7.4,8.5,8.6,7,8.2,/images/Andhra_Loyola_College.png
"Silver Jubilee Government Degree College, Kurnool ",Andhra pradesh,Science,"5,346",--,7.7,8.3,6.1,9,7.7,7.1,7.9,"/images/Silver_Jubilee_Government_Degree_College,_Kurnool.png"
Acharya NG Ranga Agricultural University ,Andhra pradesh,Science,"27,900","29,830",8.4,8.8,8.1,9.4,8.2,7,8.6,/images/Acharya_NG_Ranga_Agricultural_University.png
Sri Venkateswara Institute of Medical Sciences ,Andhra pradesh,Science,"27,700","29,200",7.8,8.2,7.9,8.1,7.5,7.5,7.5,/images/Sri_Venkateswara_Institute_of_Medical_Sciences.png
K L University ,Andhra pradesh,Science,"1,45,000","85,000",8.3,8.5,7.6,8.3,8.8,8.3,8.2,/images/K_L_University.png
"Andhra University, College of Engineering ",Andhra pradesh,Science,--,--,7.7,8.2,6.9,7.8,8,7.2,7.9,"/images/Andhra_University,_College_of_Engineering.png"
PES Institute of Medical Sciences and Research ,Andhra pradesh,Science,--,--,7.9,8.3,6.5,8.4,8.4,7.6,8.3,/images/PES_Institute_of_Medical_Sciences_and_Research.png
Sri Venkateswara University ,Andhra pradesh,Science,"12,760","11,805",8.1,7.9,8.3,8.2,7.9,7.7,8.4,/images/Sri_Venkateswara_University.png
"Vignan’s Foundation for Science, Technology, and Research, ",Andhra pradesh,Science,"70,000","70,000",8.2,8.2,8.4,8.5,8.2,7.7,8.4,"/images/Vignan’s_Foundation_for_Science,_Technology,_and_Research,.png"
Shri Vishnu College of Pharmacy ,Andhra pradesh,Science,--,--,8,8.1,8,8.1,8.4,7.7,7.8,/images/Shri_Vishnu_College_of_Pharmacy.png
"JNTUA College of Engineering, Ananthapur ",Andhra pradesh,Science,"58,750",--,7,7.1,7.3,6.7,7.5,6.3,7.3,"/images/JNTUA_College_of_Engineering,_Ananthapur.png"
Sagi Ramakrishnam Raju Engineering College ,Andhra pradesh,Science,--,--,8.2,8.5,7.5,8.4,8.3,8.2,8.3,/images/Sagi_Ramakrishnam_Raju_Engineering_College.png
"Chalapathi Institute of Pharmaceutical Sciences, Guntur ",Andhra pradesh,Science,--,--,8.1,8.7,8,8.3,8.8,7.9,7.1,"/images/Chalapathi_Institute_of_Pharmaceutical_Sciences,_Guntur.png"
Acharya Nagarjuna University ,Andhra pradesh,Science,"13,800","8,395",7.3,7.7,7,7.2,8,5.7,8.2,/images/Acharya_Nagarjuna_University.png
Sri Venkateswara Veterinary University ,Andhra pradesh,Science,"27,405","45,675",8.2,8.7,8,8.5,7.8,7.8,8.4,/images/Sri_Venkateswara_Veterinary_University.png
"TSR and TBK Degree and PG College, ",Andhra pradesh,Science,"22,500","42,600",7.7,8.3,6,8.8,8,6.8,8.5,"/images/TSR_and_TBK_Degree_and_PG_College,.png"
"Dr. Lankapalli Bullayya College, Visakhapatnam ",Andhra pradesh,Science,--,--,8.2,8.7,7.5,8.6,9,6.8,8.3,"/images/Dr._Lankapalli_Bullayya_College,_Visakhapatnam.png"
"Krea University, Sri City ",Andhra pradesh,Science,"7,70,500",--,8.6,8.2,8.6,8.7,8.6,8.8,8.8,"/images/Krea_University,_Sri_City.png"
Jawaharlal Nehru Technological University ,Andhra pradesh,Science,--,--,7.4,7.7,6.8,7.1,7.7,7.1,7.8,/images/Jawaharlal_Nehru_Technological_University.png
PVKN Govt Degree College ,Andhra pradesh,Science,"8,555",--,8.9,9.7,7.7,9,8.7,8.3,9.7,/images/PVKN_Govt_Degree_College.png
Indian Institute of Technology Tirupati,Andhra pradesh,Science,"17,450","17,450",8.6,9,8.1,8.8,8.7,8.2,8.9,/images/Indian_Institute_of_Technology_Tirupati.png
Centurion University of Technology and Management ,Andhra pradesh,Science,"90,000","60,000",7.8,8,7.2,8.3,7.6,7.4,8.3,/images/Centurion_University_of_Technology_and_Management.png
Bapatla Engineering College ,Andhra pradesh,Science,"26,400",--,7.5,7.8,7.3,7.7,8.2,6.5,7.7,/images/Bapatla_Engineering_College.png
National Institute of Technology Andhra pradesh,Andhra pradesh,Science,"1,25,000","55,000",7.2,7.9,6.6,7.5,6.9,6.9,7.2,/images/National_Institute_of_Technology_Andhra_pradesh.png
"Rajiv Gandhi University of Knowledge Technologies -[RGUKT], ",Andhra pradesh,Science,--,--,8.2,8.4,7.6,8.1,8.9,7.7,8.5,"/images/Rajiv_Gandhi_University_of_Knowledge_Technologies_-[RGUKT],.png"
Indian Institute of Information Technology Design and ,Andhra pradesh,Science,"67,500",--,7.4,7.9,7.6,8,6.7,7.2,7.2,/images/Indian_Institute_of_Information_Technology_Design_and.png
Rajeev Gandhi Memorial College of Engineering and ,Andhra pradesh,Science,--,--,7.4,7.8,7.2,7.6,8,6.2,7.4,/images/Rajeev_Gandhi_Memorial_College_of_Engineering_and.png
VIT University ,Andhra pradesh,Science,"2,75,000","1,53,000",8.2,8.3,7.9,8.3,8.1,8.4,8.1,/images/VIT_University.png
"SRM University, Amaravathi ",Andhra pradesh,Science,"16,000","1,60,000",8.7,8.7,8.1,9.2,9.2,8.4,8.4,"/images/SRM_University,_Amaravathi.png"
Mount Carmel College ,Karnataka,Science,"42,000",--,8.3,8.3,7.8,8.2,8.3,7.9,9.1,/images/Mount_Carmel_College.png
"Christ University, Bangalore ",Karnataka,Science,"35,000","90,000",8.3,8.5,7.4,8.2,8.9,8.1,8.8,"/images/Christ_University,_Bangalore.png"
St Joseph's College ,Karnataka,Science,"1,28,250","32,960",8.1,8.4,7.3,8.4,8.3,7.6,8.6,/images/St_Joseph's_College.png
Kristu Jayanti College ,Karnataka,Science,"50,000","80,000",8.4,8.9,7.7,8.4,8.9,8.1,8.5,/images/Kristu_Jayanti_College.png
"St. Aloysius College, Mangalore ",Karnataka,Science,"94,705","27,150",7.9,8.4,7.1,8.1,8.3,7.1,8.6,"/images/St._Aloysius_College,_Mangalore.png"
The Oxford College of Science ,Karnataka,Science,"50,000","25,000",7.1,7.8,6.4,7.7,7.4,6.2,7.2,/images/The_Oxford_College_of_Science.png
Jyoti Nivas College ,Karnataka,Science,"30,000","40,000",7.8,8.2,7.4,8.3,7.7,7,8.4,/images/Jyoti_Nivas_College.png
"NMKRV College for Women, Bangalore ",Karnataka,Science,"1,40,000","1,20,000",7.9,7.9,7.3,8.4,8.1,6.9,8.7,"/images/NMKRV_College_for_Women,_Bangalore.png"
Indian Institute of Management ,Karnataka,Science,--,--,9.1,9,9,9.1,9.2,9.2,8.9,/images/Indian_Institute_of_Management.png
National Law School of India University ,Karnataka,Science,"2,19,625",--,8.8,9.1,8.6,9.3,8.1,9.1,8.8,/images/National_Law_School_of_India_University.png
Kasturba Medical College ,Karnataka,Science,"5,27,000","1,10,000",9,9,8.1,9,9.5,8.9,9.3,/images/Kasturba_Medical_College.png
Welcomgroup Graduate School of Hotel Administration ,Karnataka,Science,"1,70,000",--,8.8,8.7,8.3,8.6,8.7,9.1,9.3,/images/Welcomgroup_Graduate_School_of_Hotel_Administration.png
Manipal College of Dental Sciences ,Karnataka,Science,"30,000",--,8.7,9,7.2,9.1,9.4,8.2,9.3,/images/Manipal_College_of_Dental_Sciences.png
Manipal Academy of Higher Education ,Karnataka,Science,"1,75,000","94,000",8.4,8.5,8.2,8.6,8.8,7.8,8.4,/images/Manipal_Academy_of_Higher_Education.png
National Institute of Technology Suratkhal,Karnataka,Science,"45,355","88,405",8.4,8.7,7.2,8.2,8.4,8.9,8.9,/images/National_Institute_of_Technology_Suratkhal.png
Kasturba Medical College ,Karnataka,Science,"2,30,000","2,60,000",8.5,9.2,8.2,9.1,8.1,8.2,8.3,/images/Kasturba_Medical_College.png
"Ramaiah Medical College, Bangalore ",Karnataka,Science,"66,500",--,8.8,9.3,7.9,9.4,9.3,8.6,8.1,"/images/Ramaiah_Medical_College,_Bangalore.png"
"JSS Academy of Higher Education & Research, ",Karnataka,Science,"44,590","39,340",8.2,8.3,7.5,8.6,8.5,8,8,"/images/JSS_Academy_of_Higher_Education_&_Research,.png"
Bangalore Medical College and Research Institute ,Karnataka,Science,"17,970","34,720",8.4,8.6,7.7,8.2,7.9,9.3,8.5,/images/Bangalore_Medical_College_and_Research_Institute.png
Army Institute of Fashion and Design ,Karnataka,Science,"1,92,814","1,61,105",9,9.2,9.2,8.7,8.6,9,9,/images/Army_Institute_of_Fashion_and_Design.png
"JD Institute of Fashion Technology, Bangalore ",Karnataka,Science,"2,50,000",--,8.2,8.7,5.5,9.6,7.7,7.7,9.8,"/images/JD_Institute_of_Fashion_Technology,_Bangalore.png"
KS Hegde Medical Academy ,Karnataka,Science,"1,02,500","56,000",8.6,9,8.4,9.6,8.4,8.2,8.2,/images/KS_Hegde_Medical_Academy.png
T. A. Pai Management Institute ,Karnataka,Science,--,--,8.5,8.5,8.4,8.8,8.6,8.7,7.8,/images/T._A._Pai_Management_Institute.png
"University College of Law Bangalore University, Bangalore ",Karnataka,Science,--,--,7.6,8.5,6,8.5,7.5,8,7,"/images/University_College_of_Law_Bangalore_University,_Bangalore.png"
Belagavi Institute of Medical Sciences ,Karnataka,Science,--,--,8.6,9.1,8,9,7.4,9.8,8,/images/Belagavi_Institute_of_Medical_Sciences.png
"College of Dental Sciences, Davanagere ",Karnataka,Science,--,--,8.3,9.2,7,8.8,8.4,8.4,7.8,"/images/College_of_Dental_Sciences,_Davanagere.png"
"Alliance University, Bangalore ",Karnataka,Science,"1,50,000",--,8,8.2,7.2,8.2,8.8,7.6,8,"/images/Alliance_University,_Bangalore.png"
Ramaiah Institute of Technology ,Karnataka,Science,--,--,8.4,8.5,7.8,8.3,8.7,8.3,8.6,/images/Ramaiah_Institute_of_Technology.png
International Institute of Information Technology ,Karnataka,Science,"3,20,000","1,07,000",8.7,9.2,8.5,9.1,8.8,8.9,7.6,/images/International_Institute_of_Information_Technology.png
BMS College of Engineering ,Karnataka,Science,--,--,8.2,8.4,8,8,8,8.3,8.7,/images/BMS_College_of_Engineering.png
"Nizam College, Hyderabad ",Telangana,Science,"15,600",--,8.2,8.3,7.5,8.6,8.3,7.6,8.7,"/images/Nizam_College,_Hyderabad.png"
"Loyola Academy Degree and PG College, Secunderabad ",Telangana,Science,"36,240","40,400",8.1,8.5,7.2,8.4,8.5,7.7,8.4,"/images/Loyola_Academy_Degree_and_PG_College,_Secunderabad.png"
"St Ann's College for Women, Hyderabad ",Telangana,Science,"17,155","27,055",8.1,8.6,6.9,8.7,8.5,7.7,8.4,"/images/St_Ann's_College_for_Women,_Hyderabad.png"
"St Joseph's Degree and PG College, Hyderabad ",Telangana,Science,--,--,7.8,8.2,6.4,8.4,7.5,8,8.1,"/images/St_Joseph's_Degree_and_PG_College,_Hyderabad.png"
"St Francis College for Women, Hyderabad ",Telangana,Science,"10,000","35,580",8.5,8.9,7.2,8.5,8.9,8.6,9,"/images/St_Francis_College_for_Women,_Hyderabad.png"
Indian Institute of Technology Hyderabad,Telangana,Science,"31,395","25,095",8.5,8.7,8,8.7,8.5,8.3,8.6,/images/Indian_Institute_of_Technology_Hyderabad.png
University of Hyderabad ,Telangana,Science,"10,710","10,710",8.4,8.7,7.6,8.5,9,7.5,8.8,/images/University_of_Hyderabad.png
National Institute of Pharmaceutical Education and Research ,Telangana,Science,"95,500",--,8.4,8.6,8,8.7,8,8.4,8.4,/images/National_Institute_of_Pharmaceutical_Education_and_Research.png
National Institute of Technology Hyderabad,Telangana,Science,"20,000","47,000",8.4,8.6,7.9,8.2,8.5,8.6,8.4,/images/National_Institute_of_Technology_Hyderabad.png
ICFAI Foundation for Higher Education ,Telangana,Science,"1,30,000","90,000",8.2,8.3,7.5,8.1,8.6,7.8,8.9,/images/ICFAI_Foundation_for_Higher_Education.png
International Institute of Information Technology ,Telangana,Science,"1,50,000","1,50,000",8.3,9,8.2,8.5,7.8,9.2,6.9,/images/International_Institute_of_Information_Technology.png
Jawaharlal Nehru Technological University ,Telangana,Science,"20,000","20,000",8,8.3,7.7,7.8,8.3,7.6,8.3,/images/Jawaharlal_Nehru_Technological_University.png
ICFAI Business School ,Telangana,Science,"1,60,000","35,000",8.2,8.2,8,8.1,8.5,7.8,8.7,/images/ICFAI_Business_School.png
Kasturba Gandhi Degree and PG College for ,Telangana,Science,"92,000",--,8,8.1,7,8.3,8.6,7.1,8.8,/images/Kasturba_Gandhi_Degree_and_PG_College_for.png
Narsee Monjee Institute of Management Studies ,Telangana,Science,"1,16,500",--,8.8,8.9,8.4,9.2,8.9,8.5,8.9,/images/Narsee_Monjee_Institute_of_Management_Studies.png
A.V. College of Arts Science and Commerce ,Telangana,Science,"22,605","12,640",8,8.1,6.3,8.1,8.7,7.8,8.9,/images/A.V._College_of_Arts_Science_and_Commerce.png
Osmania University College for Women ,Telangana,Science,"7,640","35,560",8.2,8,8.4,8.7,8.5,6.5,9,/images/Osmania_University_College_for_Women.png
Indian Institute of Management and Commerce ,Telangana,Science,"37,500",--,7.7,8.3,5.3,8.6,7.5,8.1,8.3,/images/Indian_Institute_of_Management_and_Commerce.png
Osmania University ,Telangana,Science,"2,260",--,7.9,8.3,7.5,8,8,7.7,7.9,/images/Osmania_University.png
Kakatiya University ,Telangana,Science,"3,010","11,840",7.2,7.4,6.8,7.6,7.2,6.8,7.4,/images/Kakatiya_University.png
Directorate of Sorghum Research ,Telangana,Science,--,--,--,--,--,--,--,--,--,/images/Directorate_of_Sorghum_Research.png
Siva Sivani Institute of Management ,Telangana,Science,--,--,7.4,7.6,7.2,7.6,7.3,7.3,7.5,/images/Siva_Sivani_Institute_of_Management.png
"Anurag University, Hyderabad ",Telangana,Science,"54,000",--,8.3,8.5,7.5,8.2,8.9,8,8.4,"/images/Anurag_University,_Hyderabad.png"
Centre for Cellular and Molecular Biology ,Telangana,Science,--,--,8.4,--,--,8.7,--,8.2,8.3,/images/Centre_for_Cellular_and_Molecular_Biology.png
Dr. B.R. Ambedkar Open University ,Telangana,Science,"12,600","1,000",6.7,7.3,5.6,7.8,7.2,5.5,6.8,/images/Dr._B.R._Ambedkar_Open_University.png
K L University ,Telangana,Science,--,--,7.9,7.9,7.4,8.1,8.2,7.6,8.1,/images/K_L_University.png
"Gandhi Medical College, Secunderabad ",Telangana,Science,--,--,7.3,7.9,7.6,7.7,7,6.9,6.7,"/images/Gandhi_Medical_College,_Secunderabad.png"
Maulana Azad National Urdu University ,Telangana,Science,"4,700","9,000",7.8,7,8.3,8.1,8.6,7.1,7.9,/images/Maulana_Azad_National_Urdu_University.png
Sarojini Naidu Vanita Mahavidyalaya ,Telangana,Science,"12,200","25,975",9.4,9.8,9.8,8.5,9.5,9,9.5,/images/Sarojini_Naidu_Vanita_Mahavidyalaya.png
Raja Bahadur Venkat Rama Reddy Women's College ,Telangana,Science,"22,780",--,8.2,7.8,7.6,8.6,8.3,7.9,8.7,/images/Raja_Bahadur_Venkat_Rama_Reddy_Women's_College.png
"IPS Academy, Indore ",Madhya pradesh,Science,"11,429","11,644",7.6,7.7,7.1,7.5,8,7.2,7.8,"/images/IPS_Academy,_Indore.png"
Indian Institute of Technology Indore,Madhya pradesh,Science,"46,800","78,800",8,8.4,7.6,8.1,7.7,7.8,8.4,/images/Indian_Institute_of_Technology_Indore.png
School of Planning and Architecture ,Madhya pradesh,Science,--,--,7.5,8.4,7.7,8.1,7.7,5.7,7.4,/images/School_of_Planning_and_Architecture.png
National Law Institute University ,Madhya pradesh,Science,"83,500",--,8.4,8.6,7.9,7.9,9.1,8.5,8.4,/images/National_Law_Institute_University.png
Maulana Azad National Institute of Technology ,Madhya pradesh,Science,"38,600",--,7.8,7.8,7.5,7.5,7.6,8.1,8.5,/images/Maulana_Azad_National_Institute_of_Technology.png
Indian Institute of Forest Management ,Madhya pradesh,Science,"1,00,000",--,9,9,9.1,9,9.3,8.5,9.1,/images/Indian_Institute_of_Forest_Management.png
Atal Bihari Vajpayee Indian Institute of Information ,Madhya pradesh,Science,"75,070",--,7.6,7.5,7,7.1,8.2,7.7,8,/images/Atal_Bihari_Vajpayee_Indian_Institute_of_Information.png
Rabindranath Tagore University ,Madhya pradesh,Science,"15,000","20,000",7.7,8,7.4,7.8,8.6,6.4,7.8,/images/Rabindranath_Tagore_University.png
"Rajeev Gandhi College, Bhopal ",Madhya pradesh,Science,"15,000","20,000",6.7,7,5.9,7.3,7.1,5.6,7.2,"/images/Rajeev_Gandhi_College,_Bhopal.png"
Jawaharlal Nehru Krishi Vishwa Vidyalaya ,Madhya pradesh,Science,"74,411","58,395",7.9,8.2,7.5,8.7,7.7,7,8.4,/images/Jawaharlal_Nehru_Krishi_Vishwa_Vidyalaya.png
Prestige Institute of Management ,Madhya pradesh,Science,"62,450",--,8.4,9.1,6.8,9,8.2,8.7,8.3,/images/Prestige_Institute_of_Management.png
Islamia Karimia College ,Madhya pradesh,Science,"9,852","22,550",5.9,6,5.5,8,5.5,4.5,6,/images/Islamia_Karimia_College.png
Shri Vaishnav Institute of Management ,Madhya pradesh,Science,"22,120",--,8.1,8.6,7.1,8.7,8,7.5,8.6,/images/Shri_Vaishnav_Institute_of_Management.png
Institute for Excellence in Higher Education ,Madhya pradesh,Science,"23,882","34,907",7.2,7.9,6.5,7.9,7,6.7,7.4,/images/Institute_for_Excellence_in_Higher_Education.png
"M.B. Khalsa College, Indore ",Madhya pradesh,Science,"22,000","20,000",6.6,6.7,5.2,7.8,7.1,5.7,7,"/images/M.B._Khalsa_College,_Indore.png"
"Amity University, Gwalior ",Madhya pradesh,Science,"48,000","64,000",8.6,8.8,8.5,8.4,9.3,8,8.3,"/images/Amity_University,_Gwalior.png"
Government M L B Girls PG College ,Madhya pradesh,Science,--,--,6.9,7.1,6.5,7.4,6.5,5.8,7.8,/images/Government_M_L_B_Girls_PG_College.png
"Devi Ahilya Vishwavidyalaya, Indore ",Madhya pradesh,Science,"18,500","54,500",7.5,8,6.5,7.8,7.5,7,7.9,"/images/Devi_Ahilya_Vishwavidyalaya,_Indore.png"
"Government Maharani Laxmi Bai Girls PG College, ",Madhya pradesh,Science,"1,300","8,420",--,--,--,--,--,--,--,"/images/Government_Maharani_Laxmi_Bai_Girls_PG_College,.png"
"Altius Institute of Universal Studies, Indore ",Madhya pradesh,Science,"30,000",--,9,9,8,--,--,--,--,"/images/Altius_Institute_of_Universal_Studies,_Indore.png"
Regional Institute of Education ,Madhya pradesh,Science,"14,710",--,8.6,9,8.3,8.5,8.9,8.4,8.2,/images/Regional_Institute_of_Education.png
Barkatullah University ,Madhya pradesh,Science,"5,650","30,000",6.9,7.3,6.1,7.4,6.9,6,7.5,/images/Barkatullah_University.png
Indira Gandhi National Tribal University ,Madhya pradesh,Science,"8,740","10,400",7.5,7.5,7.3,8.4,7.9,5.9,7.9,/images/Indira_Gandhi_National_Tribal_University.png
Rajmata Vijayaraje Scindia Krishi Vishwa Vidyalaya ,Madhya pradesh,Science,"27,620","17,855",8.2,9,7,8.5,8,8,8.6,/images/Rajmata_Vijayaraje_Scindia_Krishi_Vishwa_Vidyalaya.png
Atal Bihari Vajpayee Hindi Vishwavidyalaya ,Madhya pradesh,Science,"9,100","13,650",7.7,8.3,6.3,8.7,7.3,7.8,7.9,/images/Atal_Bihari_Vajpayee_Hindi_Vishwavidyalaya.png
Awadhesh Pratap Singh University ,Madhya pradesh,Science,"30,000","36,000",7.1,7.9,6.5,8.1,7.2,5.3,7.3,/images/Awadhesh_Pratap_Singh_University.png
"Career College, Bhopal ",Madhya pradesh,Science,"15,000","15,000",8.3,8.4,7.6,8.7,8.3,8.4,8.3,"/images/Career_College,_Bhopal.png"
Madhya Pradesh Bhoj (Open) University ,Madhya pradesh,Science,"10,260","6,180",7.8,8.6,7.4,8.7,7.5,7.6,7.2,/images/Madhya_Pradesh_Bhoj_(Open)_University.png
Bonnie foi College ,Madhya pradesh,Science,"12,000","18,800",--,--,--,--,--,--,--,/images/Bonnie_foi_College.png
"VIT Bhopal University, Bhopal ",Madhya pradesh,Science,"43,000","77,000",7.9,8.6,7.7,8.4,7.1,8.1,7.4,"/images/VIT_Bhopal_University,_Bhopal.png"
"Trivandrum University College, Thiruvananthapuram ",Kerala,Science,"1,555","3,595",8.5,9.2,8,8.6,9,7.5,8.6,"/images/Trivandrum_University_College,_Thiruvananthapuram.png"
"Mar Ivanios College, Thiruvananthapuram ",Kerala,Science,"4,065","4,725",8.3,8.7,8.1,8.7,8.8,6.6,9,"/images/Mar_Ivanios_College,_Thiruvananthapuram.png"
Sacred Heart College ,Kerala,Science,"6,970","10,200",8.5,8.9,7.5,8.6,8.8,8,9.1,/images/Sacred_Heart_College.png
Rajagiri College of Social Sciences ,Kerala,Science,"23,853","46,803",8.5,8.8,8.5,8.8,8.5,8,8.1,/images/Rajagiri_College_of_Social_Sciences.png
"Government College for Women, Thiruvananthapuram ",Kerala,Science,--,--,8.2,9,6.8,8.8,9,7.1,8.6,"/images/Government_College_for_Women,_Thiruvananthapuram.png"
"St Thomas' College, Thrissur ",Kerala,Science,"2,570","3,980",7.4,8,7,8.1,7,6.6,7.9,"/images/St_Thomas'_College,_Thrissur.png"
"St. Albert's College, Ernakulam ",Kerala,Science,"37,500","45,000",7.1,7.9,6.4,7.7,7,6.5,6.9,"/images/St._Albert's_College,_Ernakulam.png"
St. Berchmans College ,Kerala,Science,"9,550","1,42,000",8.4,8.6,8.2,8.6,8.6,7.7,8.5,/images/St._Berchmans_College.png
"St Teresa's College (Autonomous), Ernakulam ",Kerala,Science,"3,500","7,000",8.4,8.9,7.4,9,8.2,7.7,9.3,"/images/St_Teresa's_College_(Autonomous),_Ernakulam.png"
"Mahatma Gandhi College, Trivandrum ",Kerala,Science,"2,800","84,376",8.1,8.7,7.5,8.6,8.8,5.9,8.9,"/images/Mahatma_Gandhi_College,_Trivandrum.png"
"Government Arts College, Thiruvananthapuram ",Kerala,Science,--,--,7.8,9.3,6.3,9,8,6.5,7.5,"/images/Government_Arts_College,_Thiruvananthapuram.png"
"Farook College, Kozhikode ",Kerala,Science,"3,190","5,020",8.1,8.7,8.1,8.5,8.5,5.8,9,"/images/Farook_College,_Kozhikode.png"
"Newman College, Thodupuzha ",Kerala,Science,"3,265","4,993",7.2,8.4,5.1,7.8,8,6.6,7,"/images/Newman_College,_Thodupuzha.png"
T.K.M. College of Arts and Science ,Kerala,Science,"22,500","37,500",8,8.1,7.5,8.1,8.3,7.5,8.6,/images/T.K.M._College_of_Arts_and_Science.png
"St Joseph's College Devagiri, Calicut ",Kerala,Science,"71,300","38,000",8.4,8.8,7.7,8.7,8.7,7.4,9,"/images/St_Joseph's_College_Devagiri,_Calicut.png"
"Fatima Mata National College, Kollam ",Kerala,Science,"3,805","5,090",8.2,8.7,6.3,8.7,9.3,6.9,9.3,"/images/Fatima_Mata_National_College,_Kollam.png"
"Christ College Irinjalakuda, Thrissur ",Kerala,Science,"8,71,000","9,70,000",8,8.3,7.7,8.2,8.4,7.2,8.3,"/images/Christ_College_Irinjalakuda,_Thrissur.png"
"Mar Thoma College, Tiruvalla ",Kerala,Science,--,--,7.2,7.6,6.7,8.3,7.4,5.2,7.7,"/images/Mar_Thoma_College,_Tiruvalla.png"
"Nirmalagiri College, Kannur ",Kerala,Science,"2,545","4,380",8,9.3,7.3,8.1,9,6.7,7.8,"/images/Nirmalagiri_College,_Kannur.png"
National Institute of Technology Calicut,Kerala,Science,"27,405","27,405",8.1,8.4,7.9,7.7,8,8.1,8.2,/images/National_Institute_of_Technology_Calicut.png
Indian Institute of Space Science and Technology ,Kerala,Science,"21,400","87,400",8.1,8.9,7.8,8.5,8.6,7.7,7.2,/images/Indian_Institute_of_Space_Science_and_Technology.png
Mahatma Gandhi University ,Kerala,Science,"3,280","20,200",7.7,8,7.5,8,8,6.2,8.2,/images/Mahatma_Gandhi_University.png
Calicut University ,Kerala,Science,"2,520","5,525",7,7.5,6.2,7.5,7.4,5.4,7.9,/images/Calicut_University.png
"Oriental School of Hotel Management Lakkidi, Wayanad ",Kerala,Science,"97,800",--,7.5,8.3,7,7.6,7.1,8.1,6.7,"/images/Oriental_School_of_Hotel_Management_Lakkidi,_Wayanad.png"
"Bishop Vayalil Memorial Holy Cross College, Kottayam ",Kerala,Science,"18,470","41,828",7.6,8.3,6.6,9,7.7,7.3,6.7,"/images/Bishop_Vayalil_Memorial_Holy_Cross_College,_Kottayam.png"
"St. Mary's College Sulthan Bathery, Sulthan Batheri ",Kerala,Science,"45,000",--,6.8,7.8,6.9,6.8,7.5,3.8,7.8,"/images/St._Mary's_College_Sulthan_Bathery,_Sulthan_Batheri.png"
"Government College, Kasaragod ",Kerala,Science,--,--,8.2,8.3,7.4,9.1,8.7,6.6,9,"/images/Government_College,_Kasaragod.png"
"Cochin University of Science and Technology, School ",Kerala,Science,"8,595",--,8.3,8.5,7.8,8.3,8.2,8.2,8.7,"/images/Cochin_University_of_Science_and_Technology,_School.png"
SCMS School of Technology and Management ,Kerala,Science,"45,000",--,7.8,7.9,7.7,8.4,7.5,8.3,7.2,/images/SCMS_School_of_Technology_and_Management.png
Kerala Veterinary and Animal Sciences University ,Kerala,Science,"1,52,350","1,19,100",8.1,8.7,7,8.4,8,8.2,8,/images/Kerala_Veterinary_and_Animal_Sciences_University.png
Birla Institute of Technology and Science ,Rajasthan,Science,"4,92,950","86,825",8.9,8.8,8.2,8.8,9,9,9.3,/images/Birla_Institute_of_Technology_and_Science.png
National Law University ,Rajasthan,Science,"95,000",--,8.4,8.8,8.1,7.5,8.6,8.8,8.5,/images/National_Law_University.png
College of Veterinary and Animal Sciences ,Rajasthan,Science,"15,740","15,740",7.8,8.4,7.5,7.7,8.2,7.8,7.3,/images/College_of_Veterinary_and_Animal_Sciences.png
"Institute of Hotel Management, Jodhpur, Jodhpur ",Rajasthan,Science,"48,000",--,8,8,7.6,8,8.2,8.1,8,"/images/Institute_of_Hotel_Management,_Jodhpur,_Jodhpur.png"
"Banasthali Vidyapith, Jaipur ",Rajasthan,Science,"1,18,500","1,18,500",8.5,8.8,8.2,8.9,8.6,7.9,8.8,"/images/Banasthali_Vidyapith,_Jaipur.png"
Indian Institute of Technology Jodhpur,Rajasthan,Science,"58,500","65,500",8.2,8,7.9,8.2,8.2,8,8.7,/images/Indian_Institute_of_Technology_Jodhpur.png
All India Institute of Medical Sciences ,Rajasthan,Science,"1,465","20,000",8,8.3,7.9,8.4,8.8,7.7,7.1,/images/All_India_Institute_of_Medical_Sciences.png
Malaviya National Institute of Technology ,Rajasthan,Science,"67,665","71,065",8.2,8.2,7.4,8,8.7,8.2,8.5,/images/Malaviya_National_Institute_of_Technology.png
Madhav University ,Rajasthan,Science,"45,000","22,000",7.8,7.9,7.5,8.2,7.9,7.3,7.8,/images/Madhav_University.png
"St Xaviers College, Jaipur ",Rajasthan,Science,"57,000",--,7.6,8.2,7.1,8.3,7.8,6,8.4,"/images/St_Xaviers_College,_Jaipur.png"
"Dr SN Medical College & Hospital, Jodhpur ",Rajasthan,Science,--,--,7.9,8.1,6.8,8.5,8,7.8,7.9,"/images/Dr_SN_Medical_College_&_Hospital,_Jodhpur.png"
Janardan Rai Nagar Rajasthan Vidyapeeth University ,Rajasthan,Science,"23,000","26,000",7.8,8.3,7.5,8.3,7.9,7.3,7.5,/images/Janardan_Rai_Nagar_Rajasthan_Vidyapeeth_University.png
"Amity University, Jaipur ",Rajasthan,Science,"1,22,000","1,18,000",8,7.8,7.6,7.8,8.9,7.4,8.7,"/images/Amity_University,_Jaipur.png"
"Poddar Group of Institutions, Jaipur ",Rajasthan,Science,"37,000","36,000",7.7,8.3,7.1,8.6,7.4,6.9,8,"/images/Poddar_Group_of_Institutions,_Jaipur.png"
"Lucky Institute of Professional Studies, Jodhpur ",Rajasthan,Science,"26,000","35,000",7.7,7.8,8,8.3,7.7,6,8.2,"/images/Lucky_Institute_of_Professional_Studies,_Jodhpur.png"
Jai Narain Vyas University ,Rajasthan,Science,480,420,6.2,6.9,5.2,7.1,6.4,4.9,6.4,/images/Jai_Narain_Vyas_University.png
Mahatma Jyoti Rao Phoole University ,Rajasthan,Science,"52,000","50,000",6.8,6.9,6.2,7.4,7.7,6.4,6.4,/images/Mahatma_Jyoti_Rao_Phoole_University.png
"Lachoo Memorial College Science and Technology, Jodhpur ",Rajasthan,Science,"51,175","51,175",6.5,7.4,5.5,6.8,7.1,4.7,7.3,"/images/Lachoo_Memorial_College_Science_and_Technology,_Jodhpur.png"
Birla Institute of Technology ,Rajasthan,Science,--,--,7.2,8.1,5.4,8.1,6.9,7.8,7.1,/images/Birla_Institute_of_Technology.png
Career Point University ,Rajasthan,Science,"39,000","31,000",8.3,8.4,7.9,8.4,8.4,7.6,8.9,/images/Career_Point_University.png
"IIHMR University, Jaipur ",Rajasthan,Science,"1,40,000",--,8.5,8.6,8.1,8.5,8.8,8.5,8.2,"/images/IIHMR_University,_Jaipur.png"
"SPC Education Center, Jaipur ",Rajasthan,Science,"2,500","2,500",10,--,--,--,--,--,--,"/images/SPC_Education_Center,_Jaipur.png"
College of Veterinary and Animal Sciences ,Rajasthan,Science,"15,740",--,8.8,9,8,9,8.5,8.5,9.5,/images/College_of_Veterinary_and_Animal_Sciences.png
"St Wilfreds College for Girls, Jaipur ",Rajasthan,Science,--,--,7.5,8.4,6.5,8.3,7.4,6.7,7.5,"/images/St_Wilfreds_College_for_Girls,_Jaipur.png"
Mewar University ,Rajasthan,Science,"35,000","38,000",8,7.9,7.1,8.1,8.8,7.3,8.6,/images/Mewar_University.png
"Jaipur National University, School of Business & ",Rajasthan,Science,--,--,8.1,8.4,8,9,7.4,7.6,8.3,"/images/Jaipur_National_University,_School_of_Business_&.png"
"Swami Keshwanand Rajasthan Agricultural University, Bikaner ",Rajasthan,Science,"12,710","15,030",8.1,8.4,7.6,8.5,7.6,7.7,8.5,"/images/Swami_Keshwanand_Rajasthan_Agricultural_University,_Bikaner.png"
"Alankar P.G. Girls College, Jaipur ",Rajasthan,Science,"26,000","40,000",9,9,9,9,9,9,9,"/images/Alankar_P.G._Girls_College,_Jaipur.png"
University of Rajasthan ,Rajasthan,Science,"5,440","8,770",7.6,8.1,7.1,8.1,7.9,6.5,7.8,/images/University_of_Rajasthan.png
Mehr Chand Mahajan Dayanand Anglo Vedic College ,Haryana,Science,"37,200","22,900",8.2,8.4,8,8.5,8.2,7.6,8.4,/images/Mehr_Chand_Mahajan_Dayanand_Anglo_Vedic_College.png
"Post Graduate Government College, Chandigarh ",Haryana,Science,"26,590","53,760",7.7,8.4,7.2,8.4,7.5,6.5,7.9,"/images/Post_Graduate_Government_College,_Chandigarh.png"
"Government Home Science College, Chandigarh ",Haryana,Science,"87,060","55,530",9.1,8.7,9.3,9.3,8.7,8.7,9.7,"/images/Government_Home_Science_College,_Chandigarh.png"
Goswami Ganesh Dutt Sanatan Dharama College ,Haryana,Science,"24,500",--,8.1,8.6,7.6,8.5,8.1,7.1,8.8,/images/Goswami_Ganesh_Dutt_Sanatan_Dharama_College.png
Post Graduate Institute of Medical Education & ,Haryana,Science,"7,320","3,470",8,8.3,6.8,8.8,8.2,8,8,/images/Post_Graduate_Institute_of_Medical_Education_&.png
Panjab University ,Haryana,Science,"12,700","12,000",7.7,8.2,7.7,8,7.7,6.5,8.2,/images/Panjab_University.png
National Dairy Research Institute ,Haryana,Science,"17,800",--,9,8.8,8.7,9.1,9.4,9.1,8.9,/images/National_Dairy_Research_Institute.png
Maharshi Dayanand University ,Haryana,Science,"11,315","3,984",7.8,8,7.7,8,8.4,6.6,8,/images/Maharshi_Dayanand_University.png
Government Medical College and Hospital ,Haryana,Science,"9,500","26,054",7.9,8.7,7,8.5,8.2,6.9,8.3,/images/Government_Medical_College_and_Hospital.png
National Institute of Technology Kurukshetra,Haryana,Science,"16,000",--,8.2,8,7.4,8.1,8.2,8.6,8.6,/images/National_Institute_of_Technology_Kurukshetra.png
Pt Bhagwat Dayal Sharma Post Graduate Institute ,Haryana,Science,"12,395","15,405",7.5,8.4,7.5,8.1,7.5,7.6,6.1,/images/Pt_Bhagwat_Dayal_Sharma_Post_Graduate_Institute.png
Chandigarh University ,Haryana,Science,"1,10,000","1,00,000",8.6,8.6,8.2,8.4,9,8.6,8.8,/images/Chandigarh_University.png
"Chitkara School of Hospitality -[CSH], Chandigarh ",Haryana,Science,--,--,8.4,8.7,7,9,8.3,8.7,8.5,"/images/Chitkara_School_of_Hospitality_-[CSH],_Chandigarh.png"
"University Institute of Tourism and Hospitality Management, ",Haryana,Science,"1,16,000",--,9.6,9.8,9.4,9.8,9.6,9.6,9.6,"/images/University_Institute_of_Tourism_and_Hospitality_Management,.png"
Punjab Engineering College University of Technology ,Haryana,Science,"28,000",--,8,7.9,7.3,7.6,7.7,8.4,9,/images/Punjab_Engineering_College_University_of_Technology.png
Apeejay Stya University ,Haryana,Science,"2,90,200","1,20,000",7.9,8.2,7.5,7.9,7.5,7.7,8.3,/images/Apeejay_Stya_University.png
"University School of Business, Chandigarh University ",Haryana,Science,"60,000",--,9.1,9.1,8.8,9.1,9.2,9.3,8.9,"/images/University_School_of_Business,_Chandigarh_University.png"
Kurukshetra University ,Haryana,Science,"8,290","40,600",7.5,8.1,7,8,7.7,6.5,7.7,/images/Kurukshetra_University.png
"Arya Post Graduate College, Panipat ",Haryana,Science,"28,900","48,500",7.8,8.4,6.8,8.8,8,6.3,8.6,"/images/Arya_Post_Graduate_College,_Panipat.png"
National Institute of Food Technology Entrepreneurship and ,Haryana,Science,"1,15,690",--,8.1,8.5,7.1,6.9,9.4,8.5,7.9,/images/National_Institute_of_Food_Technology_Entrepreneurship_and.png
Guru Jambheshwar University of Science and Technology ,Haryana,Science,"22,600","44,800",7.7,7.7,7.3,7.5,8.9,6.5,8,/images/Guru_Jambheshwar_University_of_Science_and_Technology.png
"J.C. Bose University Of Science And Technology, ",Haryana,Science,"53,195","53,195",7.3,7.7,6.5,7.4,6.6,7.7,7.6,"/images/J.C._Bose_University_Of_Science_And_Technology,.png"
Maharishi Markandeshwar ,Haryana,Science,"45,000","53,500",7.5,7.6,7.2,7.7,8.3,6.8,7.6,/images/Maharishi_Markandeshwar.png
DAV College ,Haryana,Science,"29,065","58,910",8,8.4,7.4,8.3,8,6.8,8.8,/images/DAV_College.png
"Morph Academy, Chandigarh ",Haryana,Science,"70,000","80,000",8.3,9,6,9,8.5,8.5,9,"/images/Morph_Academy,_Chandigarh.png"
Manav Rachna International Institute Of Research And ,Haryana,Science,"1,16,000","1,65,000",7.2,7.1,6.7,6.5,8.4,6.5,7.8,/images/Manav_Rachna_International_Institute_Of_Research_And.png
"SRM University Delhi NCR, Sonepat ",Haryana,Science,"88,500","88,500",7.8,8,7.5,7.9,8.1,7.6,7.9,"/images/SRM_University_Delhi_NCR,_Sonepat.png"
"Ashoka University, Sonepat ",Haryana,Science,"9,25,000","45,000",8.6,8.6,8.6,8.9,8.7,8.3,8.5,"/images/Ashoka_University,_Sonepat.png"
MM Institute of Hotel Management and Catering ,Haryana,Science,"53,500","70,500",--,--,--,--,--,--,--,/images/MM_Institute_of_Hotel_Management_and_Catering.png
"Gurugram University, Gurgaon ",Haryana,Science,"50,000",--,8.2,8.6,7.4,8.4,8.6,8,8.1,"/images/Gurugram_University,_Gurgaon.png"
PD Patel Institute of Applied Sciences ,Gujarat,Science,"49,000","80,000",8.3,8,7,9,--,--,--,/images/PD_Patel_Institute_of_Applied_Sciences.png
"St Xavier's College, Ahmedabad ",Gujarat,Science,"9,985","70,100",8.1,8.4,7.4,8.6,8.3,7.3,8.7,"/images/St_Xavier's_College,_Ahmedabad.png"
Indian Institute of Technology Gandhinagar,Gujarat,Science,"48,500","48,500",8.4,8.3,8.4,8.8,9.1,7.2,8.8,/images/Indian_Institute_of_Technology_Gandhinagar.png
National Institute of Pharmaceutical Education And Research ,Gujarat,Science,"1,50,450","92,000",7.5,7.7,6.7,7.7,8,7.3,7.8,/images/National_Institute_of_Pharmaceutical_Education_And_Research.png
"GLS Institute of Computer Application, Ahmedabad ",Gujarat,Science,--,--,8.1,8.5,7.4,8.4,8.4,7.7,8,"/images/GLS_Institute_of_Computer_Application,_Ahmedabad.png"
"Institute of Pharmacy, Nirma University, Ahmedabad ",Gujarat,Science,"98,200",--,8.4,8.8,7.8,8.3,9,7.7,8.5,"/images/Institute_of_Pharmacy,_Nirma_University,_Ahmedabad.png"
B. J. Medical College ,Gujarat,Science,--,--,8.6,9,8.3,8.5,8.1,9.3,8.3,/images/B._J._Medical_College.png
Maharaja Sayajirao University of Baroda ,Gujarat,Science,"9,090","8,840",7.9,8.3,7,8.4,8,7.2,8.4,/images/Maharaja_Sayajirao_University_of_Baroda.png
Sardar Vallabhbhai National Institute of Technology ,Gujarat,Science,"87,500","40,000",8,7.9,7.8,7.6,8.2,7.9,8.4,/images/Sardar_Vallabhbhai_National_Institute_of_Technology.png
"Smt. NHL Municipal Medical College, Ahmedabad ",Gujarat,Science,--,--,7.7,8.4,7.4,8.2,6.3,8.4,7.4,"/images/Smt._NHL_Municipal_Medical_College,_Ahmedabad.png"
"Junagadh Agricultural University, Junagadh ",Gujarat,Science,"39,140","39,140",7.9,8,7.9,7.7,8.2,6.9,8.6,"/images/Junagadh_Agricultural_University,_Junagadh.png"
Pramukhswami Medical College ,Gujarat,Science,--,--,8,8.7,6.2,8.8,8.3,8,8,/images/Pramukhswami_Medical_College.png
Smt. B.K. Shah Medical Institute and Research ,Gujarat,Science,--,--,7.1,7.7,6,7.8,5.7,7.8,7.7,/images/Smt._B.K._Shah_Medical_Institute_and_Research.png
LJ Institute of Computer Application ,Gujarat,Science,--,--,7,8,5.3,7.7,7.3,6.7,7,/images/LJ_Institute_of_Computer_Application.png
Swami Vivekanand College of Computer Science ,Gujarat,Science,--,--,--,--,--,--,--,--,--,/images/Swami_Vivekanand_College_of_Computer_Science.png
Dr Babasaheb Ambedkar Open University ,Gujarat,Science,"4,200","26,000",7.7,8.5,5.5,8.5,8,7.5,8.1,/images/Dr_Babasaheb_Ambedkar_Open_University.png
"Christ College, Rajkot ",Gujarat,Science,"23,630","33,275",8.2,8.6,7.4,9.2,9,6.6,8.2,"/images/Christ_College,_Rajkot.png"
"Ahmedabad University, Ahmedabad ",Gujarat,Science,"2,60,000","2,60,000",8.6,9,7.6,8.9,9.2,8,9,"/images/Ahmedabad_University,_Ahmedabad.png"
Navrachana University ,Gujarat,Science,"80,000","1,10,000",7.7,7.7,7.4,8.2,8,7.2,7.8,/images/Navrachana_University.png
Dhirubhai Ambani Institute of Information and Communication ,Gujarat,Science,"3,75,000","65,000",8.7,8.8,8,8.4,8.7,9.2,8.8,/images/Dhirubhai_Ambani_Institute_of_Information_and_Communication.png
LM College of Pharmacy ,Gujarat,Science,--,--,7.4,8,6.4,8.2,7.2,7.2,7.2,/images/LM_College_of_Pharmacy.png
"Faculty of Technology and Engineering, Maharaja Sayajirao ",Gujarat,Science,"9,840","9,660",8.1,8.4,6.6,8.5,8,8.3,8.8,"/images/Faculty_of_Technology_and_Engineering,_Maharaja_Sayajirao.png"
Anand Agricultural University ,Gujarat,Science,"22,500","19,600",8.3,9,7.8,8.4,9.1,7.7,7.9,/images/Anand_Agricultural_University.png
Sardar Patel University ,Gujarat,Science,"68,140","61,325",7.8,8.6,7,8.5,7.7,7.3,7.8,/images/Sardar_Patel_University.png
Sardarkrushinagar Dantiwada Agricultural University ,Gujarat,Science,"26,370",--,8.3,8.3,8.3,8.6,8.1,8.1,8.5,/images/Sardarkrushinagar_Dantiwada_Agricultural_University.png
Gujarat Arts and Science College ,Gujarat,Science,--,--,7.5,8.3,6.4,7.4,8.6,6.1,7.9,/images/Gujarat_Arts_and_Science_College.png
"Navsari Agricultural University, Navsari ",Gujarat,Science,"45,100","42,900",8,8.3,7.4,8.4,7.8,7.8,8.2,"/images/Navsari_Agricultural_University,_Navsari.png"
Times Business School ,Gujarat,Science,--,--,8.1,8,7,8.5,8,8,9,/images/Times_Business_School.png
"CU Shah Science College, Ahmedabad ",Gujarat,Science,--,--,7,8.3,5.4,8.5,6.5,6.8,6.5,"/images/CU_Shah_Science_College,_Ahmedabad.png"
Nirma University ,Gujarat,Science,"1,78,000","97,200",8.4,8.6,8,8.4,9.1,8.1,8.2,/images/Nirma_University.png
Mehr Chand Mahajan Dayanand Anglo Vedic College ,Punjab,Science,"37,200","22,900",8.2,8.4,8,8.5,8.2,7.6,8.4,/images/Mehr_Chand_Mahajan_Dayanand_Anglo_Vedic_College.png
"Post Graduate Government College, Chandigarh ",Punjab,Science,"26,590","53,760",7.7,8.4,7.2,8.4,7.5,6.5,7.9,"/images/Post_Graduate_Government_College,_Chandigarh.png"
"Government Home Science College, Chandigarh ",Punjab,Science,"87,060","55,530",9.1,8.7,9.3,9.3,8.7,8.7,9.7,"/images/Government_Home_Science_College,_Chandigarh.png"
Goswami Ganesh Dutt Sanatan Dharama College ,Punjab,Science,"24,500",--,8.1,8.6,7.6,8.5,8.1,7.1,8.8,/images/Goswami_Ganesh_Dutt_Sanatan_Dharama_College.png
Post Graduate Institute of Medical Education & ,Punjab,Science,"7,320","3,470",8,8.3,6.8,8.8,8.2,8,8,/images/Post_Graduate_Institute_of_Medical_Education_&.png
Panjab University ,Punjab,Science,"12,700","12,000",7.7,8.2,7.7,8,7.7,6.5,8.2,/images/Panjab_University.png
National Institute of Pharmaceutical Education and Research ,Punjab,Science,"90,500","1,27,500",9.2,9.1,9.4,9.1,9.9,8.5,9.4,/images/National_Institute_of_Pharmaceutical_Education_and_Research.png
Punjab Agricultural University ,Punjab,Science,"72,920","1,02,390",7.8,8.5,7.5,8.1,8.5,6,8.1,/images/Punjab_Agricultural_University.png
Thapar Institute of Engineering and Technology ,Punjab,Science,"1,48,600","1,16,460",8.3,8,8.1,7.7,8.9,8.2,8.8,/images/Thapar_Institute_of_Engineering_and_Technology.png
Indian Institute of Technology Ropar,Punjab,Science,"24,270","16,300",8.5,8.5,8.1,8.2,9.1,8.4,8.9,/images/Indian_Institute_of_Technology_Ropar.png
Government Medical College and Hospital ,Punjab,Science,"9,500","26,054",7.9,8.7,7,8.5,8.2,6.9,8.3,/images/Government_Medical_College_and_Hospital.png
Kamla Nehru College for Women ,Punjab,Science,--,--,7.9,8.5,8,8.2,8.3,5.8,8.8,/images/Kamla_Nehru_College_for_Women.png
"Government Medical College / Rajindra Hospital-[GMCP], Patiala ",Punjab,Science,--,--,7.5,7.3,7.3,8.3,6.5,7.8,7.5,"/images/Government_Medical_College_/_Rajindra_Hospital-[GMCP],_Patiala.png"
Chandigarh University ,Punjab,Science,"1,10,000","1,00,000",8.6,8.6,8.2,8.4,9,8.6,8.8,/images/Chandigarh_University.png
"Chitkara School of Hospitality -[CSH], Chandigarh ",Punjab,Science,--,--,8.4,8.7,7,9,8.3,8.7,8.5,"/images/Chitkara_School_of_Hospitality_-[CSH],_Chandigarh.png"
"University Institute of Tourism and Hospitality Management, ",Punjab,Science,"1,16,000",--,9.6,9.8,9.4,9.8,9.6,9.6,9.6,"/images/University_Institute_of_Tourism_and_Hospitality_Management,.png"
Punjab Engineering College University of Technology ,Punjab,Science,"28,000",--,8,7.9,7.3,7.6,7.7,8.4,9,/images/Punjab_Engineering_College_University_of_Technology.png
Northern India Institute of Fashion Technology ,Punjab,Science,"1,25,090","1,25,090",7.6,7.2,7.3,8.1,7.5,7.8,7.9,/images/Northern_India_Institute_of_Fashion_Technology.png
"University School of Business, Chandigarh University ",Punjab,Science,"60,000",--,9.1,9.1,8.8,9.1,9.2,9.3,8.9,"/images/University_School_of_Business,_Chandigarh_University.png"
"Ludhiana College of Engineering and Technology, Ludhiana ",Punjab,Science,"1,07,000",--,6.7,7,6.8,7.5,6.8,5.1,7.2,"/images/Ludhiana_College_of_Engineering_and_Technology,_Ludhiana.png"
Punjab Institute of Management and Technology ,Punjab,Science,--,--,8.9,9.4,8.4,9.4,8.8,8.6,8.6,/images/Punjab_Institute_of_Management_and_Technology.png
I.K. Gujral Punjab Technical University ,Punjab,Science,"32,150","38,600",8.1,8,7.4,8.7,8.3,7.7,8.7,/images/I.K._Gujral_Punjab_Technical_University.png
"Khalsa College, Amritsar ",Punjab,Science,"56,370","75,445",7.9,8.3,7.7,7.9,8.3,6.5,8.4,"/images/Khalsa_College,_Amritsar.png"
"BBK DAV College for Women, Amritsar ",Punjab,Science,"22,200","25,080",8.8,9,8.5,9.5,8.2,7.8,9.5,"/images/BBK_DAV_College_for_Women,_Amritsar.png"
"OXL School of Multimedia, Jalandhar ",Punjab,Science,--,--,--,--,--,--,--,--,--,"/images/OXL_School_of_Multimedia,_Jalandhar.png"
Dr BR Ambedkar National Institute of Technology ,Punjab,Science,"1,18,000","33,000",7.9,8,7.7,7.6,8,8,8.3,/images/Dr_BR_Ambedkar_National_Institute_of_Technology.png
"Doaba College, Jalandhar ",Punjab,Science,"27,650","27,560",8.7,9.1,8.4,9.4,8.6,8.1,8.5,"/images/Doaba_College,_Jalandhar.png"
Sant Longowal Institute of Engineering and Technology ,Punjab,Science,"52,000","27,900",7.6,7.7,7.1,7.5,8.4,6.5,8.1,/images/Sant_Longowal_Institute_of_Engineering_and_Technology.png
DAV College ,Punjab,Science,"29,065","58,910",8,8.4,7.4,8.3,8,6.8,8.8,/images/DAV_College.png
St. Xavier's College ,West bengal,Science,"60,500","1,68,000",8.3,8.8,7.4,8.4,8.6,7.8,8.8,/images/St._Xavier's_College.png
Ramakrishna Mission Vivekananda Centenary College Rahara ,West bengal,Science,"10,420","34,040",8,9.3,6.9,8.9,8.5,6.4,7.7,/images/Ramakrishna_Mission_Vivekananda_Centenary_College_Rahara.png
"Ramakrishna Mission Vidyamandira, Howrah ",West bengal,Science,"14,400","14,400",8.8,9.3,8.6,9.4,8.9,7.8,8.6,"/images/Ramakrishna_Mission_Vidyamandira,_Howrah.png"
Ramakrishna Mission Residential College ,West bengal,Science,"47,100","40,000",8.3,8.9,8.1,9,8.4,6.7,8.4,/images/Ramakrishna_Mission_Residential_College.png
Lady Brabourne College ,West bengal,Science,"68,534",--,7.6,8.9,7,8.3,7.9,6.3,7,/images/Lady_Brabourne_College.png
"Bethune College, Kolkata ",West bengal,Science,"1,371","6,561",8,9.1,7.3,8.8,7.9,6.8,8.1,"/images/Bethune_College,_Kolkata.png"
"Scottish Church College, Kolkata ",West bengal,Science,"20,246","50,900",7.8,8.3,7.8,8.3,8.1,6.3,8.2,"/images/Scottish_Church_College,_Kolkata.png"
"Loreto College, Kolkata ",West bengal,Science,"22,640",--,8.3,9.3,6.8,9.3,8.1,7.6,8.6,"/images/Loreto_College,_Kolkata.png"
Indian Institute of Technology Kharagpur,West bengal,Science,"25,465","82,070",8.5,8.8,7.2,8.2,8.9,8.8,9,/images/Indian_Institute_of_Technology_Kharagpur.png
Jadavpur University ,West bengal,Science,"2,400",--,8.4,9,7.6,8.5,8.1,8.4,9,/images/Jadavpur_University.png
Indian Institute of Engineering Science and Technology ,West bengal,Science,"41,500","28,000",8,8.3,7.7,7.9,7.9,7.5,8.4,/images/Indian_Institute_of_Engineering_Science_and_Technology.png
"University of Calcutta, Kolkata ",West bengal,Science,"2,314","1,604",7.7,8.6,6.9,8.5,7.7,6.5,7.7,"/images/University_of_Calcutta,_Kolkata.png"
"Presidency University, Kolkata ",West bengal,Science,"2,125","2,295",8.1,8.8,7.3,8.6,8.8,6.5,8.3,"/images/Presidency_University,_Kolkata.png"
"NSHM Knowledge Campus, Durgapur ",West bengal,Science,"1,37,000","1,77,510",8.3,8.5,8.1,8.6,8.6,7.7,8.5,"/images/NSHM_Knowledge_Campus,_Durgapur.png"
National Institute of Technology Durgapur,West bengal,Science,"1,49,100","39,100",7.7,8,6.8,7.8,7.5,7.8,8.4,/images/National_Institute_of_Technology_Durgapur.png
Institute of Post Graduate Medical Education And ,West bengal,Science,"6,000",--,8,8.7,7.4,7.9,8.3,8.5,7.2,/images/Institute_of_Post_Graduate_Medical_Education_And.png
Guru Nanak Institute of Hotel Management ,West bengal,Science,"1,05,000",--,8,8.3,7.3,8,8.2,8.4,7.9,/images/Guru_Nanak_Institute_of_Hotel_Management.png
"NSHM Knowledge Campus, Kolkata ",West bengal,Science,"1,56,000","1,40,000",7.8,8,6.8,8.1,8.2,7.7,8,"/images/NSHM_Knowledge_Campus,_Kolkata.png"
JD Birla Institute ,West bengal,Science,"1,75,248","84,200",7.6,8.3,6.1,8.1,7.7,7.6,8,/images/JD_Birla_Institute.png
"Annex College, Kolkata ",West bengal,Science,"1,98,000","1,20,000",7.9,7.7,8.3,8.3,7.8,7.5,8,"/images/Annex_College,_Kolkata.png"
Institute of Management Study ,West bengal,Science,"55,000","55,000",7.3,7.8,6.4,7.7,7.6,7.3,6.8,/images/Institute_of_Management_Study.png
"George Group of Colleges, Kolkata ",West bengal,Science,"88,550","1,16,000",7.8,8.7,6.4,8.6,8,7.5,7.5,"/images/George_Group_of_Colleges,_Kolkata.png"
Indian Institute of Social Welfare and Business ,West bengal,Science,--,--,7.7,8.6,6.5,8.3,6.9,8,8,/images/Indian_Institute_of_Social_Welfare_and_Business.png
"Gokhale Memorial Girls' College, Kolkata ",West bengal,Science,"16,060",--,7.8,8.8,7.2,8.8,7.1,7.2,7.9,"/images/Gokhale_Memorial_Girls'_College,_Kolkata.png"
"NIMAS, Kolkata ",West bengal,Science,"1,49,000",--,8.8,9.7,9,8.6,9.5,7.4,8.4,"/images/NIMAS,_Kolkata.png"
Institute of Engineering and Management ,West bengal,Science,--,--,7.5,8.2,6.5,8,6.7,8.4,7.2,/images/Institute_of_Engineering_and_Management.png
Eastern Institute for Integrated Learning In Management ,West bengal,Science,"2,70,000",--,7.5,7.6,6.6,7.5,7.4,8.1,7.6,/images/Eastern_Institute_for_Integrated_Learning_In_Management.png
"KD College of Commerce & General Studies, ",West bengal,Science,"11,700",--,7.3,8.8,7.8,6.4,8.2,5.3,7,"/images/KD_College_of_Commerce_&_General_Studies,.png"
Uttar Banga Krishi Vishwavidyalaya ,West bengal,Science,"6,000",--,7.3,7.9,6.6,8,7.3,5.5,8.2,/images/Uttar_Banga_Krishi_Vishwavidyalaya.png
"Asutosh College, Kolkata ",West bengal,Science,"7,250",--,7.5,8.3,6.5,8.4,7.7,5.6,8.5,"/images/Asutosh_College,_Kolkata.png"
National Institute of Technology Rourkela,Orissa,Science,"97,500","1,13,000",8.4,8.3,7.9,7.8,9.1,8.2,8.9,/images/National_Institute_of_Technology_Rourkela.png
Indian Institute of Technology Bhubaneswar,Orissa,Science,"84,460","43,568",7.8,8.1,8,8,7.8,7.8,7.2,/images/Indian_Institute_of_Technology_Bhubaneswar.png
Siksha 'O' Anusandhan University ,Orissa,Science,"85,000","25,000",8.3,8.6,7.6,8.3,8.7,8,8.5,/images/Siksha_'O'_Anusandhan_University.png
Institute of Technical Education and Research ,Orissa,Science,"85,000",--,8.2,8.4,7.4,8.2,8.6,8.3,8,/images/Institute_of_Technical_Education_and_Research.png
Kalinga Institute of Industrial Technology ,Orissa,Science,"1,39,000","2,71,000",8.6,8.4,8.1,8.2,9.2,8.6,9,/images/Kalinga_Institute_of_Industrial_Technology.png
Xavier University ,Orissa,Science,"1,67,000","1,50,000",8.2,8.7,7.8,8.4,9.2,6.8,8.4,/images/Xavier_University.png
"C. V. Raman Global University, Bhubaneswar ",Orissa,Science,"40,000",--,7.6,7.9,7,7.5,8.2,7.5,7.6,"/images/C._V._Raman_Global_University,_Bhubaneswar.png"
Veer Surendra Sai University of Technology ,Orissa,Science,"91,140","91,140",7.9,8.2,7.7,7.9,7.4,7.7,8.4,/images/Veer_Surendra_Sai_University_of_Technology.png
Central Institute of Freshwater Aquaculture ,Orissa,Science,"60,900",--,--,--,--,--,--,--,--,/images/Central_Institute_of_Freshwater_Aquaculture.png
BJB Autonomous College ,Orissa,Science,"25,000",--,7.4,8.3,6.8,7.9,7.4,5.9,7.9,/images/BJB_Autonomous_College.png
Orissa University of Agriculture and Technology ,Orissa,Science,"35,569","17,860",7.5,8.1,7.6,8.1,7.1,6,8.3,/images/Orissa_University_of_Agriculture_and_Technology.png
Regional Institute of Education ,Orissa,Science,"14,155",--,8.3,8.5,8,8.2,8,8.3,8.9,/images/Regional_Institute_of_Education.png
Biju Pattnaik College of Science & Education ,Orissa,Science,--,--,8,8.5,6.9,8.6,8,7.5,8.4,/images/Biju_Pattnaik_College_of_Science_&_Education.png
"Rama Devi Women's University, Bhubaneswar ",Orissa,Science,"4,023","3,610",7.9,8.5,7.3,8.7,8.3,6,8.7,"/images/Rama_Devi_Women's_University,_Bhubaneswar.png"
Directorate of Research on Woman in Agriculture ,Orissa,Science,--,--,--,--,--,--,--,--,--,/images/Directorate_of_Research_on_Woman_in_Agriculture.png
"Maharishi College of Natural Law, Bhubaneswar ",Orissa,Science,--,--,7.5,8.6,6.4,8.8,7.8,4.7,8.9,"/images/Maharishi_College_of_Natural_Law,_Bhubaneswar.png"
Biju Patnaik University of Technology ,Orissa,Science,--,--,6.2,6.1,6.7,6.4,6.8,4.8,6.1,/images/Biju_Patnaik_University_of_Technology.png
Sri Sri University ,Orissa,Science,"1,24,890","1,24,890",7.1,7.3,6.7,7,7.3,6.3,8.2,/images/Sri_Sri_University.png
"Khallikote University -[KUB], Berhampur ",Orissa,Science,"24,700","51,100",8.6,8.6,8.1,8.7,9,8.2,8.7,"/images/Khallikote_University_-[KUB],_Berhampur.png"
"D.R. Nayapalli College, Bhubaneswar ",Orissa,Science,--,--,8.3,7.8,8.5,9,7.5,7.5,9.3,"/images/D.R._Nayapalli_College,_Bhubaneswar.png"
Satwik Institute Of Professional Studies ,Orissa,Science,--,--,--,--,--,--,--,--,--,/images/Satwik_Institute_Of_Professional_Studies.png
Birla Global University ,Orissa,Science,"1,28,000",--,8.3,8.8,8.1,7.8,8.8,8.1,8.4,/images/Birla_Global_University.png
Centurion University of Technology and Management ,Orissa,Science,"50,000","1,00,000",8.1,8.3,7.6,8.5,8.4,7.4,8.5,/images/Centurion_University_of_Technology_and_Management.png
International Institute of Information Technology ,Orissa,Science,"80,000",--,7.7,8,6.9,7.6,7.8,7.7,8.2,/images/International_Institute_of_Information_Technology.png
Attitude Business School ,Orissa,Science,--,--,--,--,--,--,--,--,--,/images/Attitude_Business_School.png
"Indira Gandhi Institute of Technology- [IGIT], Dhenkanal ",Orissa,Science,--,--,7.8,8,8.3,7.9,7.7,6.7,8.4,"/images/Indira_Gandhi_Institute_of_Technology-_[IGIT],_Dhenkanal.png"
Silicon Institute of Technology ,Orissa,Science,"2,70,000",--,7.7,8.5,7,8.1,7.3,7.7,7.5,/images/Silicon_Institute_of_Technology.png
National Institute of Science and Technology ,Orissa,Science,--,--,7.9,8.2,7.1,8.1,8.1,7.8,7.9,/images/National_Institute_of_Science_and_Technology.png
College of Engineering and Technology ,Orissa,Science,"1,20,000","48,000",7.7,8,7.6,7.6,7.1,7.9,8.1,/images/College_of_Engineering_and_Technology.png
Indian Institute of Technology Roorkee,Uttarakhand,Science,"21,500","28,500",8.4,8.5,7.6,7.9,9,8.6,8.9,/images/Indian_Institute_of_Technology_Roorkee.png
Govind Ballabh Pant University of Agriculture and ,Uttarakhand,Science,"49,108","41,736",7.3,8,7.6,7.4,7.7,6,6.8,/images/Govind_Ballabh_Pant_University_of_Agriculture_and.png
Greenway Institute of Management Studies ,Uttarakhand,Science,--,--,6.1,7,5.5,6.5,6.5,4,7,/images/Greenway_Institute_of_Management_Studies.png
"Graphic Era University, School of Engineering and ",Uttarakhand,Science,"92,900",--,8.2,8.3,7.7,8,8.6,8.8,8,"/images/Graphic_Era_University,_School_of_Engineering_and.png"
Doon Business School ,Uttarakhand,Science,"1,12,000",--,7.6,8,7,8.1,7.4,7.4,7.7,/images/Doon_Business_School.png
"College of Technology, GB Pant University of ",Uttarakhand,Science,"46,056","46,056",7,7.1,6.7,6.9,7.3,6,7.7,"/images/College_of_Technology,_GB_Pant_University_of.png"
University of Petroleum and Energy Studies ,Uttarakhand,Science,"3,36,500","3,69,500",8.1,8.1,7.8,7.9,8.6,7.7,8.2,/images/University_of_Petroleum_and_Energy_Studies.png
"Institute of Media Management , Technology & ",Uttarakhand,Science,"65,000",--,--,--,--,--,--,--,--,"/images/Institute_of_Media_Management_,_Technology_&.png"
"Bishamber Sahai Degree College, Roorkee ",Uttarakhand,Science,--,--,--,--,--,--,--,--,--,"/images/Bishamber_Sahai_Degree_College,_Roorkee.png"
Dolphin PG Institute of BioMedical & Natural ,Uttarakhand,Science,"75,000","55,000",7.7,8.4,6.5,7.9,7.8,6.7,8.6,/images/Dolphin_PG_Institute_of_BioMedical_&_Natural.png
Forest Research Institute ,Uttarakhand,Science,"65,100",--,7.7,8,8,8,7.7,6.8,7.7,/images/Forest_Research_Institute.png
Wildlife Institute of India ,Uttarakhand,Science,"5,32,800","11,00,000",9.1,9.5,9.3,9.1,9,8.6,9.2,/images/Wildlife_Institute_of_India.png
"Doon University, Dehradun ",Uttarakhand,Science,"41,750","47,750",7.2,7.3,7,7.3,7.9,6.3,7.6,"/images/Doon_University,_Dehradun.png"
Doon Post Graduate College of Agriculture Science ,Uttarakhand,Science,"70,000","70,000",6.7,7.5,6.4,7.6,7,4.9,6.8,/images/Doon_Post_Graduate_College_of_Agriculture_Science.png
DIT University ,Uttarakhand,Science,"80,000","1,80,000",7.8,7.9,7.6,7.6,8.4,7.4,8,/images/DIT_University.png
"Patanjali University, Haridwar ",Uttarakhand,Science,"42,000","35,900",8.2,8.4,8.3,8.4,8.4,7.8,8.1,"/images/Patanjali_University,_Haridwar.png"
"MotherHood University, Roorkee ",Uttarakhand,Science,"62,650","1,05,000",8,8.3,7.9,7.6,8,8,8.3,"/images/MotherHood_University,_Roorkee.png"
"Uttaranchal University, Dehradun ",Uttarakhand,Science,"90,200","90,200",7.5,7.8,6.8,7.7,8.6,6.5,7.5,"/images/Uttaranchal_University,_Dehradun.png"
Graphic Era University ,Uttarakhand,Science,"1,21,700","1,06,000",8.3,8.2,7.9,8.4,8.6,8.1,8.4,/images/Graphic_Era_University.png
Swami Rama Himalayan University ,Uttarakhand,Science,"1,23,500","1,05,500",7,7.1,6.6,6.9,7.4,7.1,6.7,/images/Swami_Rama_Himalayan_University.png
Graphic Era Hill University ,Uttarakhand,Science,"1,26,600","66,390",8.1,7.9,7.8,8.1,8.4,7.7,8.4,/images/Graphic_Era_Hill_University.png
Shri Guru Ram Rai University ,Uttarakhand,Science,"50,000","74,385",7.6,7.8,7.1,7.9,7.9,7.3,7.7,/images/Shri_Guru_Ram_Rai_University.png
"ICFAI University, Dehradun ",Uttarakhand,Science,"2,40,000","2,56,800",7.8,8.2,7.5,8.2,7.4,7.3,7.9,"/images/ICFAI_University,_Dehradun.png"
Himgiri Zee University ,Uttarakhand,Science,"1,25,000","90,000",7.9,8.5,5.5,9,8,7.7,8.8,/images/Himgiri_Zee_University.png
UPES Centre for Continuing Education ,Uttarakhand,Science,"78,500",--,7.9,8.7,8,8,8,7.3,7.3,/images/UPES_Centre_for_Continuing_Education.png
Roorkee Institute of Technology ,Uttarakhand,Science,"60,000",--,8.5,8.5,8.5,8.6,8.7,8.4,8.5,/images/Roorkee_Institute_of_Technology.png
Roorkee College of Engineering ,Uttarakhand,Science,"69,200",--,9.4,9.3,9.2,9.4,9.4,9.3,9.5,/images/Roorkee_College_of_Engineering.png
Indian Institute of Aeronautical Engineering ,Uttarakhand,Science,"3,00,000",--,8.3,7.5,8.5,8.5,9,8,8,/images/Indian_Institute_of_Aeronautical_Engineering.png
"Loyola College, Chennai ",Tamil nadu,Commerce,"12,650","11,580",8.6,8.7,8.2,8.3,8.9,8.4,8.8,"/images/Loyola_College,_Chennai.png"
Madras Christian College ,Tamil nadu,Commerce,"6,000",--,8.6,8.5,7.9,8.6,8.7,8.4,9.2,/images/Madras_Christian_College.png
"Stella Maris College, Chennai ",Tamil nadu,Commerce,"29,645","20,000",8.2,8.8,7.5,8.6,8.4,7.6,8.5,"/images/Stella_Maris_College,_Chennai.png"
"Ethiraj College for Women, Chennai ",Tamil nadu,Commerce,"76,000",--,8.1,8.5,7.3,8.2,7.9,7.9,8.6,"/images/Ethiraj_College_for_Women,_Chennai.png"
Women's Christian College ,Tamil nadu,Commerce,"79,084","1,200",8.7,9,7.9,8.8,9.1,8.5,8.9,/images/Women's_Christian_College.png
"M.O.P. Vaishnav College for Women, Chennai ",Tamil nadu,Commerce,--,--,8.5,8.7,8.1,8.7,8.4,8.3,9,"/images/M.O.P._Vaishnav_College_for_Women,_Chennai.png"
"Sri Krishna Arts and Science College, Coimbatore ",Tamil nadu,Commerce,"9,000",--,8.5,8.6,7.8,8.6,8.9,8.7,8.5,"/images/Sri_Krishna_Arts_and_Science_College,_Coimbatore.png"
"Guru Nanak College, Chennai ",Tamil nadu,Commerce,"9,500","11,450",7.9,8.2,7.1,8,8.4,7.3,8.5,"/images/Guru_Nanak_College,_Chennai.png"
"Sri Ramakrishna College of Arts and Science, ",Tamil nadu,Commerce,"62,000","82,000",8.2,8.2,7.3,8.7,7.7,8.2,8.8,"/images/Sri_Ramakrishna_College_of_Arts_and_Science,.png"
Dr. SNS Rajalakshmi College of Arts and ,Tamil nadu,Commerce,"51,000","33,000",8,8.3,7,8,8.3,8.4,7.7,/images/Dr._SNS_Rajalakshmi_College_of_Arts_and.png
"Presidency College, Chennai ",Tamil nadu,Commerce,"1,250","2,215",8.2,8.8,7.3,8.9,8.1,7.6,8.6,"/images/Presidency_College,_Chennai.png"
Vellore Institute of Technology ,Tamil nadu,Commerce,"57,000",--,8.3,8.3,8,7.8,8.9,8.5,8.5,/images/Vellore_Institute_of_Technology.png
"PSG College of Arts and Science, Coimbatore ",Tamil nadu,Commerce,"56,850","10,000",8.3,8.5,7.9,8.2,8.5,8.2,8.7,"/images/PSG_College_of_Arts_and_Science,_Coimbatore.png"
"PSGR Krishnammal College for Women, Coimbatore ",Tamil nadu,Commerce,"1,411",--,8.8,9.1,8.3,8.6,8.9,8.7,9,"/images/PSGR_Krishnammal_College_for_Women,_Coimbatore.png"
"Scott Christian College, Nagercoil ",Tamil nadu,Commerce,--,--,8.4,8.3,8,8.7,8.8,7.9,8.4,"/images/Scott_Christian_College,_Nagercoil.png"
"Government Arts College (Autonomous), Coimbatore ",Tamil nadu,Commerce,"1,355","1,135",7.7,8.8,6.7,8.5,7.4,6.3,8.6,"/images/Government_Arts_College_(Autonomous),_Coimbatore.png"
SRM Institute of Technology ,Tamil nadu,Commerce,"1,35,000","35,000",8,8,7.1,7.6,8.7,8.2,8.6,/images/SRM_Institute_of_Technology.png
"Thiagarajar College, Madurai ",Tamil nadu,Commerce,"44,170","28,995",7.5,7.9,7.1,8,7.1,7.2,7.9,"/images/Thiagarajar_College,_Madurai.png"
"St. Joseph's College, Tiruchirappalli ",Tamil nadu,Commerce,"14,270","9,790",8.6,9.1,7.9,8.7,9.1,8,8.8,"/images/St._Joseph's_College,_Tiruchirappalli.png"
Annamalai University ,Tamil nadu,Commerce,"7,195","10,195",7.4,8.1,6.7,8,7.9,6.5,7.2,/images/Annamalai_University.png
"Queen Mary's College, Chennai ",Tamil nadu,Commerce,"1,512",592,7.6,7.9,6.9,8.3,6.8,7.6,8.2,"/images/Queen_Mary's_College,_Chennai.png"
Bishop Heber College ,Tamil nadu,Commerce,"79,170","55,140",8.3,8.5,7.8,8.2,8.9,8.1,8.4,/images/Bishop_Heber_College.png
"Kongunadu Arts and Science College, Coimbatore ",Tamil nadu,Commerce,"52,000","35,000",7.3,8,6.7,8.3,7.3,6.3,7,"/images/Kongunadu_Arts_and_Science_College,_Coimbatore.png"
"CMS College of Science and Commerce, Coimbatore ",Tamil nadu,Commerce,"50,000",--,8.2,8.3,7.4,8.1,8.5,8,8.7,"/images/CMS_College_of_Science_and_Commerce,_Coimbatore.png"
Jamal Mohamed College ,Tamil nadu,Commerce,"16,200","12,000",8.5,8.8,8.1,8.5,8.6,8.4,8.6,/images/Jamal_Mohamed_College.png
Sri Ramakrishna Mission Vidyalaya College of Arts ,Tamil nadu,Commerce,"20,000","20,590",8.6,8.8,7.7,8.9,9,8.1,8.9,/images/Sri_Ramakrishna_Mission_Vidyalaya_College_of_Arts.png
"SASTRA University, Thanjavur ",Tamil nadu,Commerce,"47,000","54,750",8.1,8.5,7,8.2,8.3,8.7,8.1,"/images/SASTRA_University,_Thanjavur.png"
Virudhunagar Hindu Nadar's Senthikumara Nadar College ,Tamil nadu,Commerce,654,"15,915",8.5,9,8.3,8.4,8.8,7.9,8.6,/images/Virudhunagar_Hindu_Nadar's_Senthikumara_Nadar_College.png
"Sathyabama Institute of Science and Technology, Chennai ",Tamil nadu,Commerce,"1,10,000",--,7.8,7.9,8.4,7.6,7.7,8,7.2,"/images/Sathyabama_Institute_of_Science_and_Technology,_Chennai.png"
Dr. N.G.P. Arts and Science College ,Tamil nadu,Commerce,--,--,7.6,7.8,7.1,7.5,8.4,7.7,7,/images/Dr._N.G.P._Arts_and_Science_College.png
"St. Xavier's College, Mumbai ",Maharashtra,Commerce,"5,537",--,8.2,8.7,7.3,8.3,8.8,7.6,8.7,"/images/St._Xavier's_College,_Mumbai.png"
"Narsee Monjee College of Commerce and Economics, ",Maharashtra,Commerce,"35,000","32,000",8.3,8.7,7.5,8.4,8.5,7.8,8.6,"/images/Narsee_Monjee_College_of_Commerce_and_Economics,.png"
"RA Podar College of Commerce and Economics, ",Maharashtra,Commerce,"40,900","12,600",7.7,8.8,6.8,8.1,7.4,7.1,8.2,"/images/RA_Podar_College_of_Commerce_and_Economics,.png"
"Symbiosis College of Arts and Commerce, Pune ",Maharashtra,Commerce,"19,100","40,511",8.3,8.8,7.5,8.6,7.7,8.2,8.9,"/images/Symbiosis_College_of_Arts_and_Commerce,_Pune.png"
"HR College of Commerce and Economics, Mumbai ",Maharashtra,Commerce,"18,162","14,722",7.9,8.6,7.2,8.3,6.4,8.5,8.6,"/images/HR_College_of_Commerce_and_Economics,_Mumbai.png"
K J Somaiya College of Arts & ,Maharashtra,Commerce,"9,995","13,230",8.1,8.1,8.4,7.8,8.8,7,8.5,/images/K_J_Somaiya_College_of_Arts_&.png
"Sydenham College of Commerce & Economics, Mumbai ",Maharashtra,Commerce,"5,415","8,165",7.8,8.2,7.2,8.1,7.2,7.7,8.4,"/images/Sydenham_College_of_Commerce_&_Economics,_Mumbai.png"
KPB Hinduja College of Commerce ,Maharashtra,Commerce,"14,831",--,7.3,7.7,6.6,8.3,6.8,6.2,8.2,/images/KPB_Hinduja_College_of_Commerce.png
"Mithibai College of Arts, Mumbai ",Maharashtra,Commerce,"95,000","35,000",8.5,8.5,8.3,8.4,8.9,7.6,9,"/images/Mithibai_College_of_Arts,_Mumbai.png"
Brihan Maharashtra College of Commerce ,Maharashtra,Commerce,"9,750","7,225",8.3,8.8,7.2,8.6,8.6,7.6,8.9,/images/Brihan_Maharashtra_College_of_Commerce.png
Kishinchand Chellaram College ,Maharashtra,Commerce,"9,535","32,920",8.3,8.6,7.9,8.5,8.4,7.4,8.7,/images/Kishinchand_Chellaram_College.png
"Mulund College of Commerce, Mumbai ",Maharashtra,Commerce,"18,850","12,365",7.7,8.4,6.9,8.6,7.1,7.2,7.9,"/images/Mulund_College_of_Commerce,_Mumbai.png"
B.K Birla College Of Arts Science & ,Maharashtra,Commerce,"12,950","11,715",7.6,8,6.5,8.1,8.1,6.6,8,/images/B.K_Birla_College_Of_Arts_Science_&.png
Kelkar Education Trust's V.G. Vaze College of ,Maharashtra,Commerce,"20,366","16,552",8.4,8.9,7.8,8.7,8.7,7.7,8.7,/images/Kelkar_Education_Trust's_V.G._Vaze_College_of.png
"St. Mira's College for Girls, Pune ",Maharashtra,Commerce,"19,350","4,000",6.9,7.2,6.1,8.3,6.8,5.6,7.2,"/images/St._Mira's_College_for_Girls,_Pune.png"
IIT Bombay ,Maharashtra,Commerce,"73,000",--,8.9,9.3,7.9,8.7,8.9,9.1,9.2,/images/IIT_Bombay.png
D.G. Ruparel College of Arts Science and ,Maharashtra,Commerce,"5,805",--,7.9,8.3,7.5,8.1,8.6,6.8,8.2,/images/D.G._Ruparel_College_of_Arts_Science_and.png
"Ramnarain Ruia Autonomous College, Mumbai ",Maharashtra,Commerce,--,--,7.9,8.4,7,8,8.4,6.6,8.9,"/images/Ramnarain_Ruia_Autonomous_College,_Mumbai.png"
Savitribai Phule Pune University ,Maharashtra,Commerce,--,--,7.6,8.1,7.1,7.9,7.9,6.8,7.5,/images/Savitribai_Phule_Pune_University.png
Jai Hind College ,Maharashtra,Commerce,"5,330","14,947",8.5,8.5,8.3,8.5,8.4,7.8,9.2,/images/Jai_Hind_College.png
"Sophia College for Women, Mumbai ",Maharashtra,Commerce,--,--,8.6,9.1,8.4,9.1,9.5,6.6,9,"/images/Sophia_College_for_Women,_Mumbai.png"
Narsee Monjee Institute of Management Studies ,Maharashtra,Commerce,"2,02,000",--,8.1,8.4,7.6,8.5,8.1,7.9,8.2,/images/Narsee_Monjee_Institute_of_Management_Studies.png
St Andrew's College of Arts Science and ,Maharashtra,Commerce,"19,087","16,125",8.2,8.4,7.2,8.3,8.6,7.6,8.8,/images/St_Andrew's_College_of_Arts_Science_and.png
Modern College of Arts Science and Commerce ,Maharashtra,Commerce,--,--,7.5,8,6.6,8.3,7.3,6.9,7.6,/images/Modern_College_of_Arts_Science_and_Commerce.png
Mumbai University ,Maharashtra,Commerce,"3,680","21,720",7.2,7.6,6.5,7.9,7.4,6.6,7,/images/Mumbai_University.png
"Bharati Vidyapeeth New Law College -[NLC], Pune ",Maharashtra,Commerce,--,--,7.1,7.9,6.1,8,6.4,6.5,7.4,"/images/Bharati_Vidyapeeth_New_Law_College_-[NLC],_Pune.png"
Prin. L. N. Welingkar Institute of Management ,Maharashtra,Commerce,"12,300",--,8,8.4,7.4,8.4,8.2,7.8,7.9,/images/Prin._L._N._Welingkar_Institute_of_Management.png
National Institute of Management ,Maharashtra,Commerce,"45,700","40,700",10,--,--,--,--,--,--,/images/National_Institute_of_Management.png
"Wilson College, Mumbai ",Maharashtra,Commerce,"4,170",--,7.4,7.7,6.7,7.9,7.7,6.1,8.3,"/images/Wilson_College,_Mumbai.png"
"Elphinstone College, Mumbai ",Maharashtra,Commerce,"3,995",--,7.5,8.1,6.8,7.9,7.9,6.5,8,"/images/Elphinstone_College,_Mumbai.png"
Banaras Hindu University ,Uttar pradesh,Commerce,"3,420","3,900",8.3,8.7,8.1,8.4,8.8,7.2,8.6,/images/Banaras_Hindu_University.png
Aligarh Muslim University ,Uttar pradesh,Commerce,"9,285","84,845",8.3,8.8,7.9,8.5,8.8,7.2,8.6,/images/Aligarh_Muslim_University.png
"Amity University, Noida ",Uttar pradesh,Commerce,"1,10,000","1,20,000",8.2,8,7.9,8.1,8.9,7.6,8.7,"/images/Amity_University,_Noida.png"
"Amity University, Lucknow ",Uttar pradesh,Commerce,"84,000","1,30,000",8.1,8,7.6,8.1,8.8,7.1,8.8,"/images/Amity_University,_Lucknow.png"
"Lloyd Law College, Greater Noida ",Uttar pradesh,Commerce,--,--,7.5,8.5,7.2,7.8,7.8,7.1,6.8,"/images/Lloyd_Law_College,_Greater_Noida.png"
Chaudhary Charan Singh University ,Uttar pradesh,Commerce,"26,500","1,366",6.4,6.6,6.1,7.3,6.6,4.9,6.6,/images/Chaudhary_Charan_Singh_University.png
"National Post Graduate College, Lucknow ",Uttar pradesh,Commerce,"25,000","25,500",7.6,8.6,7.4,8.5,7.6,6.8,6.7,"/images/National_Post_Graduate_College,_Lucknow.png"
Sam Higginbottom University of Agriculture Technology and ,Uttar pradesh,Commerce,"52,000","42,000",7.2,7.6,6.6,7.5,7.5,6,7.9,/images/Sam_Higginbottom_University_of_Agriculture_Technology_and.png
"IIMT College of Management, Greater Noida ",Uttar pradesh,Commerce,"59,500",--,8.4,8.7,8.1,9,8.3,7.7,8.4,"/images/IIMT_College_of_Management,_Greater_Noida.png"
"INMANTEC Institutions, Ghaziabad ",Uttar pradesh,Commerce,"30,000",--,8.6,9.1,7.9,9.2,8.6,8.2,8.7,"/images/INMANTEC_Institutions,_Ghaziabad.png"
Ewing Christian College ,Uttar pradesh,Commerce,"35,000",--,7,8.2,5.7,7.9,7.5,5.1,7.8,/images/Ewing_Christian_College.png
Teerthanker Mahaveer University ,Uttar pradesh,Commerce,"79,900",--,8.1,8.3,7.6,8.2,8.7,7.3,8.3,/images/Teerthanker_Mahaveer_University.png
"Presidency College of Education and Technology, Meerut ",Uttar pradesh,Commerce,--,--,--,--,--,--,--,--,--,"/images/Presidency_College_of_Education_and_Technology,_Meerut.png"
"Mewar Institute of Management, Ghaziabad ",Uttar pradesh,Commerce,"30,000",--,7.9,8.3,6.6,8.7,7.9,8.3,7.7,"/images/Mewar_Institute_of_Management,_Ghaziabad.png"
Rajiv Academy for Technology and Management ,Uttar pradesh,Commerce,"50,000",--,8.6,9.4,8.1,9,8.1,8.5,8.5,/images/Rajiv_Academy_for_Technology_and_Management.png
Mangalayatan University ,Uttar pradesh,Commerce,"90,000","25,000",7.9,7.8,7.8,8.2,8.4,7.1,8.1,/images/Mangalayatan_University.png
Modern College of Professional Studies ,Uttar pradesh,Commerce,"15,000",--,7.8,8.3,7.5,7.6,7.3,7.8,8,/images/Modern_College_of_Professional_Studies.png
Shri Ram Murti Smarak International Business School ,Uttar pradesh,Commerce,"25,500",--,9.5,9.5,9.6,9.4,9.6,9.4,9.2,/images/Shri_Ram_Murti_Smarak_International_Business_School.png
"Mangalayatan University, Institute of Business Management ",Uttar pradesh,Commerce,"25,000","90,000",8.1,9,7.7,8.3,8.3,7.8,7.7,"/images/Mangalayatan_University,_Institute_of_Business_Management.png"
DAV College ,Uttar pradesh,Commerce,"4,500",--,6.7,7.5,5.6,7.3,7,5.8,7.1,/images/DAV_College.png
"Shobhit University, School of Business Studies, Meerut ",Uttar pradesh,Commerce,"46,200","46,200",9.2,9.3,9,9.3,9.3,9.3,--,"/images/Shobhit_University,_School_of_Business_Studies,_Meerut.png"
Teerthanker Mahaveer Institute of Management and Technology ,Uttar pradesh,Commerce,"87,700",--,8,8.1,7.8,8,8.3,7.5,8.3,/images/Teerthanker_Mahaveer_Institute_of_Management_and_Technology.png
Isabella Thoburn Degree College ,Uttar pradesh,Commerce,--,--,7.7,8.5,7.2,8.4,7.8,5.9,8.2,/images/Isabella_Thoburn_Degree_College.png
Institute of Business Management ,Uttar pradesh,Commerce,"1,35,000","5,17,000",8.5,8.7,8.4,8.6,8.7,8.3,8.2,/images/Institute_of_Business_Management.png
"Sharda University, School of Business Studies ",Uttar pradesh,Commerce,"1,69,950","1,03,000",8.8,8.4,8,9.5,8.6,8.2,9.8,"/images/Sharda_University,_School_of_Business_Studies.png"
"Udai Pratap College, Varanasi ",Uttar pradesh,Commerce,"3,882","4,661",7.4,8.1,6.6,8.8,7.3,6.6,7,"/images/Udai_Pratap_College,_Varanasi.png"
"Central Women's College of Education-[CWCE], Lucknow ",Uttar pradesh,Commerce,--,--,--,--,--,--,--,--,--,"/images/Central_Women's_College_of_Education-[CWCE],_Lucknow.png"
"R.B.D. Mahila Mahavidyalaya, Bijnor ",Uttar pradesh,Commerce,--,--,--,--,--,--,--,--,--,"/images/R.B.D._Mahila_Mahavidyalaya,_Bijnor.png"
"Mahila Vidyalaya PG College, Lucknow ",Uttar pradesh,Commerce,"5,717",--,6.7,--,--,8,--,3,9,"/images/Mahila_Vidyalaya_PG_College,_Lucknow.png"
Chhatrapati Shahu Ji Maharaj University ,Uttar pradesh,Commerce,"53,000","1,317",7.1,7.2,6.6,7.5,8,5.8,7.7,/images/Chhatrapati_Shahu_Ji_Maharaj_University.png
Shri Ram College of Commerce ,Delhi ncr,Commerce,"15,000","29,400",8.8,9.1,7.7,9.1,8.9,8.9,9.1,/images/Shri_Ram_College_of_Commerce.png
Lady Shri Ram College for Women ,Delhi ncr,Commerce,"19,870",--,8.5,8.8,7.9,8.6,8.6,8,8.9,/images/Lady_Shri_Ram_College_for_Women.png
"Hindu College, New Delhi ",Delhi ncr,Commerce,"18,260","18,310",8.4,8.8,7.9,8.7,8.5,7.6,9,"/images/Hindu_College,_New_Delhi.png"
Hansraj College ,Delhi ncr,Commerce,"20,945","17,034",8.4,8.7,7.9,8.7,8.5,7.8,8.9,/images/Hansraj_College.png
"Sri Venkateswara College, New Delhi ",Delhi ncr,Commerce,"12,405",--,8.3,8.7,7.8,8.5,8.2,7.9,8.8,"/images/Sri_Venkateswara_College,_New_Delhi.png"
"Gargi College, New Delhi ",Delhi ncr,Commerce,"12,495",--,8.2,8.5,7.2,8.6,8,7.8,9,"/images/Gargi_College,_New_Delhi.png"
Kirori Mal College ,Delhi ncr,Commerce,"13,745",--,8.2,8.7,7.6,8.6,7.9,7.3,8.9,/images/Kirori_Mal_College.png
Indraprastha College for Women ,Delhi ncr,Commerce,"28,100",--,8,8.8,7.6,8.2,8.8,7.1,7.5,/images/Indraprastha_College_for_Women.png
Jesus and Mary College ,Delhi ncr,Commerce,"16,610",--,7.9,8.6,6.9,8.1,8.5,7.1,8.4,/images/Jesus_and_Mary_College.png
"Miranda House, New Delhi ",Delhi ncr,Commerce,"3,000",--,8.6,9.1,8.5,8.5,9.3,7.1,8.9,"/images/Miranda_House,_New_Delhi.png"
Atma Ram Sanatan Dharma College ,Delhi ncr,Commerce,"12,185","11,771",7.8,8.4,6.7,8.4,8,6.8,8.7,/images/Atma_Ram_Sanatan_Dharma_College.png
"Deen Dayal Upadhyaya College, New Delhi ",Delhi ncr,Commerce,"18,745",--,7.9,8.4,7.4,8.3,8.4,6.5,8.2,"/images/Deen_Dayal_Upadhyaya_College,_New_Delhi.png"
"Jamia Millia Islamia University-[JMI], New Delhi ",Delhi ncr,Commerce,"7,200","7,200",8,8.4,7.6,8.3,8.4,7.2,8.2,"/images/Jamia_Millia_Islamia_University-[JMI],_New_Delhi.png"
"Kasturi Ram College of Higher Education, New ",Delhi ncr,Commerce,"55,500",--,7.1,7.6,5.6,8.3,6.9,6.4,7.5,"/images/Kasturi_Ram_College_of_Higher_Education,_New.png"
Sri Guru Tegh Bahadur Khalsa College ,Delhi ncr,Commerce,"26,965","18,954",7.8,8.2,7.2,8.2,8.1,6.8,8.3,/images/Sri_Guru_Tegh_Bahadur_Khalsa_College.png
"Jamia Hamdard University, New Delhi ",Delhi ncr,Commerce,"1,25,000",--,7.5,8.1,7.3,7.8,8.1,6.5,7.4,"/images/Jamia_Hamdard_University,_New_Delhi.png"
Acharya Narendra Dev College ,Delhi ncr,Commerce,"7,965",--,7.8,8.9,6.5,8.7,7.3,7.1,8.1,/images/Acharya_Narendra_Dev_College.png
Guru Gobind Singh Indraprastha University ,Delhi ncr,Commerce,"83,800",--,7.8,8.1,7.5,8,8.1,6.9,8.1,/images/Guru_Gobind_Singh_Indraprastha_University.png
Delhi University ,Delhi ncr,Commerce,"5,140",--,7.9,8.4,7.4,8.4,7.9,7.2,8.3,/images/Delhi_University.png
Daulat Ram College ,Delhi ncr,Commerce,"16,890",--,7.9,8.4,7.4,8.5,7.5,7.2,8.4,/images/Daulat_Ram_College.png
"Maitreyi College, New Delhi ",Delhi ncr,Commerce,"6,980",--,7.8,8.3,6.8,8.3,8,6.8,8.3,"/images/Maitreyi_College,_New_Delhi.png"
"Ramjas College, New Delhi ",Delhi ncr,Commerce,"14,495","14,284",7.9,8.4,7.1,8.4,7.9,7,8.5,"/images/Ramjas_College,_New_Delhi.png"
Shyam Lal College ,Delhi ncr,Commerce,"15,800",--,7.3,8.1,6.2,8,7.5,6.1,7.9,/images/Shyam_Lal_College.png
Maharshi Dayanand University ,Delhi ncr,Commerce,"3,984","3,192",7.8,8,7.7,8,8.4,6.6,8,/images/Maharshi_Dayanand_University.png
Delhi College of Arts and Commerce ,Delhi ncr,Commerce,"8,495",--,7.9,8.3,7.3,8.2,7.1,7.9,8.8,/images/Delhi_College_of_Arts_and_Commerce.png
"Shivaji College, New Delhi ",Delhi ncr,Commerce,"19,850",--,7.8,8.2,6.8,8.3,8.1,6.8,8.3,"/images/Shivaji_College,_New_Delhi.png"
Maharaja Agrasen College ,Delhi ncr,Commerce,"12,000",--,7.7,8.2,6.7,8.1,8.7,6.5,7.9,/images/Maharaja_Agrasen_College.png
"Amity University, Noida ",Delhi ncr,Commerce,"1,10,000","1,20,000",8.2,8,7.9,8.1,8.9,7.6,8.7,"/images/Amity_University,_Noida.png"
"Department of Commerce, University of Delhi, New ",Delhi ncr,Commerce,"4,001","3,685",8.4,8.3,8.5,8.9,8.2,8.3,8,"/images/Department_of_Commerce,_University_of_Delhi,_New.png"
"Lloyd Law College, Greater Noida ",Delhi ncr,Commerce,--,--,7.5,8.5,7.2,7.8,7.8,7.1,6.8,"/images/Lloyd_Law_College,_Greater_Noida.png"
Andhra Loyola College ,Andhra pradesh,Commerce,--,--,8,8.5,7.4,8.5,8.6,7,8.2,/images/Andhra_Loyola_College.png
K L University ,Andhra pradesh,Commerce,"1,85,000","90,000",8.3,8.5,7.6,8.3,8.8,8.3,8.2,/images/K_L_University.png
Sri Venkateswara University ,Andhra pradesh,Commerce,"8,510","9,900",8.1,7.9,8.3,8.2,7.9,7.7,8.4,/images/Sri_Venkateswara_University.png
GITAM Institute of Management ,Andhra pradesh,Commerce,"1,40,000","80,000",8.5,8.6,7.3,8.8,9.2,8.4,8.7,/images/GITAM_Institute_of_Management.png
Acharya Nagarjuna University ,Andhra pradesh,Commerce,"4,665","11,750",7.3,7.7,7,7.2,8,5.7,8.2,/images/Acharya_Nagarjuna_University.png
"Silver Jubilee Government Degree College, Kurnool ",Andhra pradesh,Commerce,"5,291",--,7.7,8.3,6.1,9,7.7,7.1,7.9,"/images/Silver_Jubilee_Government_Degree_College,_Kurnool.png"
"TSR and TBK Degree and PG College, ",Andhra pradesh,Commerce,"22,500",--,7.7,8.3,6,8.8,8,6.8,8.5,"/images/TSR_and_TBK_Degree_and_PG_College,.png"
"Dr. Lankapalli Bullayya College, Visakhapatnam ",Andhra pradesh,Commerce,--,--,8.2,8.7,7.5,8.6,9,6.8,8.3,"/images/Dr._Lankapalli_Bullayya_College,_Visakhapatnam.png"
PVKN Govt Degree College ,Andhra pradesh,Commerce,"8,555",--,8.9,9.7,7.7,9,8.7,8.3,9.7,/images/PVKN_Govt_Degree_College.png
Centurion University of Technology and Management ,Andhra pradesh,Commerce,"80,000",--,7.8,8,7.2,8.3,7.6,7.4,8.3,/images/Centurion_University_of_Technology_and_Management.png
VIT University ,Andhra pradesh,Commerce,"1,53,000",--,8.2,8.3,7.9,8.3,8.1,8.4,8.1,/images/VIT_University.png
"SRM University, Amaravathi ",Andhra pradesh,Commerce,"16,000",--,8.7,8.7,8.1,9.2,9.2,8.4,8.4,"/images/SRM_University,_Amaravathi.png"
"Andhra University, College of Science & Technology, ",Andhra pradesh,Commerce,--,--,8,8.6,6.4,8.8,8.3,7.1,8.7,"/images/Andhra_University,_College_of_Science_&_Technology,.png"
Siddartha Educational Academy Group of Institutions ,Andhra pradesh,Commerce,--,--,6.2,6.3,4.6,6.9,7.6,5.3,6.4,/images/Siddartha_Educational_Academy_Group_of_Institutions.png
VIT-AP School of Business ,Andhra pradesh,Commerce,"1,53,000",--,8.1,8.8,8.3,8.3,7.8,7.8,7.8,/images/VIT-AP_School_of_Business.png
Emeralds Degree and PG College ,Andhra pradesh,Commerce,"25,000",--,8.6,9.3,8.3,8.6,9.5,7,8.6,/images/Emeralds_Degree_and_PG_College.png
"AGL Degree and PG College, Visakhapatnam ",Andhra pradesh,Commerce,--,--,7.4,7.5,6,9,8,6,8,"/images/AGL_Degree_and_PG_College,_Visakhapatnam.png"
"Adoni Arts and Science College, Adoni ",Andhra pradesh,Commerce,--,--,8.2,8.5,7.3,8.5,8.3,7.8,8.7,"/images/Adoni_Arts_and_Science_College,_Adoni.png"
A.G & S.G Siddhartha Degree College of ,Andhra pradesh,Commerce,"3,714","15,500",8.5,8.9,7.6,8.9,8.4,8.4,8.8,/images/A.G_&_S.G_Siddhartha_Degree_College_of.png
Akkineni Nageswara Rao College ,Andhra pradesh,Commerce,"3,315","9,210",8.6,9,9,8.3,--,--,--,/images/Akkineni_Nageswara_Rao_College.png
"Andhra Muslim College of Arts and Science, ",Andhra pradesh,Commerce,--,--,--,--,--,--,--,--,--,"/images/Andhra_Muslim_College_of_Arts_and_Science,.png"
"Annabattuni Satyanarayana Degree College, Guntur ",Andhra pradesh,Commerce,--,--,6.9,7.7,6,8,6.3,8.3,5,"/images/Annabattuni_Satyanarayana_Degree_College,_Guntur.png"
"Besant Theosophical College, Madanapalle ",Andhra pradesh,Commerce,"6,000","20,000",8.3,8.5,8.5,8.5,8,8,8.5,"/images/Besant_Theosophical_College,_Madanapalle.png"
Ch S D St Theresa's Atonomous College ,Andhra pradesh,Commerce,"12,000",--,--,--,--,--,--,--,--,/images/Ch_S_D_St_Theresa's_Atonomous_College.png
Dantuluri Narayana Raju college ,Andhra pradesh,Commerce,"2,800","4,096",8.5,8.5,8.3,8.7,9.2,6.7,9.3,/images/Dantuluri_Narayana_Raju_college.png
Duvvuru Ramanamma Women’s College ,Andhra pradesh,Commerce,"15,000",--,--,--,--,--,--,--,--,/images/Duvvuru_Ramanamma_Women’s_College.png
Dharma Apparao College ,Andhra pradesh,Commerce,--,--,--,--,--,--,--,--,--,/images/Dharma_Apparao_College.png
"Dodla Kousalyamma Government College for Women, Nellore ",Andhra pradesh,Commerce,"4,840",--,--,--,--,--,--,--,--,"/images/Dodla_Kousalyamma_Government_College_for_Women,_Nellore.png"
Government Degree College (Men) ,Andhra pradesh,Commerce,--,--,7.8,8.5,5.5,--,--,--,--,/images/Government_Degree_College_(Men).png
"Christ University, Bangalore ",Karnataka,Commerce,"2,45,000","30,000",8.3,8.5,7.4,8.2,8.9,8.1,8.8,"/images/Christ_University,_Bangalore.png"
St. Joseph's College of Commerce ,Karnataka,Commerce,"1,38,500","81,600",8.3,8.8,7,8.5,7.8,8.5,8.9,/images/St._Joseph's_College_of_Commerce.png
Mount Carmel College ,Karnataka,Commerce,--,--,8.3,8.3,7.8,8.2,8.3,7.9,9.1,/images/Mount_Carmel_College.png
Kristu Jayanti College ,Karnataka,Commerce,"70,000","80,000",8.4,8.9,7.7,8.4,8.9,8.1,8.5,/images/Kristu_Jayanti_College.png
"NMKRV College for Women, Bangalore ",Karnataka,Commerce,"1,50,000","1,50,000",7.9,7.9,7.3,8.4,8.1,6.9,8.7,"/images/NMKRV_College_for_Women,_Bangalore.png"
Manipal Academy of Higher Education ,Karnataka,Commerce,"1,64,000","59,000",8.4,8.5,8.2,8.6,8.8,7.8,8.4,/images/Manipal_Academy_of_Higher_Education.png
St Joseph's College ,Karnataka,Commerce,"70,450","78,500",8.1,8.4,7.3,8.4,8.3,7.6,8.6,/images/St_Joseph's_College.png
"St. Aloysius College, Mangalore ",Karnataka,Commerce,"77,950","68,455",7.9,8.4,7.1,8.1,8.3,7.1,8.6,"/images/St._Aloysius_College,_Mangalore.png"
T. A. Pai Management Institute ,Karnataka,Commerce,"7,55,000",--,8.5,8.5,8.4,8.8,8.6,8.7,7.8,/images/T._A._Pai_Management_Institute.png
"Alliance University, Bangalore ",Karnataka,Commerce,"6,00,000",--,8,8.2,7.2,8.2,8.8,7.6,8,"/images/Alliance_University,_Bangalore.png"
Jyoti Nivas College ,Karnataka,Commerce,"30,000","80,000",7.8,8.2,7.4,8.3,7.7,7,8.4,/images/Jyoti_Nivas_College.png
"The National Degree College, Bangalore ",Karnataka,Commerce,--,--,7.3,8.3,6.3,8.5,7.2,6.9,6.8,"/images/The_National_Degree_College,_Bangalore.png"
"MES College of Arts, Commerce & Science, ",Karnataka,Commerce,"21,018",--,7.3,8,6.2,8,6.5,6.6,8.2,"/images/MES_College_of_Arts,_Commerce_&_Science,.png"
"Seshadripuram College, Bangalore ",Karnataka,Commerce,"36,000","36,000",8.1,8.5,7.3,8.4,7.9,8,8.5,"/images/Seshadripuram_College,_Bangalore.png"
St George College of Management Science and ,Karnataka,Commerce,"3,35,000",--,6.4,7.5,5.5,8,6,5,6.3,/images/St_George_College_of_Management_Science_and.png
Administrative Management College ,Karnataka,Commerce,"45,000",--,5.5,5.6,4.9,5.3,6.9,4.4,5.7,/images/Administrative_Management_College.png
"Sri Bhagawan Mahaveer Jain College (Evening), V ",Karnataka,Commerce,"48,500",--,7.4,7.6,6.5,7.8,7.1,7.2,8.2,"/images/Sri_Bhagawan_Mahaveer_Jain_College_(Evening),_V.png"
"Ramaiah College of Arts, Science and Commerce ",Karnataka,Commerce,--,--,7.9,8.1,7.9,8,8.3,7,8.3,"/images/Ramaiah_College_of_Arts,_Science_and_Commerce.png"
SDM Institute for Management Development ,Karnataka,Commerce,"5,90,000",--,8.6,8.6,8.9,8.4,9.3,7.6,8.6,/images/SDM_Institute_for_Management_Development.png
"AIMS Institutes, Bangalore ",Karnataka,Commerce,"1,49,000","1,69,000",7.3,7.8,6.6,8.1,6.5,7.2,7.3,"/images/AIMS_Institutes,_Bangalore.png"
International School of Business and Research ,Karnataka,Commerce,"1,00,000",--,7.7,7.9,7.3,8,7.5,7.5,8.2,/images/International_School_of_Business_and_Research.png
PES University ,Karnataka,Commerce,"81,050","80,000",8,8.5,7.7,8.1,8.1,8.1,7.6,/images/PES_University.png
"The Oxford College of Business Management, Bangalore ",Karnataka,Commerce,"50,000","70,000",6.6,7,6.2,7.8,7,5.8,5.9,"/images/The_Oxford_College_of_Business_Management,_Bangalore.png"
Indian Academy Group of Institutions ,Karnataka,Commerce,"2,35,000","1,88,500",7.9,8.6,7.6,8.5,7.5,7.8,7.6,/images/Indian_Academy_Group_of_Institutions.png
T John College ,Karnataka,Commerce,"86,700","72,700",8,8.1,7.8,8.1,8.5,7.6,7.8,/images/T_John_College.png
"Presidency College, Bangalore ",Karnataka,Commerce,"1,30,000","1,00,000",7.8,8.4,6.8,8.5,7.7,7.5,7.7,"/images/Presidency_College,_Bangalore.png"
"BLDE Association's AS Patil College of Commerce, ",Karnataka,Commerce,--,--,7.6,7.5,5.5,9,8,7,8.7,"/images/BLDE_Association's_AS_Patil_College_of_Commerce,.png"
T John Institute of Management and Science ,Karnataka,Commerce,"86,000","72,000",8.1,8.5,7.5,8.5,8,7.8,8.3,/images/T_John_Institute_of_Management_and_Science.png
"Surana College, Bangalore ",Karnataka,Commerce,"64,500",--,7.8,8.2,6.7,8.3,7.8,7.3,8.2,"/images/Surana_College,_Bangalore.png"
Acharya Bangalore B-School ,Karnataka,Commerce,"1,85,000","1,90,000",7.8,8.1,6.9,8.2,8.4,7.6,7.6,/images/Acharya_Bangalore_B-School.png
"Loyola Academy Degree and PG College, Secunderabad ",Telangana,Commerce,"40,400",--,8.1,8.5,7.2,8.4,8.5,7.7,8.4,"/images/Loyola_Academy_Degree_and_PG_College,_Secunderabad.png"
"St Ann's College for Women, Hyderabad ",Telangana,Commerce,"11,955","12,080",8.1,8.6,6.9,8.7,8.5,7.7,8.4,"/images/St_Ann's_College_for_Women,_Hyderabad.png"
Osmania University College for Women ,Telangana,Commerce,"26,155","22,730",8.2,8,8.4,8.7,8.5,6.5,9,/images/Osmania_University_College_for_Women.png
Badruka College of Commerce and Arts ,Telangana,Commerce,"32,000",--,8.7,8.9,8.3,8.8,8.6,8.7,8.8,/images/Badruka_College_of_Commerce_and_Arts.png
"St Joseph's Degree and PG College, Hyderabad ",Telangana,Commerce,--,--,7.8,8.2,6.4,8.4,7.5,8,8.1,"/images/St_Joseph's_Degree_and_PG_College,_Hyderabad.png"
Indian Institute of Management and Commerce ,Telangana,Commerce,"47,500",--,7.7,8.3,5.3,8.6,7.5,8.1,8.3,/images/Indian_Institute_of_Management_and_Commerce.png
University of Hyderabad ,Telangana,Commerce,"11,210",--,8.4,8.7,7.6,8.5,9,7.5,8.8,/images/University_of_Hyderabad.png
ICFAI Foundation for Higher Education ,Telangana,Commerce,"35,000","47,000",8.2,8.3,7.5,8.1,8.6,7.8,8.9,/images/ICFAI_Foundation_for_Higher_Education.png
ICFAI Business School ,Telangana,Commerce,"35,000","65,000",8.2,8.2,8,8.1,8.5,7.8,8.7,/images/ICFAI_Business_School.png
"ICFAI Law School, Hyderabad ",Telangana,Commerce,"12,000",--,8.4,8.5,8,8.7,8.5,8.1,8.4,"/images/ICFAI_Law_School,_Hyderabad.png"
Kasturba Gandhi Degree and PG College for ,Telangana,Commerce,"22,000","12,080",8,8.1,7,8.3,8.6,7.1,8.8,/images/Kasturba_Gandhi_Degree_and_PG_College_for.png
Narsee Monjee Institute of Management Studies ,Telangana,Commerce,"1,02,000",--,8.8,8.9,8.4,9.2,8.9,8.5,8.9,/images/Narsee_Monjee_Institute_of_Management_Studies.png
"Nizam College, Hyderabad ",Telangana,Commerce,"15,600",--,8.2,8.3,7.5,8.6,8.3,7.6,8.7,"/images/Nizam_College,_Hyderabad.png"
A.V. College of Arts Science and Commerce ,Telangana,Commerce,"22,605","12,080",8,8.1,6.3,8.1,8.7,7.8,8.9,/images/A.V._College_of_Arts_Science_and_Commerce.png
Woxsen School of Business ,Telangana,Commerce,"2,50,000",--,8.3,8.1,8.1,8.6,8.4,8.2,8.3,/images/Woxsen_School_of_Business.png
Osmania University ,Telangana,Commerce,--,--,7.9,8.3,7.5,8,8,7.7,7.9,/images/Osmania_University.png
Kakatiya University ,Telangana,Commerce,"28,960","7,900",7.2,7.4,6.8,7.6,7.2,6.8,7.4,/images/Kakatiya_University.png
"St Francis College for Women, Hyderabad ",Telangana,Commerce,"10,000","12,080",8.5,8.9,7.2,8.5,8.9,8.6,9,"/images/St_Francis_College_for_Women,_Hyderabad.png"
Dr. B.R. Ambedkar Open University ,Telangana,Commerce,"2,000","5,000",6.7,7.3,5.6,7.8,7.2,5.5,6.8,/images/Dr._B.R._Ambedkar_Open_University.png
K L University ,Telangana,Commerce,"2,05,000","1,40,000",7.9,7.9,7.4,8.1,8.2,7.6,8.1,/images/K_L_University.png
Maulana Azad National Urdu University ,Telangana,Commerce,"9,000","8,400",7.8,7,8.3,8.1,8.6,7.1,7.9,/images/Maulana_Azad_National_Urdu_University.png
Sarojini Naidu Vanita Mahavidyalaya ,Telangana,Commerce,"7,800","11,000",9.4,9.8,9.8,8.5,9.5,9,9.5,/images/Sarojini_Naidu_Vanita_Mahavidyalaya.png
Raja Bahadur Venkat Rama Reddy Women's College ,Telangana,Commerce,"30,180",--,8.2,7.8,7.6,8.6,8.3,7.9,8.7,/images/Raja_Bahadur_Venkat_Rama_Reddy_Women's_College.png
Birla Institute of Technology and Science ,Telangana,Commerce,"78,625",--,9,9,8.4,8.8,9.4,9.1,9.4,/images/Birla_Institute_of_Technology_and_Science.png
Hyderabad School of Business ,Telangana,Commerce,"25,000",--,7.7,8,7.3,8.3,7.7,7.4,7.5,/images/Hyderabad_School_of_Business.png
"Avanthi Degree & P.G. College, Hyderabad ",Telangana,Commerce,--,--,7.7,8,6.2,8.6,7.3,7.8,8.2,"/images/Avanthi_Degree_&_P.G._College,_Hyderabad.png"
London Management Academy ,Telangana,Commerce,"60,000",--,7.4,7.1,6.9,7.5,7.3,7.9,7.6,/images/London_Management_Academy.png
Indian School of Business Management and Administration ,Telangana,Commerce,"14,900","20,900",6.9,7.1,6.8,6.8,7.1,6.8,6.7,/images/Indian_School_of_Business_Management_and_Administration.png
"SR University, Warangal ",Telangana,Commerce,"95,000",--,7.8,8.1,7.2,8.3,7.9,7.7,7.8,"/images/SR_University,_Warangal.png"
Rabindranath Tagore University ,Madhya pradesh,Commerce,"20,000","55,000",7.7,8,7.4,7.8,8.6,6.4,7.8,/images/Rabindranath_Tagore_University.png
"Rajeev Gandhi College, Bhopal ",Madhya pradesh,Commerce,"7,000","6,000",6.7,7,5.9,7.3,7.1,5.6,7.2,"/images/Rajeev_Gandhi_College,_Bhopal.png"
Prestige Institute of Management ,Madhya pradesh,Commerce,"36,000",--,6.1,7,5,6,6,6.3,6.5,/images/Prestige_Institute_of_Management.png
Islamia Karimia College ,Madhya pradesh,Commerce,"10,852","10,600",5.9,6,5.5,8,5.5,4.5,6,/images/Islamia_Karimia_College.png
People's Institute of Management & Research ,Madhya pradesh,Commerce,"18,000","18,000",--,--,--,--,--,--,--,/images/People's_Institute_of_Management_&_Research.png
CH Institute of Management & Commerce ,Madhya pradesh,Commerce,"10,000",--,7.2,8,7,7,8.3,6.3,6.7,/images/CH_Institute_of_Management_&_Commerce.png
Vidyasagar Institute of Management ,Madhya pradesh,Commerce,--,--,--,--,--,--,--,--,--,/images/Vidyasagar_Institute_of_Management.png
Institute for Excellence in Higher Education ,Madhya pradesh,Commerce,"18,882","8,000",7.2,7.9,6.5,7.9,7,6.7,7.4,/images/Institute_for_Excellence_in_Higher_Education.png
"M.B. Khalsa College, Indore ",Madhya pradesh,Commerce,"16,000","15,000",6.6,6.7,5.2,7.8,7.1,5.7,7,"/images/M.B._Khalsa_College,_Indore.png"
"Amity University, Gwalior ",Madhya pradesh,Commerce,"1,02,000","96,000",8.6,8.8,8.5,8.4,9.3,8,8.3,"/images/Amity_University,_Gwalior.png"
"DAVV Mateshwari Sugni Devi Girls College, Indore ",Madhya pradesh,Commerce,--,--,--,--,--,--,--,--,--,"/images/DAVV_Mateshwari_Sugni_Devi_Girls_College,_Indore.png"
Government M L B Girls PG College ,Madhya pradesh,Commerce,--,--,6.9,7.1,6.5,7.4,6.5,5.8,7.8,/images/Government_M_L_B_Girls_PG_College.png
"SDPS Women's College, Indore ",Madhya pradesh,Commerce,"19,500",--,7.2,7,8.8,6.8,7.4,6.2,7,"/images/SDPS_Women's_College,_Indore.png"
"Devi Ahilya Vishwavidyalaya, Indore ",Madhya pradesh,Commerce,"52,600","31,500",7.5,8,6.5,7.8,7.5,7,7.9,"/images/Devi_Ahilya_Vishwavidyalaya,_Indore.png"
"Government Maharani Laxmi Bai Girls PG College, ",Madhya pradesh,Commerce,"5,250","4,870",--,--,--,--,--,--,--,"/images/Government_Maharani_Laxmi_Bai_Girls_PG_College,.png"
"Altius Institute of Universal Studies, Indore ",Madhya pradesh,Commerce,"20,000",--,9,9,8,--,--,--,--,"/images/Altius_Institute_of_Universal_Studies,_Indore.png"
Barkatullah University ,Madhya pradesh,Commerce,"21,450","3,295",6.9,7.3,6.1,7.4,6.9,6,7.5,/images/Barkatullah_University.png
Indira Gandhi National Tribal University ,Madhya pradesh,Commerce,"6,700","8,000",7.5,7.5,7.3,8.4,7.9,5.9,7.9,/images/Indira_Gandhi_National_Tribal_University.png
Atal Bihari Vajpayee Hindi Vishwavidyalaya ,Madhya pradesh,Commerce,"6,500","10,250",7.7,8.3,6.3,8.7,7.3,7.8,7.9,/images/Atal_Bihari_Vajpayee_Hindi_Vishwavidyalaya.png
Awadhesh Pratap Singh University ,Madhya pradesh,Commerce,"30,000","15,000",7.1,7.9,6.5,8.1,7.2,5.3,7.3,/images/Awadhesh_Pratap_Singh_University.png
"Career College, Bhopal ",Madhya pradesh,Commerce,"15,000","15,000",8.3,8.4,7.6,8.7,8.3,8.4,8.3,"/images/Career_College,_Bhopal.png"
Madhya Pradesh Bhoj (Open) University ,Madhya pradesh,Commerce,"2,880","5,340",7.8,8.6,7.4,8.7,7.5,7.6,7.2,/images/Madhya_Pradesh_Bhoj_(Open)_University.png
Bonnie foi College ,Madhya pradesh,Commerce,"19,000","17,100",--,--,--,--,--,--,--,/images/Bonnie_foi_College.png
"VIT Bhopal University, Bhopal ",Madhya pradesh,Commerce,"70,000",--,7.9,8.6,7.7,8.4,7.1,8.1,7.4,"/images/VIT_Bhopal_University,_Bhopal.png"
Jagran Lakecity University ,Madhya pradesh,Commerce,"95,000","3,75,000",8,8,7.9,7.8,8.6,7.4,8.1,/images/Jagran_Lakecity_University.png
Narsee Monjee Institute of Management Studies -[NMIMS ,Madhya pradesh,Commerce,"1,02,000",--,8.7,8.4,8.9,9.7,9.2,6.2,9.6,/images/Narsee_Monjee_Institute_of_Management_Studies_-[NMIMS.png
"RKDF University, Bhopal ",Madhya pradesh,Commerce,"13,000","50,000",7.6,8,7,7.8,8,6.5,8.2,"/images/RKDF_University,_Bhopal.png"
Institute of Professional Education and Research ,Madhya pradesh,Commerce,"1,74,176",--,8.5,9,7.5,9,8.2,8,9.2,/images/Institute_of_Professional_Education_and_Research.png
Sacred Heart College ,Kerala,Commerce,"34,350","8,100",8.5,8.9,7.5,8.6,8.8,8,9.1,/images/Sacred_Heart_College.png
"Mar Ivanios College, Thiruvananthapuram ",Kerala,Commerce,"24,935","3,525",8.3,8.7,8.1,8.7,8.8,6.6,9,"/images/Mar_Ivanios_College,_Thiruvananthapuram.png"
Rajagiri College of Social Sciences ,Kerala,Commerce,"23,853",--,8.5,8.8,8.5,8.8,8.5,8,8.1,/images/Rajagiri_College_of_Social_Sciences.png
Mahatma Gandhi University ,Kerala,Commerce,"19,720","20,200",7.7,8,7.5,8,8,6.2,8.2,/images/Mahatma_Gandhi_University.png
"St Thomas' College, Thrissur ",Kerala,Commerce,"2,020","3,380",7.4,8,7,8.1,7,6.6,7.9,"/images/St_Thomas'_College,_Thrissur.png"
"St. Albert's College, Ernakulam ",Kerala,Commerce,"22,500","37,500",7.1,7.9,6.4,7.7,7,6.5,6.9,"/images/St._Albert's_College,_Ernakulam.png"
Calicut University ,Kerala,Commerce,"7,130","35,500",7,7.5,6.2,7.5,7.4,5.4,7.9,/images/Calicut_University.png
St. Berchmans College ,Kerala,Commerce,"7,900",--,8.4,8.6,8.2,8.6,8.6,7.7,8.5,/images/St._Berchmans_College.png
"St Teresa's College (Autonomous), Ernakulam ",Kerala,Commerce,"5,000","37,500",8.4,8.9,7.4,9,8.2,7.7,9.3,"/images/St_Teresa's_College_(Autonomous),_Ernakulam.png"
"Mahatma Gandhi College, Trivandrum ",Kerala,Commerce,"2,250","3,390",8.1,8.7,7.5,8.6,8.8,5.9,8.9,"/images/Mahatma_Gandhi_College,_Trivandrum.png"
"Farook College, Kozhikode ",Kerala,Commerce,"2,290","3,760",8.1,8.7,8.1,8.5,8.5,5.8,9,"/images/Farook_College,_Kozhikode.png"
"Newman College, Thodupuzha ",Kerala,Commerce,"23,903","3,793",7.2,8.4,5.1,7.8,8,6.6,7,"/images/Newman_College,_Thodupuzha.png"
T.K.M. College of Arts and Science ,Kerala,Commerce,"18,000","37,500",8,8.1,7.5,8.1,8.3,7.5,8.6,/images/T.K.M._College_of_Arts_and_Science.png
"St Joseph's College Devagiri, Calicut ",Kerala,Commerce,"34,000",--,8.4,8.8,7.7,8.7,8.7,7.4,9,"/images/St_Joseph's_College_Devagiri,_Calicut.png"
"Oriental School of Hotel Management Lakkidi, Wayanad ",Kerala,Commerce,"44,300",--,7.5,8.3,7,7.6,7.1,8.1,6.7,"/images/Oriental_School_of_Hotel_Management_Lakkidi,_Wayanad.png"
"Christ College Irinjalakuda, Thrissur ",Kerala,Commerce,"8,71,000","9,70,000",8,8.3,7.7,8.2,8.4,7.2,8.3,"/images/Christ_College_Irinjalakuda,_Thrissur.png"
"Bishop Vayalil Memorial Holy Cross College, Kottayam ",Kerala,Commerce,"32,478","41,828",7.6,8.3,6.6,9,7.7,7.3,6.7,"/images/Bishop_Vayalil_Memorial_Holy_Cross_College,_Kottayam.png"
"St. Mary's College Sulthan Bathery, Sulthan Batheri ",Kerala,Commerce,"18,000","37,500",6.8,7.8,6.9,6.8,7.5,3.8,7.8,"/images/St._Mary's_College_Sulthan_Bathery,_Sulthan_Batheri.png"
"Government College, Kasaragod ",Kerala,Commerce,--,--,8.2,8.3,7.4,9.1,8.7,6.6,9,"/images/Government_College,_Kasaragod.png"
"Mar Thoma College, Tiruvalla ",Kerala,Commerce,--,--,7.2,7.6,6.7,8.3,7.4,5.2,7.7,"/images/Mar_Thoma_College,_Tiruvalla.png"
SCMS School of Technology and Management ,Kerala,Commerce,"22,500",--,7.8,7.9,7.7,8.4,7.5,8.3,7.2,/images/SCMS_School_of_Technology_and_Management.png
"Nirmalagiri College, Kannur ",Kerala,Commerce,"1,960",--,8,9.3,7.3,8.1,9,6.7,7.8,"/images/Nirmalagiri_College,_Kannur.png"
DC School of Management and Technology ,Kerala,Commerce,"18,000",--,7.7,7.4,7.1,7.9,8,7.2,8.5,/images/DC_School_of_Management_and_Technology.png
"MES College Marampally, Aluva ",Kerala,Commerce,--,--,8.8,8.9,8.4,9.1,9.3,8,9,"/images/MES_College_Marampally,_Aluva.png"
"Government Victoria College, Palakkad ",Kerala,Commerce,"2,025","3,480",8,8.5,7.4,8.8,7.5,6.3,9.3,"/images/Government_Victoria_College,_Palakkad.png"
Amrita School of Arts and Sciences ,Kerala,Commerce,"86,500","84,900",7.4,8.5,6.2,8.5,7.2,8,6.1,/images/Amrita_School_of_Arts_and_Sciences.png
Jai Bharath Arts and Science College ,Kerala,Commerce,--,--,6.4,6.6,6.6,6.7,6.2,6,6.5,/images/Jai_Bharath_Arts_and_Science_College.png
"Gems Arts and Science College, Malappuram ",Kerala,Commerce,--,--,7.8,8.2,6.5,8.3,8.3,6.2,9.1,"/images/Gems_Arts_and_Science_College,_Malappuram.png"
Cochin University of Science and Technology ,Kerala,Commerce,"7,915",--,7.9,8.4,7.5,7.8,7.8,7.7,8.1,/images/Cochin_University_of_Science_and_Technology.png
"AV Abdurahiman Haji Arts & Science College, ",Kerala,Commerce,"24,645","44,130",5.4,6.8,3.8,6,6.8,2.8,6,"/images/AV_Abdurahiman_Haji_Arts_&_Science_College,.png"
Birla Institute of Technology and Science ,Rajasthan,Commerce,"86,825",--,8.9,8.8,8.2,8.8,9,9,9.3,/images/Birla_Institute_of_Technology_and_Science.png
"Banasthali Vidyapith, Jaipur ",Rajasthan,Commerce,"1,44,500","1,18,500",8.5,8.8,8.2,8.9,8.6,7.9,8.8,"/images/Banasthali_Vidyapith,_Jaipur.png"
Madhav University ,Rajasthan,Commerce,"60,000","20,000",7.8,7.9,7.5,8.2,7.9,7.3,7.8,/images/Madhav_University.png
"St Xaviers College, Jaipur ",Rajasthan,Commerce,"63,000","53,000",7.6,8.2,7.1,8.3,7.8,6,8.4,"/images/St_Xaviers_College,_Jaipur.png"
Janardan Rai Nagar Rajasthan Vidyapeeth University ,Rajasthan,Commerce,"7,000","8,000",7.8,8.3,7.5,8.3,7.9,7.3,7.5,/images/Janardan_Rai_Nagar_Rajasthan_Vidyapeeth_University.png
"Amity University, Jaipur ",Rajasthan,Commerce,"84,000","1,08,000",8,7.8,7.6,7.8,8.9,7.4,8.7,"/images/Amity_University,_Jaipur.png"
"Poddar Group of Institutions, Jaipur ",Rajasthan,Commerce,"26,000","15,000",7.7,8.3,7.1,8.6,7.4,6.9,8,"/images/Poddar_Group_of_Institutions,_Jaipur.png"
"Lucky Institute of Professional Studies, Jodhpur ",Rajasthan,Commerce,--,--,7.7,7.8,8,8.3,7.7,6,8.2,"/images/Lucky_Institute_of_Professional_Studies,_Jodhpur.png"
Jai Narain Vyas University ,Rajasthan,Commerce,480,420,6.2,6.9,5.2,7.1,6.4,4.9,6.4,/images/Jai_Narain_Vyas_University.png
Mahatma Jyoti Rao Phoole University ,Rajasthan,Commerce,"45,000","31,000",6.8,6.9,6.2,7.4,7.7,6.4,6.4,/images/Mahatma_Jyoti_Rao_Phoole_University.png
"Lachoo Memorial College Science and Technology, Jodhpur ",Rajasthan,Commerce,"27,575",--,6.5,7.4,5.5,6.8,7.1,4.7,7.3,"/images/Lachoo_Memorial_College_Science_and_Technology,_Jodhpur.png"
Career Point University ,Rajasthan,Commerce,"1,22,000","50,000",8.3,8.4,7.9,8.4,8.4,7.6,8.9,/images/Career_Point_University.png
"SPC Education Center, Jaipur ",Rajasthan,Commerce,"5,000","2,500",10,--,--,--,--,--,--,"/images/SPC_Education_Center,_Jaipur.png"
"St Wilfreds College for Girls, Jaipur ",Rajasthan,Commerce,--,--,7.5,8.4,6.5,8.3,7.4,6.7,7.5,"/images/St_Wilfreds_College_for_Girls,_Jaipur.png"
Mewar University ,Rajasthan,Commerce,"28,000","33,000",8,7.9,7.1,8.1,8.8,7.3,8.6,/images/Mewar_University.png
"Jaipur National University, School of Business & ",Rajasthan,Commerce,"55,500",--,8.1,8.4,8,9,7.4,7.6,8.3,"/images/Jaipur_National_University,_School_of_Business_&.png"
"Alankar P.G. Girls College, Jaipur ",Rajasthan,Commerce,"15,000","11,000",9,9,9,9,9,9,9,"/images/Alankar_P.G._Girls_College,_Jaipur.png"
University of Rajasthan ,Rajasthan,Commerce,"5,440","23,300",7.6,8.1,7.1,8.1,7.9,6.5,7.8,/images/University_of_Rajasthan.png
"Singhania University, Jhunjhunu ",Rajasthan,Commerce,"66,500","12,000",7.1,7.1,6.7,7.1,7.1,7,7.3,"/images/Singhania_University,_Jhunjhunu.png"
"Kanoria PG Mahila Mahavidyalaya, Jaipur ",Rajasthan,Commerce,"15,000","9,800",7.7,8,7.9,7.8,8.3,5.8,8.2,"/images/Kanoria_PG_Mahila_Mahavidyalaya,_Jaipur.png"
Jaipur National University ,Rajasthan,Commerce,"55,500",--,7.5,7.9,7,7.7,7.8,6.7,7.6,/images/Jaipur_National_University.png
Manipal University ,Rajasthan,Commerce,"36,000","87,500",8.4,8.2,8.3,8.2,9.2,7.7,9,/images/Manipal_University.png
"Tantia University, Sriganganagar ",Rajasthan,Commerce,"12,000","75,000",8.6,8.8,8.4,9.3,8.8,7.1,9.1,"/images/Tantia_University,_Sriganganagar.png"
JECRC University ,Rajasthan,Commerce,"75,000",--,8.1,8.1,7.4,8.2,8.2,8.1,8.7,/images/JECRC_University.png
SunRise University ,Rajasthan,Commerce,"22,200","2,50,000",8.1,8.1,7.3,8.7,8.1,7.9,8.4,/images/SunRise_University.png
"OPJS University, Churu ",Rajasthan,Commerce,"82,000","15,200",7.2,7.1,7.6,7.6,7.7,6.3,6.8,"/images/OPJS_University,_Churu.png"
Institute of Advanced Studies in Education ,Rajasthan,Commerce,"60,000","6,000",8.2,8.9,8,8.3,8.4,7.5,7.9,/images/Institute_of_Advanced_Studies_in_Education.png
Mehr Chand Mahajan Dayanand Anglo Vedic College ,Haryana,Commerce,"23,930","24,940",8.2,8.4,8,8.5,8.2,7.6,8.4,/images/Mehr_Chand_Mahajan_Dayanand_Anglo_Vedic_College.png
Panjab University ,Haryana,Commerce,"8,410","9,975",7.7,8.2,7.7,8,7.7,6.5,8.2,/images/Panjab_University.png
Maharshi Dayanand University ,Haryana,Commerce,"3,984","3,192",7.8,8,7.7,8,8.4,6.6,8,/images/Maharshi_Dayanand_University.png
Chandigarh University ,Haryana,Commerce,"1,05,000","60,000",8.6,8.6,8.2,8.4,9,8.6,8.8,/images/Chandigarh_University.png
"University Business School, Panjab University ",Haryana,Commerce,"50,275",--,8.3,8.1,8.4,8.4,7.9,8.1,8.7,"/images/University_Business_School,_Panjab_University.png"
Apeejay Stya University ,Haryana,Commerce,"2,90,200",--,7.9,8.2,7.5,7.9,7.5,7.7,8.3,/images/Apeejay_Stya_University.png
"University School of Business, Chandigarh University ",Haryana,Commerce,"1,05,000","60,000",9.1,9.1,8.8,9.1,9.2,9.3,8.9,"/images/University_School_of_Business,_Chandigarh_University.png"
Kurukshetra University ,Haryana,Commerce,"21,697","7,440",7.5,8.1,7,8,7.7,6.5,7.7,/images/Kurukshetra_University.png
"Arya Post Graduate College, Panipat ",Haryana,Commerce,"23,150","16,290",7.8,8.4,6.8,8.8,8,6.3,8.6,"/images/Arya_Post_Graduate_College,_Panipat.png"
Guru Jambheshwar University of Science and Technology ,Haryana,Commerce,"44,450",--,7.7,7.7,7.3,7.5,8.9,6.5,8,/images/Guru_Jambheshwar_University_of_Science_and_Technology.png
DAV College ,Haryana,Commerce,"21,985","21,970",8,8.4,7.4,8.3,8,6.8,8.8,/images/DAV_College.png
"SRM University Delhi NCR, Sonepat ",Haryana,Commerce,"1,41,000","99,000",7.8,8,7.5,7.9,8.1,7.6,7.9,"/images/SRM_University_Delhi_NCR,_Sonepat.png"
Goswami Ganesh Dutt Sanatan Dharama College ,Haryana,Commerce,"24,500",--,8.1,8.6,7.6,8.5,8.1,7.1,8.8,/images/Goswami_Ganesh_Dutt_Sanatan_Dharama_College.png
"Post Graduate Government College, Chandigarh ",Haryana,Commerce,"20,110","21,200",7.7,8.4,7.2,8.4,7.5,6.5,7.9,"/images/Post_Graduate_Government_College,_Chandigarh.png"
"Gurugram University, Gurgaon ",Haryana,Commerce,"20,000","30,000",8.2,8.6,7.4,8.4,8.6,8,8.1,"/images/Gurugram_University,_Gurgaon.png"
"Post Graduate Government College for Girls, Chandigarh ",Haryana,Commerce,"20,110","21,200",8.1,8.6,8.4,8.9,8.2,6.1,8.5,"/images/Post_Graduate_Government_College_for_Girls,_Chandigarh.png"
"PDM University, Bahadurgarh, Bahadurgarh ",Haryana,Commerce,"1,35,000","70,200",7.4,7.1,7.6,7.4,7.5,7.1,7.7,"/images/PDM_University,_Bahadurgarh,_Bahadurgarh.png"
BML Munjal University ,Haryana,Commerce,"1,90,000",--,8.1,8,8,7.9,8.5,7.8,8.3,/images/BML_Munjal_University.png
"Amity University, Gurgaon ",Haryana,Commerce,"1,30,000","1,16,000",7.7,7.8,7.1,7.6,8.6,7.1,8.1,"/images/Amity_University,_Gurgaon.png"
O. P. Jindal Global University ,Haryana,Commerce,"3,50,000",--,8.3,8.4,8.2,8.3,8.8,7.5,8.7,/images/O._P._Jindal_Global_University.png
Manav Rachna International Institute of Research and ,Haryana,Commerce,"1,36,000","1,36,000",7.5,7.4,7.3,7.5,8.3,6.6,7.6,/images/Manav_Rachna_International_Institute_of_Research_and.png
"IILM University, Gurgaon ",Haryana,Commerce,"3,30,000","3,30,000",8.4,8.2,7.4,8.5,8.6,8.6,8.8,"/images/IILM_University,_Gurgaon.png"
"Starex University, Gurgaon ",Haryana,Commerce,"65,000","50,000",8.8,9.1,9.1,8.7,8.6,8.5,8.7,"/images/Starex_University,_Gurgaon.png"
Modern Vidya Niketan ,Haryana,Commerce,"85,000","80,000",7,7.2,6.4,7.7,7,6.8,6.8,/images/Modern_Vidya_Niketan.png
National Institute of Financial Management ,Haryana,Commerce,"7,00,000",--,8.8,9.3,9,8.7,8.1,8.1,9.4,/images/National_Institute_of_Financial_Management.png
"KR Mangalam University, Gurgaon ",Haryana,Commerce,"80,000","1,20,000",7.7,8.1,7.5,7.3,8.6,7.2,7.4,"/images/KR_Mangalam_University,_Gurgaon.png"
"NIILM University, Kaithal ",Haryana,Commerce,"2,40,000","25,000",8.1,8.6,7.9,8.5,7.9,7.8,8.1,"/images/NIILM_University,_Kaithal.png"
"Lingaya's Vidyapeeth, Faridabad ",Haryana,Commerce,"79,500","1,32,500",7.8,8,7.5,8.1,7.7,7.3,8.1,"/images/Lingaya's_Vidyapeeth,_Faridabad.png"
HL College of Commerce ,Gujarat,Commerce,"2,570","5,465",8.4,9.1,7.1,9.3,8.8,7.1,9,/images/HL_College_of_Commerce.png
"St Xavier's College, Ahmedabad ",Gujarat,Commerce,"60,485",--,8.1,8.4,7.4,8.6,8.3,7.3,8.7,"/images/St_Xavier's_College,_Ahmedabad.png"
Maharaja Sayajirao University of Baroda ,Gujarat,Commerce,"8,360","22,800",7.9,8.3,7,8.4,8,7.2,8.4,/images/Maharaja_Sayajirao_University_of_Baroda.png
Bhavan's Sheth RA Shah College of Arts ,Gujarat,Commerce,--,--,6.8,8.2,4.5,8.1,7.5,5,7.3,/images/Bhavan's_Sheth_RA_Shah_College_of_Arts.png
"Institute of Management, Nirma university, Ahmedabad ",Gujarat,Commerce,"58,500",--,8.6,8.3,8.5,8.8,9,8.3,8.7,"/images/Institute_of_Management,_Nirma_university,_Ahmedabad.png"
"Umiya Arts and Commerce College for Girls, ",Gujarat,Commerce,--,--,8.3,--,--,9,--,7,9,"/images/Umiya_Arts_and_Commerce_College_for_Girls,.png"
"RH Patel Arts and Commerce College, Ahmedabad ",Gujarat,Commerce,--,--,6.7,7.7,6.7,7.3,6,4.7,7.7,"/images/RH_Patel_Arts_and_Commerce_College,_Ahmedabad.png"
Dr Babasaheb Ambedkar Open University ,Gujarat,Commerce,"26,000","2,200",7.7,8.5,5.5,8.5,8,7.5,8.1,/images/Dr_Babasaheb_Ambedkar_Open_University.png
"Christ College, Rajkot ",Gujarat,Commerce,"16,110",--,8.2,8.6,7.4,9.2,9,6.6,8.2,"/images/Christ_College,_Rajkot.png"
"Lokmanya College of Computer Applications, Ahmedabad ",Gujarat,Commerce,"13,000","3,000",6.3,9,--,5,--,--,--,"/images/Lokmanya_College_of_Computer_Applications,_Ahmedabad.png"
"Ahmedabad University, Ahmedabad ",Gujarat,Commerce,"2,60,000",--,8.6,9,7.6,8.9,9.2,8,9,"/images/Ahmedabad_University,_Ahmedabad.png"
Sardar Patel University ,Gujarat,Commerce,"60,425","57,725",7.8,8.6,7,8.5,7.7,7.3,7.8,/images/Sardar_Patel_University.png
"CU Shah Commerce College, Ahmedabad ",Gujarat,Commerce,--,--,7.2,8.3,7.5,8.8,6.3,6,6.5,"/images/CU_Shah_Commerce_College,_Ahmedabad.png"
New LJ College of Commerce ,Gujarat,Commerce,--,--,8.5,9.5,6.6,9,8.9,7.6,9.2,/images/New_LJ_College_of_Commerce.png
Times Business School ,Gujarat,Commerce,--,--,8.1,8,7,8.5,8,8,9,/images/Times_Business_School.png
Nirma University ,Gujarat,Commerce,"62,200","1,23,700",8.4,8.6,8,8.4,9.1,8.1,8.2,/images/Nirma_University.png
"Gujarat Arts and Commerce College, Ahmedabad ",Gujarat,Commerce,--,--,8,8.4,6.3,9.1,7.5,7.1,9.6,"/images/Gujarat_Arts_and_Commerce_College,_Ahmedabad.png"
"GLS University, Ahmedabad ",Gujarat,Commerce,"50,000","35,000",7.9,8,6.9,8.5,8.1,7.6,8.5,"/images/GLS_University,_Ahmedabad.png"
Karnavati University ,Gujarat,Commerce,"1,80,000",--,8.9,8.6,8.2,9.3,9.4,8.6,9.3,/images/Karnavati_University.png
Pandit Deendayal Petroleum University [PDPU] / (Energy ,Gujarat,Commerce,"2,49,000",--,8.6,8.3,8.3,8.1,9.4,8.1,9.4,/images/Pandit_Deendayal_Petroleum_University_[PDPU]_/_(Energy.png
Indian School of Business Management and Administration ,Gujarat,Commerce,"14,900","20,900",8,8.8,7.6,8.1,8,7.9,7.8,/images/Indian_School_of_Business_Management_and_Administration.png
"Auro University, Surat ",Gujarat,Commerce,"2,85,000",--,8.3,8.2,8.5,8.6,8.7,7.2,8.6,"/images/Auro_University,_Surat.png"
"Atmiya University, Rajkot ",Gujarat,Commerce,"39,000","21,300",8.1,8.8,7.5,8.6,8.4,7.4,7.9,"/images/Atmiya_University,_Rajkot.png"
Ganpat University ,Gujarat,Commerce,"60,000","1,00,000",8.1,8.2,7.2,8.1,8.5,7.8,8.6,/images/Ganpat_University.png
"Ahmedabad Management Association, Ahmedabad ",Gujarat,Commerce,"25,000",--,8.6,9.2,8.3,8.8,8.6,8.1,8.3,"/images/Ahmedabad_Management_Association,_Ahmedabad.png"
"B K School of Business Management, Ahmedabad ",Gujarat,Commerce,"6,000",--,7.9,8.3,6.8,8.2,7.4,8.3,8.1,"/images/B_K_School_of_Business_Management,_Ahmedabad.png"
"C. U. Shah University, Wadhwan ",Gujarat,Commerce,"58,500","22,100",7.7,7.6,7,8.2,7.8,7.4,7.9,"/images/C._U._Shah_University,_Wadhwan.png"
"P.P. Savani University, Surat ",Gujarat,Commerce,"78,500",--,9.3,9.4,8.9,9.5,9.6,8.7,9.4,"/images/P.P._Savani_University,_Surat.png"
Asia Pacific Institute of Management ,Gujarat,Commerce,--,--,6.8,7.7,6,7.3,6.3,6.3,7.3,/images/Asia_Pacific_Institute_of_Management.png
"Indus University, Ahmedabad ",Gujarat,Commerce,"45,000","65,500",7.5,7.9,7,7.7,7.8,6.8,7.9,"/images/Indus_University,_Ahmedabad.png"
Mehr Chand Mahajan Dayanand Anglo Vedic College ,Punjab,Commerce,"23,930","24,940",8.2,8.4,8,8.5,8.2,7.6,8.4,/images/Mehr_Chand_Mahajan_Dayanand_Anglo_Vedic_College.png
Panjab University ,Punjab,Commerce,"8,410","9,975",7.7,8.2,7.7,8,7.7,6.5,8.2,/images/Panjab_University.png
Kamla Nehru College for Women ,Punjab,Commerce,--,--,7.9,8.5,8,8.2,8.3,5.8,8.8,/images/Kamla_Nehru_College_for_Women.png
Chandigarh University ,Punjab,Commerce,"1,05,000","60,000",8.6,8.6,8.2,8.4,9,8.6,8.8,/images/Chandigarh_University.png
"University Business School, Panjab University ",Punjab,Commerce,"50,275",--,8.3,8.1,8.4,8.4,7.9,8.1,8.7,"/images/University_Business_School,_Panjab_University.png"
Gian Jyoti Institute of Management and Technology ,Punjab,Commerce,"48,640",--,8.2,8.6,7.4,8.7,8.1,7.6,8.5,/images/Gian_Jyoti_Institute_of_Management_and_Technology.png
"University School of Business, Chandigarh University ",Punjab,Commerce,"1,05,000","60,000",9.1,9.1,8.8,9.1,9.2,9.3,8.9,"/images/University_School_of_Business,_Chandigarh_University.png"
"Ludhiana College of Engineering and Technology, Ludhiana ",Punjab,Commerce,"1,43,000",--,6.7,7,6.8,7.5,6.8,5.1,7.2,"/images/Ludhiana_College_of_Engineering_and_Technology,_Ludhiana.png"
Punjab Institute of Management and Technology ,Punjab,Commerce,--,--,8.9,9.4,8.4,9.4,8.8,8.6,8.6,/images/Punjab_Institute_of_Management_and_Technology.png
Doraha Institute of Management and Technology ,Punjab,Commerce,--,--,--,--,--,--,--,--,--,/images/Doraha_Institute_of_Management_and_Technology.png
"Chitkara University, Chitkara Business School ",Punjab,Commerce,"1,22,000",--,8.5,8.9,7.4,8.5,9.1,8.5,8.6,"/images/Chitkara_University,_Chitkara_Business_School.png"
"Khalsa College, Amritsar ",Punjab,Commerce,"60,465","67,550",7.9,8.3,7.7,7.9,8.3,6.5,8.4,"/images/Khalsa_College,_Amritsar.png"
"BBK DAV College for Women, Amritsar ",Punjab,Commerce,"22,195","22,480",8.8,9,8.5,9.5,8.2,7.8,9.5,"/images/BBK_DAV_College_for_Women,_Amritsar.png"
"Doaba College, Jalandhar ",Punjab,Commerce,"27,500","27,560",8.7,9.1,8.4,9.4,8.6,8.1,8.5,"/images/Doaba_College,_Jalandhar.png"
Chandigarh Business School of Administration ,Punjab,Commerce,"49,900","44,850",8,8,7.4,8.1,8,8.4,8.3,/images/Chandigarh_Business_School_of_Administration.png
DAV College ,Punjab,Commerce,"21,985","21,970",8,8.4,7.4,8.3,8,6.8,8.8,/images/DAV_College.png
Goswami Ganesh Dutt Sanatan Dharama College ,Punjab,Commerce,"24,500",--,8.1,8.6,7.6,8.5,8.1,7.1,8.8,/images/Goswami_Ganesh_Dutt_Sanatan_Dharama_College.png
"DAV College, Jalandhar ",Punjab,Commerce,"39,050","47,750",7.5,8,6.4,7.9,7.5,7.5,7.7,"/images/DAV_College,_Jalandhar.png"
"RIMT University, Gobindgarh ",Punjab,Commerce,"70,000","60,000",7.6,7.9,7.3,7.8,8,6.7,7.8,"/images/RIMT_University,_Gobindgarh.png"
Kanya Mahavidyalaya ,Punjab,Commerce,--,--,9.8,9.8,9.7,9.8,9.7,9.6,9.9,/images/Kanya_Mahavidyalaya.png
"Post Graduate Government College, Chandigarh ",Punjab,Commerce,"20,110","21,200",7.7,8.4,7.2,8.4,7.5,6.5,7.9,"/images/Post_Graduate_Government_College,_Chandigarh.png"
"DAV College, Amritsar ",Punjab,Commerce,"46,720","48,148",7.5,8,6.6,8.3,6.8,7.3,7.9,"/images/DAV_College,_Amritsar.png"
"RIMT College of Architecture, Fatehgarh Sahib ",Punjab,Commerce,--,--,5.6,6,7,6,6.5,3,5,"/images/RIMT_College_of_Architecture,_Fatehgarh_Sahib.png"
"Post Graduate Government College for Girls, Chandigarh ",Punjab,Commerce,"20,110","21,200",8.1,8.6,8.4,8.9,8.2,6.1,8.5,"/images/Post_Graduate_Government_College_for_Girls,_Chandigarh.png"
"Shanti Devi Arya Mahila College, Gurdaspur ",Punjab,Commerce,"16,200","23,200",--,--,--,--,--,--,--,"/images/Shanti_Devi_Arya_Mahila_College,_Gurdaspur.png"
Indian Institute of Management ,Punjab,Commerce,--,--,9,8.8,9.1,9.1,8.9,9.1,8.7,/images/Indian_Institute_of_Management.png
Chitkara University ,Punjab,Commerce,"1,22,000",--,8.5,8.4,7.7,8.5,8.9,8.7,8.7,/images/Chitkara_University.png
"Guru Kashi University, Bathinda ",Punjab,Commerce,"38,400","23,400",7.5,7.4,7.2,8,7.2,7.2,7.8,"/images/Guru_Kashi_University,_Bathinda.png"
"DAV University, Jalandhar ",Punjab,Commerce,"87,500","71,000",7.9,8.4,7,8.4,7,8,8.5,"/images/DAV_University,_Jalandhar.png"
"Goenka College of Commerce and Business Administration, ",West bengal,Commerce,"1,300","1,485",7.8,8.9,6.1,8.6,7.5,7.5,8.1,"/images/Goenka_College_of_Commerce_and_Business_Administration,.png"
JD Birla Institute ,West bengal,Commerce,"1,50,248","62,600",7.6,8.3,6.1,8.1,7.7,7.6,8,/images/JD_Birla_Institute.png
"University of Calcutta, Kolkata ",West bengal,Commerce,"4,400","2,314",7.7,8.6,6.9,8.5,7.7,6.5,7.7,"/images/University_of_Calcutta,_Kolkata.png"
St. Xavier's College ,West bengal,Commerce,"30,200","2,35,000",8.3,8.8,7.4,8.4,8.6,7.8,8.8,/images/St._Xavier's_College.png
"Scottish Church College, Kolkata ",West bengal,Commerce,"51,986",--,7.8,8.3,7.8,8.3,8.1,6.3,8.2,"/images/Scottish_Church_College,_Kolkata.png"
"Annex College, Kolkata ",West bengal,Commerce,"1,35,000",--,7.9,7.7,8.3,8.3,7.8,7.5,8,"/images/Annex_College,_Kolkata.png"
Indian Institute of Social Welfare and Business ,West bengal,Commerce,"1,65,000",--,7.7,8.6,6.5,8.3,6.9,8,8,/images/Indian_Institute_of_Social_Welfare_and_Business.png
"KD College of Commerce & General Studies, ",West bengal,Commerce,"3,600",--,7.3,8.8,7.8,6.4,8.2,5.3,7,"/images/KD_College_of_Commerce_&_General_Studies,.png"
"Asutosh College, Kolkata ",West bengal,Commerce,--,--,7.5,8.3,6.5,8.4,7.7,5.6,8.5,"/images/Asutosh_College,_Kolkata.png"
Maulana Azad College ,West bengal,Commerce,"1,275",--,7.8,8.8,7.7,8.4,8.3,5.5,7.9,/images/Maulana_Azad_College.png
"Dwijendralal College, Nadia ",West bengal,Commerce,--,--,7.3,8.1,6.9,8.3,7.6,5.1,7.7,"/images/Dwijendralal_College,_Nadia.png"
Dinabandhu Andrews College ,West bengal,Commerce,"2,555",--,7.2,8.1,6.3,8,7.6,5.3,7.6,/images/Dinabandhu_Andrews_College.png
"Sivanath Sastri College, Kolkata ",West bengal,Commerce,"11,060",--,7.2,8.3,5.9,8.2,6.6,6.4,7.8,"/images/Sivanath_Sastri_College,_Kolkata.png"
"Amity University, Kolkata ",West bengal,Commerce,"80,000","1,25,000",8.2,8.1,7.7,8.4,8.8,7.4,8.5,"/images/Amity_University,_Kolkata.png"
"Shri Shikshayatan College, Kolkata ",West bengal,Commerce,"51,160","43,620",8.2,8.6,7.6,8.7,8.5,7.6,8.3,"/images/Shri_Shikshayatan_College,_Kolkata.png"
"Adamas University, Kolkata ",West bengal,Commerce,"82,000","1,05,100",8.2,8.3,7.5,8.5,9,7.8,7.8,"/images/Adamas_University,_Kolkata.png"
Sister Nivedita University ,West bengal,Commerce,"1,02,400","94,600",8.2,8.2,7.6,8.9,7.9,7.8,8.7,/images/Sister_Nivedita_University.png
"Acharya Jagadish Chandra Bose College, Kolkata ",West bengal,Commerce,"12,000",--,6.4,7.1,5.3,7.6,6.9,4.7,6.7,"/images/Acharya_Jagadish_Chandra_Bose_College,_Kolkata.png"
St. Xavier's University ,West bengal,Commerce,"1,32,000","1,36,000",8.4,8.7,8,8.3,8.9,7.8,8.4,/images/St._Xavier's_University.png
"Techno India University, Kolkata ",West bengal,Commerce,"1,10,000",--,8,8.2,7.4,8.2,8.1,7.8,8.4,"/images/Techno_India_University,_Kolkata.png"
"City College of Commerce and Business Administration, ",West bengal,Commerce,"5,430",--,6.9,7.8,5.9,8,7.1,5.6,7.2,"/images/City_College_of_Commerce_and_Business_Administration,.png"
"Diamond Harbour Women’s University, South 24 Parganas ",West bengal,Commerce,"7,900",--,8.1,8.6,8.2,8.2,8,7.5,8.1,"/images/Diamond_Harbour_Women’s_University,_South_24_Parganas.png"
"Brainware University, Kolkata ",West bengal,Commerce,"1,00,000","1,77,200",7.9,8.3,7.6,7.9,8.2,7.8,7.3,"/images/Brainware_University,_Kolkata.png"
Seacom Skills University ,West bengal,Commerce,"1,50,000","35,000",7.5,8.4,6.4,8.9,7.4,6.7,7.3,/images/Seacom_Skills_University.png
The Neotia University ,West bengal,Commerce,"86,000",--,8.2,8.7,7.5,8.5,8.2,7.8,8.6,/images/The_Neotia_University.png
"Rammohan College, Kolkata ",West bengal,Commerce,"3,315",--,7.4,8,7.3,8.4,7,6.1,7.7,"/images/Rammohan_College,_Kolkata.png"
IAS Academy ,West bengal,Commerce,--,--,7.9,8.2,8,8,7.8,7.6,7.8,/images/IAS_Academy.png
Durgapur Society of Management Science ,West bengal,Commerce,"60,000",--,8.7,8.7,7.6,9.5,8.5,8.2,9.5,/images/Durgapur_Society_of_Management_Science.png
Institute of International Trade ,West bengal,Commerce,"1,79,000","15,000",7.9,8.2,7.6,7.8,7.8,8,7.8,/images/Institute_of_International_Trade.png
Kingston Educational Institute ,West bengal,Commerce,"99,000",--,9,8.6,9.5,--,--,--,--,/images/Kingston_Educational_Institute.png
Kalinga Institute of Industrial Technology ,Orissa,Commerce,"2,25,000","1,39,000",8.6,8.4,8.1,8.2,9.2,8.6,9,/images/Kalinga_Institute_of_Industrial_Technology.png
Xavier University ,Orissa,Commerce,"3,08,000","1,67,000",8.2,8.7,7.8,8.4,9.2,6.8,8.4,/images/Xavier_University.png
Institute of Media Studies ,Orissa,Commerce,"80,000",--,--,--,--,--,--,--,--,/images/Institute_of_Media_Studies.png
BJB Autonomous College ,Orissa,Commerce,"25,000",--,7.4,8.3,6.8,7.9,7.4,5.9,7.9,/images/BJB_Autonomous_College.png
Biju Pattnaik College of Science & Education ,Orissa,Commerce,--,--,8,8.5,6.9,8.6,8,7.5,8.4,/images/Biju_Pattnaik_College_of_Science_&_Education.png
"Rama Devi Women's University, Bhubaneswar ",Orissa,Commerce,"10,130","3,535",7.9,8.5,7.3,8.7,8.3,6,8.7,"/images/Rama_Devi_Women's_University,_Bhubaneswar.png"
"Maharishi College of Natural Law, Bhubaneswar ",Orissa,Commerce,--,--,7.5,8.6,6.4,8.8,7.8,4.7,8.9,"/images/Maharishi_College_of_Natural_Law,_Bhubaneswar.png"
Sri Sri University ,Orissa,Commerce,"1,11,890","1,51,890",7.1,7.3,6.7,7,7.3,6.3,8.2,/images/Sri_Sri_University.png
"D.R. Nayapalli College, Bhubaneswar ",Orissa,Commerce,--,--,8.3,7.8,8.5,9,7.5,7.5,9.3,"/images/D.R._Nayapalli_College,_Bhubaneswar.png"
Birla Global University ,Orissa,Commerce,"1,28,000","67,500",8.3,8.8,8.1,7.8,8.8,8.1,8.4,/images/Birla_Global_University.png
Attitude Business School ,Orissa,Commerce,--,--,--,--,--,--,--,--,--,/images/Attitude_Business_School.png
National Institute of Science and Technology ,Orissa,Commerce,--,--,7.9,8.2,7.1,8.1,8.1,7.8,7.9,/images/National_Institute_of_Science_and_Technology.png
"Udayanath College of Science and Technology, Cuttack ",Orissa,Commerce,"41,000",--,7.3,8.3,6.9,7.8,8,5.3,7.5,"/images/Udayanath_College_of_Science_and_Technology,_Cuttack.png"
NIIS Institute of Information Science & Management ,Orissa,Commerce,"1,40,000","1,25,000",9,9.2,8.7,9.2,9.2,9,8.7,/images/NIIS_Institute_of_Information_Science_&_Management.png
"Dhenkanal Autonomous College, Dhenkanal ",Orissa,Commerce,"2,190","2,190",7.2,8,6.7,7.8,7.4,6.4,6.9,"/images/Dhenkanal_Autonomous_College,_Dhenkanal.png"
"ASBM University, Bhubaneswar ",Orissa,Commerce,"41,750","45,000",8.1,8.4,8,8.4,8.5,7.3,8.1,"/images/ASBM_University,_Bhubaneswar.png"
DAV School of Business Management ,Orissa,Commerce,"80,000",--,7.8,8.4,7.1,8.6,7.9,6.1,8.5,/images/DAV_School_of_Business_Management.png
Indian Institute for Production Management ,Orissa,Commerce,"30,000",--,--,--,--,--,--,--,--,/images/Indian_Institute_for_Production_Management.png
Mahendra Institute of Management and Technical Studies ,Orissa,Commerce,"22,500","1,00,000",7.3,7,--,--,7,8,--,/images/Mahendra_Institute_of_Management_and_Technical_Studies.png
Arya School of Management and Information Technology ,Orissa,Commerce,"1,20,000",--,3.2,4,4,3,3,1,4,/images/Arya_School_of_Management_and_Information_Technology.png
RJ School of Management Studies ,Orissa,Commerce,--,--,--,--,--,--,--,--,--,/images/RJ_School_of_Management_Studies.png
"ODM Business School, Bhubaneswar ",Orissa,Commerce,--,--,--,--,--,--,--,--,--,"/images/ODM_Business_School,_Bhubaneswar.png"
"Centurion University of Technology and Management, School ",Orissa,Commerce,"80,000",--,8,8.8,8.3,7.8,8.8,7.3,7,"/images/Centurion_University_of_Technology_and_Management,_School.png"
"Aska Science College, Aska ",Orissa,Commerce,--,--,7.9,8.5,7,8.3,8,8,7.3,"/images/Aska_Science_College,_Aska.png"
"Baji Rout Memorial College, Bhubaneswar ",Orissa,Commerce,"2,707",--,6.9,8.3,5,8.7,7.3,5,7,"/images/Baji_Rout_Memorial_College,_Bhubaneswar.png"
"Bapujee College, Bhubaneswar ",Orissa,Commerce,--,--,5.3,6,--,--,6,4,--,"/images/Bapujee_College,_Bhubaneswar.png"
"Bhadrak Autonomous College, Bhadrak ",Orissa,Commerce,972,--,7.7,8.2,7.1,8,8,7,7.9,"/images/Bhadrak_Autonomous_College,_Bhadrak.png"
"Chikiti Mahavidyalaya, Ganjam ",Orissa,Commerce,"8,800",--,8.3,8.6,7.8,9,8.4,6.8,9,"/images/Chikiti_Mahavidyalaya,_Ganjam.png"
"Chitalo Mahavidyalaya, Jajapur ",Orissa,Commerce,--,--,8.6,9,8.5,8.3,9.3,6.8,9.5,"/images/Chitalo_Mahavidyalaya,_Jajapur.png"
Indian Institute of Management ,Uttarakhand,Commerce,--,--,8.7,8.6,8.7,8.9,8.9,8.5,8.3,/images/Indian_Institute_of_Management.png
Greenway Institute of Management Studies ,Uttarakhand,Commerce,--,--,6.1,7,5.5,6.5,6.5,4,7,/images/Greenway_Institute_of_Management_Studies.png
IMS Unison University ,Uttarakhand,Commerce,"1,42,450",--,8.2,8.2,8,8.5,8.5,7.5,8.2,/images/IMS_Unison_University.png
Doon Business School ,Uttarakhand,Commerce,"1,25,000",--,7.6,8,7,8.1,7.4,7.4,7.7,/images/Doon_Business_School.png
University of Petroleum and Energy Studies ,Uttarakhand,Commerce,"3,69,500",--,8.1,8.1,7.8,7.9,8.6,7.7,8.2,/images/University_of_Petroleum_and_Energy_Studies.png
"Institute of Media Management , Technology & ",Uttarakhand,Commerce,"66,000",--,--,--,--,--,--,--,--,"/images/Institute_of_Media_Management_,_Technology_&.png"
"Uttaranchal Institute of Management, Dehradun ",Uttarakhand,Commerce,"39,750","34,900",6.8,6.8,5.5,6.8,7.8,5.5,8.3,"/images/Uttaranchal_Institute_of_Management,_Dehradun.png"
"Bishamber Sahai Degree College, Roorkee ",Uttarakhand,Commerce,--,--,--,--,--,--,--,--,--,"/images/Bishamber_Sahai_Degree_College,_Roorkee.png"
Dolphin PG Institute of BioMedical & Natural ,Uttarakhand,Commerce,"35,000","40,000",7.7,8.4,6.5,7.9,7.8,6.7,8.6,/images/Dolphin_PG_Institute_of_BioMedical_&_Natural.png
"Doon University, Dehradun ",Uttarakhand,Commerce,"47,750",--,7.2,7.3,7,7.3,7.9,6.3,7.6,"/images/Doon_University,_Dehradun.png"
"MotherHood University, Roorkee ",Uttarakhand,Commerce,"1,05,000","1,06,590",8,8.3,7.9,7.6,8,8,8.3,"/images/MotherHood_University,_Roorkee.png"
"Uttaranchal University, Dehradun ",Uttarakhand,Commerce,"1,15,200",--,7.5,7.8,6.8,7.7,8.6,6.5,7.5,"/images/Uttaranchal_University,_Dehradun.png"
Graphic Era University ,Uttarakhand,Commerce,"99,400","1,36,400",8.3,8.2,7.9,8.4,8.6,8.1,8.4,/images/Graphic_Era_University.png
Swami Rama Himalayan University ,Uttarakhand,Commerce,"1,17,516",--,7,7.1,6.6,6.9,7.4,7.1,6.7,/images/Swami_Rama_Himalayan_University.png
Graphic Era Hill University ,Uttarakhand,Commerce,"1,42,800","1,13,600",8.1,7.9,7.8,8.1,8.4,7.7,8.4,/images/Graphic_Era_Hill_University.png
Shri Guru Ram Rai University ,Uttarakhand,Commerce,"57,200","38,500",7.6,7.8,7.1,7.9,7.9,7.3,7.7,/images/Shri_Guru_Ram_Rai_University.png
Himgiri Zee University ,Uttarakhand,Commerce,"50,000",--,7.9,8.5,5.5,9,8,7.7,8.8,/images/Himgiri_Zee_University.png
"Tula's Institute, Dehradun ",Uttarakhand,Commerce,"53,000",--,7.8,8,7.2,7.7,8.5,7.4,8.2,"/images/Tula's_Institute,_Dehradun.png"
College of Engineering ,Uttarakhand,Commerce,"70,250",--,8.3,8.4,8.1,8.1,8.7,7.5,8.8,/images/College_of_Engineering.png
Institute of Technology and Management ,Uttarakhand,Commerce,"40,000","45,300",7.4,7.8,7.5,7.8,5.6,8,7.8,/images/Institute_of_Technology_and_Management.png
BFIT Group of Institutions ,Uttarakhand,Commerce,"35,000","39,500",7.5,7.7,7.1,7.7,7.6,7.1,8,/images/BFIT_Group_of_Institutions.png
Graphic Era Hill University Bhimtal Campus ,Uttarakhand,Commerce,"1,57,600",--,8.1,8.2,7.6,7.9,8.8,7.8,8,/images/Graphic_Era_Hill_University_Bhimtal_Campus.png
Phonics Group of Institutions ,Uttarakhand,Commerce,"18,000",--,7.6,7.8,6.8,7.7,7.9,7.4,7.7,/images/Phonics_Group_of_Institutions.png
Sardar Bhagwan Singh University ,Uttarakhand,Commerce,"69,500",--,8.7,8.7,8.3,9.3,9,8.3,8.7,/images/Sardar_Bhagwan_Singh_University.png
"Maya Group of Colleges, Dehradun ",Uttarakhand,Commerce,"65,800","91,400",7.3,6.8,7.2,8.3,7.2,6.7,7.3,"/images/Maya_Group_of_Colleges,_Dehradun.png"
Amrapali Group of Institutes ,Uttarakhand,Commerce,"55,000",--,7.8,7.8,7.5,8.2,7.5,7.8,8.1,/images/Amrapali_Group_of_Institutes.png
"Loyola College, Chennai ",Tamil nadu,Arts,"11,400","19,830",8.6,8.7,8.2,8.3,8.9,8.4,8.8,"/images/Loyola_College,_Chennai.png"
"Presidency College, Chennai ",Tamil nadu,Arts,"1,250",870,8.2,8.8,7.3,8.9,8.1,7.6,8.6,"/images/Presidency_College,_Chennai.png"
Madras Christian College ,Tamil nadu,Arts,"6,000","3,500",8.6,8.5,7.9,8.6,8.7,8.4,9.2,/images/Madras_Christian_College.png
Women's Christian College ,Tamil nadu,Arts,"71,884","74,864",8.7,9,7.9,8.8,9.1,8.5,8.9,/images/Women's_Christian_College.png
"Guru Nanak College, Chennai ",Tamil nadu,Arts,"9,500","11,450",7.9,8.2,7.1,8,8.4,7.3,8.5,"/images/Guru_Nanak_College,_Chennai.png"
"Kamadhenu College of Arts & Science, Dharmapuri ",Tamil nadu,Arts,"6,845","6,000",7.7,8,7,8,7,9,7,"/images/Kamadhenu_College_of_Arts_&_Science,_Dharmapuri.png"
"Ethiraj College for Women, Chennai ",Tamil nadu,Arts,"9,456",--,8.1,8.5,7.3,8.2,7.9,7.9,8.6,"/images/Ethiraj_College_for_Women,_Chennai.png"
"M.O.P. Vaishnav College for Women, Chennai ",Tamil nadu,Arts,--,--,8.5,8.7,8.1,8.7,8.4,8.3,9,"/images/M.O.P._Vaishnav_College_for_Women,_Chennai.png"
"Quaide-E-Millath Government College for Women (Autonomous), Chennai ",Tamil nadu,Arts,"1,350",670,6.7,6.5,6.5,7.7,7,5,7.3,"/images/Quaide-E-Millath_Government_College_for_Women_(Autonomous),_Chennai.png"
"Loganatha Narayanasamy Government College, Ponneri ",Tamil nadu,Arts,"1,350",--,6.5,8,5.5,7,5.5,6,7,"/images/Loganatha_Narayanasamy_Government_College,_Ponneri.png"
"Ramakrishna Mission Vivekananda College, Chennai ",Tamil nadu,Arts,265,815,8.2,8.8,7.8,8.6,7.8,8.1,8,"/images/Ramakrishna_Mission_Vivekananda_College,_Chennai.png"
"Sri Krishna Arts and Science College, Coimbatore ",Tamil nadu,Arts,"17,000","8,000",8.5,8.6,7.8,8.6,8.9,8.7,8.5,"/images/Sri_Krishna_Arts_and_Science_College,_Coimbatore.png"
"Hindusthan College of Arts and Science- [HICAS], ",Tamil nadu,Arts,"50,000","30,000",7.5,7.7,6.5,7.4,8.4,7.5,7.3,"/images/Hindusthan_College_of_Arts_and_Science-_[HICAS],.png"
"CBM College of Arts and Science, Coimbatore ",Tamil nadu,Arts,--,--,5.3,6,3.5,6,6,3.5,6.5,"/images/CBM_College_of_Arts_and_Science,_Coimbatore.png"
"CMS College of Science and Commerce, Coimbatore ",Tamil nadu,Arts,"27,700",--,8.2,8.3,7.4,8.1,8.5,8,8.7,"/images/CMS_College_of_Science_and_Commerce,_Coimbatore.png"
Rathinam College of Arts and Science ,Tamil nadu,Arts,"36,000","30,000",8.2,7.6,7.5,8.1,8.7,8.1,9,/images/Rathinam_College_of_Arts_and_Science.png
"Queen Mary's College, Chennai ",Tamil nadu,Arts,592,"1,512",7.6,7.9,6.9,8.3,6.8,7.6,8.2,"/images/Queen_Mary's_College,_Chennai.png"
"PSG College of Arts and Science, Coimbatore ",Tamil nadu,Arts,"7,000","10,000",8.3,8.5,7.9,8.2,8.5,8.2,8.7,"/images/PSG_College_of_Arts_and_Science,_Coimbatore.png"
"Kongunadu Arts and Science College, Coimbatore ",Tamil nadu,Arts,"35,000","35,000",7.3,8,6.7,8.3,7.3,6.3,7,"/images/Kongunadu_Arts_and_Science_College,_Coimbatore.png"
Bharathiar University ,Tamil nadu,Arts,"10,000","9,400",7.8,8,7.6,8.1,7.7,7.5,7.9,/images/Bharathiar_University.png
"Meenakshi College for Women, Chennai ",Tamil nadu,Arts,--,--,7.4,8.1,6.5,7.8,7.2,7.9,7.1,"/images/Meenakshi_College_for_Women,_Chennai.png"
Justice Basheer Ahmed Sayeed College For Women ,Tamil nadu,Arts,"48,000","17,000",8.1,8.3,6.9,8.7,8.5,7.9,8.3,/images/Justice_Basheer_Ahmed_Sayeed_College_For_Women.png
"SDN Bhatt Vaishnav College for Women, Chennai ",Tamil nadu,Arts,"3,200","30,000",8.6,8.8,7.9,8.8,8.7,8.6,8.8,"/images/SDN_Bhatt_Vaishnav_College_for_Women,_Chennai.png"
Dr GR Damodaran College of Science ,Tamil nadu,Arts,--,--,7.5,8,6.3,7.9,7.5,7.2,8.2,/images/Dr_GR_Damodaran_College_of_Science.png
"Stella Maris College, Chennai ",Tamil nadu,Arts,"2,400","20,000",8.2,8.8,7.5,8.6,8.4,7.6,8.5,"/images/Stella_Maris_College,_Chennai.png"
Ponnaiyah Ramajayam Institute of Science and Technology ,Tamil nadu,Arts,"9,000","10,000",6.5,6.8,6.4,6.9,7,5.4,6.3,/images/Ponnaiyah_Ramajayam_Institute_of_Science_and_Technology.png
"Nirmala College for Women, Coimbatore ",Tamil nadu,Arts,"1,930","2,605",8.6,9,8.5,8.5,9,8.3,8.1,"/images/Nirmala_College_for_Women,_Coimbatore.png"
"Pachaiyappa's College, Chennai ",Tamil nadu,Arts,"1,236",901,6.6,6.6,6.2,7.2,6.9,5.2,7.6,"/images/Pachaiyappa's_College,_Chennai.png"
Dr. MGR Janaki College of Arts and ,Tamil nadu,Arts,--,--,5.6,6.5,4.8,5.2,5,5.2,6.8,/images/Dr._MGR_Janaki_College_of_Arts_and.png
"PSGR Krishnammal College for Women, Coimbatore ",Tamil nadu,Arts,"1,411","1,478",8.8,9.1,8.3,8.6,8.9,8.7,9,"/images/PSGR_Krishnammal_College_for_Women,_Coimbatore.png"
"St. Xavier's College, Mumbai ",Maharashtra,Arts,"5,537","92,000",8.2,8.7,7.3,8.3,8.8,7.6,8.7,"/images/St._Xavier's_College,_Mumbai.png"
"Fergusson College, Pune ",Maharashtra,Arts,"9,355","9,680",8.1,8.5,7.3,8.2,8.5,7.1,8.7,"/images/Fergusson_College,_Pune.png"
K J Somaiya College of Arts & ,Maharashtra,Arts,"8,795","16,850",8.1,8.1,8.4,7.8,8.8,7,8.5,/images/K_J_Somaiya_College_of_Arts_&.png
Jai Hind College ,Maharashtra,Arts,"5,730",--,8.5,8.5,8.3,8.5,8.4,7.8,9.2,/images/Jai_Hind_College.png
"Ramnarain Ruia Autonomous College, Mumbai ",Maharashtra,Arts,"4,825",--,7.9,8.4,7,8,8.4,6.6,8.9,"/images/Ramnarain_Ruia_Autonomous_College,_Mumbai.png"
Kishinchand Chellaram College ,Maharashtra,Arts,"24,920","10,815",8.3,8.6,7.9,8.5,8.4,7.4,8.7,/images/Kishinchand_Chellaram_College.png
St Andrew's College of Arts Science and ,Maharashtra,Arts,"4,350",--,8.2,8.4,7.2,8.3,8.6,7.6,8.8,/images/St_Andrew's_College_of_Arts_Science_and.png
Modern College of Arts Science and Commerce ,Maharashtra,Arts,--,--,7.5,8,6.6,8.3,7.3,6.9,7.6,/images/Modern_College_of_Arts_Science_and_Commerce.png
"Sophia College for Women, Mumbai ",Maharashtra,Arts,"40,140",--,8.6,9.1,8.4,9.1,9.5,6.6,9,"/images/Sophia_College_for_Women,_Mumbai.png"
"St. Mira's College for Girls, Pune ",Maharashtra,Arts,"19,350","14,800",6.9,7.2,6.1,8.3,6.8,5.6,7.2,"/images/St._Mira's_College_for_Girls,_Pune.png"
Kelkar Education Trust's V.G. Vaze College of ,Maharashtra,Arts,"6,166","10,540",8.4,8.9,7.8,8.7,8.7,7.7,8.7,/images/Kelkar_Education_Trust's_V.G._Vaze_College_of.png
"M.E.S. Abasaheb Garware College, Pune ",Maharashtra,Arts,--,--,8,8.6,7.6,8.6,8.1,7,8.1,"/images/M.E.S._Abasaheb_Garware_College,_Pune.png"
"Symbiosis College of Arts and Commerce, Pune ",Maharashtra,Arts,"19,100","36,511",8.3,8.8,7.5,8.6,7.7,8.2,8.9,"/images/Symbiosis_College_of_Arts_and_Commerce,_Pune.png"
"Wilson College, Mumbai ",Maharashtra,Arts,"4,095",--,7.4,7.7,6.7,7.9,7.7,6.1,8.3,"/images/Wilson_College,_Mumbai.png"
"Elphinstone College, Mumbai ",Maharashtra,Arts,"3,995",--,7.5,8.1,6.8,7.9,7.9,6.5,8,"/images/Elphinstone_College,_Mumbai.png"
"Mithibai College of Arts, Mumbai ",Maharashtra,Arts,"25,000","8,000",8.5,8.5,8.3,8.4,8.9,7.6,9,"/images/Mithibai_College_of_Arts,_Mumbai.png"
"Abeda Inamdar Senior College, Pune ",Maharashtra,Arts,"9,240","10,670",7.6,7.9,7.1,8.2,8.1,6.8,7.5,"/images/Abeda_Inamdar_Senior_College,_Pune.png"
SIES College of Arts Science and Commerce ,Maharashtra,Arts,"6,925",--,7.7,8.4,6.6,8.4,7.6,6.9,8.3,/images/SIES_College_of_Arts_Science_and_Commerce.png
Ramniranjan Jhunjhunwala College ,Maharashtra,Arts,"11,015","5,765",8,8.8,5.9,9.1,7.9,8,8.4,/images/Ramniranjan_Jhunjhunwala_College.png
"Vinayakrao Patil Mahavidyalaya, Aurangabad ",Maharashtra,Arts,"3,385","4,485",7.3,7.5,7,7,8,7,7,"/images/Vinayakrao_Patil_Mahavidyalaya,_Aurangabad.png"
St Francis De Sales College ,Maharashtra,Arts,--,--,8,8.3,7.5,8.7,8.3,6.8,8.4,/images/St_Francis_De_Sales_College.png
"Dr. D.Y. Patil Arts, Science and Commerce ",Maharashtra,Arts,"15,235","13,400",8,8.3,7.3,8.3,8.5,7.4,8.1,"/images/Dr._D.Y._Patil_Arts,_Science_and_Commerce.png"
"Gramonnati Mandal's Arts, Commerce & Science College ",Maharashtra,Arts,"7,520",--,6.7,7,6,7,7,6,7,"/images/Gramonnati_Mandal's_Arts,_Commerce_&_Science_College.png"
"PWS College of Arts & Commerce, Nagpur ",Maharashtra,Arts,"6,772","7,444",7.6,8.7,4.3,9.7,8.3,4.7,--,"/images/PWS_College_of_Arts_&_Commerce,_Nagpur.png"
"Hislop College, Nagpur ",Maharashtra,Arts,"34,331",--,8,8.3,7.2,8.6,8,7.5,8.6,"/images/Hislop_College,_Nagpur.png"
"Poona College of Arts, Science and Commerce ",Maharashtra,Arts,"5,380","15,920",7,7.4,6.1,8.7,7.7,4.7,7.1,"/images/Poona_College_of_Arts,_Science_and_Commerce.png"
Dr Babasaheb Ambedkar Marathwada University ,Maharashtra,Arts,"18,136","1,050",7.1,7.4,6.4,8,7.1,5.8,7.8,/images/Dr_Babasaheb_Ambedkar_Marathwada_University.png
Dhanwate National College ,Maharashtra,Arts,--,--,7.4,7.6,6.4,8,8.4,6.2,8,/images/Dhanwate_National_College.png
"Vasantrao Naik Mahavidyalaya, Aurangabad ",Maharashtra,Arts,"3,415",--,5.6,7.5,3.5,8,4.5,3,7,"/images/Vasantrao_Naik_Mahavidyalaya,_Aurangabad.png"
"Yashwantrao Mohite College, Pune ",Maharashtra,Arts,"10,500","11,500",5,5.8,4.4,5.7,5,4.3,4.6,"/images/Yashwantrao_Mohite_College,_Pune.png"
Indian Institute of Technology BHU,Uttar pradesh,Arts,"64,050",--,8.9,9.1,8.4,8.7,9.3,8.9,9.1,/images/Indian_Institute_of_Technology_BHU.png
"National Post Graduate College, Lucknow ",Uttar pradesh,Arts,"10,000","22,800",7.6,8.6,7.4,8.5,7.6,6.8,6.7,"/images/National_Post_Graduate_College,_Lucknow.png"
Isabella Thoburn Degree College ,Uttar pradesh,Arts,--,--,7.7,8.5,7.2,8.4,7.8,5.9,8.2,/images/Isabella_Thoburn_Degree_College.png
Chhatrapati Shahu Ji Maharaj University ,Uttar pradesh,Arts,"39,293","29,293",7.1,7.2,6.6,7.5,8,5.8,7.7,/images/Chhatrapati_Shahu_Ji_Maharaj_University.png
University of Lucknow ,Uttar pradesh,Arts,"42,160","13,990",7.4,7.9,7,7.8,7.7,6.1,7.6,/images/University_of_Lucknow.png
"DAV Post Graduate College, Varanasi ",Uttar pradesh,Arts,--,--,7.5,8.7,6.1,8.8,7.9,5.3,8.3,"/images/DAV_Post_Graduate_College,_Varanasi.png"
"Avadh Girls' Degree College, Lucknow ",Uttar pradesh,Arts,"7,586","22,500",7.2,7.6,6.9,7.9,6.5,6.4,8,"/images/Avadh_Girls'_Degree_College,_Lucknow.png"
"J.V.Jain College, Saharanpur ",Uttar pradesh,Arts,"1,743","1,956",6.5,7.7,5,8.1,6.5,5.3,6.5,"/images/J.V.Jain_College,_Saharanpur.png"
Baba Baijnath Degree College ,Uttar pradesh,Arts,"10,000","10,000",--,--,--,--,--,--,--,/images/Baba_Baijnath_Degree_College.png
"Navyug Kanya Mahavidyalaya, Lucknow ",Uttar pradesh,Arts,"6,160","12,620",5.9,6.8,4.6,7.4,5,5.1,6.4,"/images/Navyug_Kanya_Mahavidyalaya,_Lucknow.png"
"Dhirendra Mahila Mahavidyalaya, Varanasi ",Uttar pradesh,Arts,--,--,8.5,8.8,7.8,8.9,8.3,8.1,8.8,"/images/Dhirendra_Mahila_Mahavidyalaya,_Varanasi.png"
Brahmavart Post Graduate College ,Uttar pradesh,Arts,--,--,--,--,--,--,--,--,--,/images/Brahmavart_Post_Graduate_College.png
"Amity University, Lucknow ",Uttar pradesh,Arts,"66,000","66,000",8.1,8,7.6,8.1,8.8,7.1,8.8,"/images/Amity_University,_Lucknow.png"
"Dr Rammanohar Lohiya Mahavidyalaya, Kanpur ",Uttar pradesh,Arts,--,--,6.2,5.5,5.5,5.5,6,5.5,9,"/images/Dr_Rammanohar_Lohiya_Mahavidyalaya,_Kanpur.png"
"Shri Jai Narain PG College, Lucknow ",Uttar pradesh,Arts,"13,675","19,100",7.1,7.5,6.6,7.6,7.3,6.4,7.4,"/images/Shri_Jai_Narain_PG_College,_Lucknow.png"
"Mahila Vidyalaya PG College, Lucknow ",Uttar pradesh,Arts,"5,117","37,450",6.7,--,--,8,--,3,9,"/images/Mahila_Vidyalaya_PG_College,_Lucknow.png"
"Christ Church College -[CCC], Kanpur ",Uttar pradesh,Arts,"3,640","3,185",7.3,8,5.9,8.1,7.8,5.9,8.1,"/images/Christ_Church_College_-[CCC],_Kanpur.png"
"Manohar Lal Mahavidhyalaya, Kanpur ",Uttar pradesh,Arts,"13,000",--,--,--,--,--,--,--,--,"/images/Manohar_Lal_Mahavidhyalaya,_Kanpur.png"
"Shia PG College, Lucknow ",Uttar pradesh,Arts,"6,959","16,000",6.5,8.6,4.3,7.2,6.5,5.2,6.9,"/images/Shia_PG_College,_Lucknow.png"
"Baba Baruadas PG College, Ambedkar Nagar ",Uttar pradesh,Arts,--,--,--,--,--,--,--,--,--,"/images/Baba_Baruadas_PG_College,_Ambedkar_Nagar.png"
Dayanand Brajendra Swarup College ,Uttar pradesh,Arts,--,--,7.1,8,6.6,7.9,6.9,5.8,7.5,/images/Dayanand_Brajendra_Swarup_College.png
Pandit Prithi Nath College ,Uttar pradesh,Arts,"5,970","4,460",6.1,7.6,4,7.1,6.2,5.9,5.9,/images/Pandit_Prithi_Nath_College.png
"Dr. Shakuntala Misra National Rehabilitation University, Lucknow ",Uttar pradesh,Arts,"8,200","6,505",7.2,7.2,6.7,7.6,8.9,5.9,6.6,"/images/Dr._Shakuntala_Misra_National_Rehabilitation_University,_Lucknow.png"
Mahatma Gandhi Kashi Vidyapith ,Uttar pradesh,Arts,"2,060","18,875",7.1,7.5,6.9,7.9,7.5,5.6,7.3,/images/Mahatma_Gandhi_Kashi_Vidyapith.png
Dayanand Danku Paraga Gyan Uday Mahavidyalaya ,Uttar pradesh,Arts,"3,200","4,000",--,--,--,--,--,--,--,/images/Dayanand_Danku_Paraga_Gyan_Uday_Mahavidyalaya.png
"Lucknow Christian Degree College, Lucknow ",Uttar pradesh,Arts,"6,568","24,800",7.3,8.4,6.4,8.6,7.9,5.4,7.3,"/images/Lucknow_Christian_Degree_College,_Lucknow.png"
"Eram Girls Degree College, Lucknow ",Uttar pradesh,Arts,--,--,8.4,9,8,9,--,--,--,"/images/Eram_Girls_Degree_College,_Lucknow.png"
"Shree Shakti Degree College, Kanpur ",Uttar pradesh,Arts,"3,500",--,--,--,--,--,--,--,--,"/images/Shree_Shakti_Degree_College,_Kanpur.png"
"Rama Degree College, Lucknow ",Uttar pradesh,Arts,--,--,8.8,9,8,--,--,--,--,"/images/Rama_Degree_College,_Lucknow.png"
"VSSD College, Kanpur ",Uttar pradesh,Arts,--,--,6.3,7.7,6.2,7.2,6.7,4.6,5.6,"/images/VSSD_College,_Kanpur.png"
Lady Shri Ram College for Women ,Delhi ncr,Arts,"15,870","17,976",8.5,8.8,7.9,8.6,8.6,8,8.9,/images/Lady_Shri_Ram_College_for_Women.png
"Miranda House, New Delhi ",Delhi ncr,Arts,"14,530","14,160",8.6,9.1,8.5,8.5,9.3,7.1,8.9,"/images/Miranda_House,_New_Delhi.png"
"Hindu College, New Delhi ",Delhi ncr,Arts,"17,560","18,010",8.4,8.8,7.9,8.7,8.5,7.6,9,"/images/Hindu_College,_New_Delhi.png"
Hansraj College ,Delhi ncr,Arts,"20,945","13,309",8.4,8.7,7.9,8.7,8.5,7.8,8.9,/images/Hansraj_College.png
"Ramjas College, New Delhi ",Delhi ncr,Arts,"13,495","14,284",7.9,8.4,7.1,8.4,7.9,7,8.5,"/images/Ramjas_College,_New_Delhi.png"
Jesus and Mary College ,Delhi ncr,Arts,"15,610","17,046",7.9,8.6,6.9,8.1,8.5,7.1,8.4,/images/Jesus_and_Mary_College.png
"Gargi College, New Delhi ",Delhi ncr,Arts,"12,295","12,681",8.2,8.5,7.2,8.6,8,7.8,9,"/images/Gargi_College,_New_Delhi.png"
"Sri Venkateswara College, New Delhi ",Delhi ncr,Arts,"12,405","13,191",8.3,8.7,7.8,8.5,8.2,7.9,8.8,"/images/Sri_Venkateswara_College,_New_Delhi.png"
Delhi College of Arts and Commerce ,Delhi ncr,Arts,"8,495",--,7.9,8.3,7.3,8.2,7.1,7.9,8.8,/images/Delhi_College_of_Arts_and_Commerce.png
Shri Ram College of Commerce ,Delhi ncr,Arts,"15,000",--,8.8,9.1,7.7,9.1,8.9,8.9,9.1,/images/Shri_Ram_College_of_Commerce.png
Maharaja Agrasen College ,Delhi ncr,Arts,"11,000",--,7.7,8.2,6.7,8.1,8.7,6.5,7.9,/images/Maharaja_Agrasen_College.png
Indraprastha College for Women ,Delhi ncr,Arts,"13,000","24,100",8,8.8,7.6,8.2,8.8,7.1,7.5,/images/Indraprastha_College_for_Women.png
Aditi Mahavidyalaya ,Delhi ncr,Arts,"7,310",--,7.3,7.7,6.5,8,7,7.1,7.3,/images/Aditi_Mahavidyalaya.png
"Kalindi College, New Delhi ",Delhi ncr,Arts,"9,197",--,7.4,8.6,6.4,8.4,7,6.3,7.8,"/images/Kalindi_College,_New_Delhi.png"
"Lingaya's Vidyapeeth, Faridabad ",Delhi ncr,Arts,"90,000","63,500",7.8,8,7.5,8.1,7.7,7.3,8.1,"/images/Lingaya's_Vidyapeeth,_Faridabad.png"
Manav Rachna International Institute of Research and ,Delhi ncr,Arts,"1,65,000","1,26,000",7.5,7.4,7.3,7.5,8.3,6.6,7.6,/images/Manav_Rachna_International_Institute_of_Research_and.png
Kamala Nehru College ,Delhi ncr,Arts,"9,700","11,186",8.1,8.7,7.6,8.8,7.3,7.2,8.7,/images/Kamala_Nehru_College.png
Indian Institute of Technology Delhi,Delhi ncr,Arts,"30,300","20,000",8.7,9,7.8,8.7,8.9,9,9,/images/Indian_Institute_of_Technology_Delhi.png
"St Stephen's College, New Delhi ",Delhi ncr,Arts,"40,420",--,8.7,9.2,7.6,9.1,8.6,8.6,9.1,"/images/St_Stephen's_College,_New_Delhi.png"
Indian Institute of Mass Communication ,Delhi ncr,Arts,"95,500",--,7.3,7.8,6.5,7.5,7.4,7.6,7,/images/Indian_Institute_of_Mass_Communication.png
Jawaharlal Nehru University ,Delhi ncr,Arts,"1,260","1,362",8.5,9,8.2,9,8.7,7.2,9.1,/images/Jawaharlal_Nehru_University.png
Kirori Mal College ,Delhi ncr,Arts,"12,345","9,339",8.2,8.7,7.6,8.6,7.9,7.3,8.9,/images/Kirori_Mal_College.png
Atma Ram Sanatan Dharma College ,Delhi ncr,Arts,"10,985","11,771",7.8,8.4,6.7,8.4,8,6.8,8.7,/images/Atma_Ram_Sanatan_Dharma_College.png
"Deen Dayal Upadhyaya College, New Delhi ",Delhi ncr,Arts,"15,000","19,550",7.9,8.4,7.4,8.3,8.4,6.5,8.2,"/images/Deen_Dayal_Upadhyaya_College,_New_Delhi.png"
"Jamia Millia Islamia University-[JMI], New Delhi ",Delhi ncr,Arts,"20,000","30,100",8,8.4,7.6,8.3,8.4,7.2,8.2,"/images/Jamia_Millia_Islamia_University-[JMI],_New_Delhi.png"
"Lady Irwin College, New Delhi ",Delhi ncr,Arts,--,--,8.2,9,6.9,8.9,8.7,6.8,9,"/images/Lady_Irwin_College,_New_Delhi.png"
"AJK Mass Communication Research Centre, New Delhi ",Delhi ncr,Arts,"77,110","60,820",7.7,8.5,7,8.3,8.3,8.8,5.3,"/images/AJK_Mass_Communication_Research_Centre,_New_Delhi.png"
Sri Guru Tegh Bahadur Khalsa College ,Delhi ncr,Arts,"20,915","18,954",7.8,8.2,7.2,8.2,8.1,6.8,8.3,/images/Sri_Guru_Tegh_Bahadur_Khalsa_College.png
"Jamia Hamdard University, New Delhi ",Delhi ncr,Arts,"45,000","77,000",7.5,8.1,7.3,7.8,8.1,6.5,7.4,"/images/Jamia_Hamdard_University,_New_Delhi.png"
Shaheed Rajguru College of Applied Sciences for ,Delhi ncr,Arts,"17,440",--,7.9,8.3,7.3,8.3,8.8,6.5,8.1,/images/Shaheed_Rajguru_College_of_Applied_Sciences_for.png
"Silver Jubilee Government Degree College, Kurnool ",Andhra pradesh,Arts,"5,291",--,7.7,8.3,6.1,9,7.7,7.1,7.9,"/images/Silver_Jubilee_Government_Degree_College,_Kurnool.png"
"Dr. Lankapalli Bullayya College, Visakhapatnam ",Andhra pradesh,Arts,--,--,8.2,8.7,7.5,8.6,9,6.8,8.3,"/images/Dr._Lankapalli_Bullayya_College,_Visakhapatnam.png"
PVKN Govt Degree College ,Andhra pradesh,Arts,"12,720",--,8.9,9.7,7.7,9,8.7,8.3,9.7,/images/PVKN_Govt_Degree_College.png
"Andhra University, Dr. B. R. Ambedkar College ",Andhra pradesh,Arts,"3,22,720",--,8.5,9.5,7.5,9.5,8,8,8.5,"/images/Andhra_University,_Dr._B._R._Ambedkar_College.png"
Andhra Loyola College ,Andhra pradesh,Arts,--,--,8,8.5,7.4,8.5,8.6,7,8.2,/images/Andhra_Loyola_College.png
K L University ,Andhra pradesh,Arts,"1,65,000","1,45,000",8.3,8.5,7.6,8.3,8.8,8.3,8.2,/images/K_L_University.png
IFMR Graduate School of Business ,Andhra pradesh,Arts,--,--,8.2,8.3,8.1,8.4,8.3,8.5,7.8,/images/IFMR_Graduate_School_of_Business.png
Sri Venkateswara University ,Andhra pradesh,Arts,"6,325","8,290",8.1,7.9,8.3,8.2,7.9,7.7,8.4,/images/Sri_Venkateswara_University.png
GITAM Institute of Management ,Andhra pradesh,Arts,"80,000","5,000",8.5,8.6,7.3,8.8,9.2,8.4,8.7,/images/GITAM_Institute_of_Management.png
"Vignan’s Foundation for Science, Technology, and Research, ",Andhra pradesh,Arts,"70,000",--,8.2,8.2,8.4,8.5,8.2,7.7,8.4,"/images/Vignan’s_Foundation_for_Science,_Technology,_and_Research,.png"
Acharya Nagarjuna University ,Andhra pradesh,Arts,"5,950","6,900",7.3,7.7,7,7.2,8,5.7,8.2,/images/Acharya_Nagarjuna_University.png
"Krea University, Sri City ",Andhra pradesh,Arts,"7,70,500",--,8.6,8.2,8.6,8.7,8.6,8.8,8.8,"/images/Krea_University,_Sri_City.png"
Indian Institute of Management Visakhapatnam ,Andhra pradesh,Arts,--,--,8.9,8.8,9,9,8.8,8.8,8.8,/images/Indian_Institute_of_Management_Visakhapatnam.png
Indian Institute of Technology Tirupati,Andhra pradesh,Arts,"17,450",--,8.6,9,8.1,8.8,8.7,8.2,8.9,/images/Indian_Institute_of_Technology_Tirupati.png
Centurion University of Technology and Management ,Andhra pradesh,Arts,"50,000",--,7.8,8,7.2,8.3,7.6,7.4,8.3,/images/Centurion_University_of_Technology_and_Management.png
VIT University ,Andhra pradesh,Arts,"43,000",--,8.2,8.3,7.9,8.3,8.1,8.4,8.1,/images/VIT_University.png
"SRM University, Amaravathi ",Andhra pradesh,Arts,"16,000","1,60,000",8.7,8.7,8.1,9.2,9.2,8.4,8.4,"/images/SRM_University,_Amaravathi.png"
"Madanapalle Institute of Technology & Science, Madanapalle ",Andhra pradesh,Arts,--,--,8.4,8.5,7.6,8.7,8.3,8.5,8.5,"/images/Madanapalle_Institute_of_Technology_&_Science,_Madanapalle.png"
"Risali Institute of Management, Visakhapatnam ",Andhra pradesh,Arts,"75,000",--,8.4,8.2,8.3,8.3,8.8,8.4,8.4,"/images/Risali_Institute_of_Management,_Visakhapatnam.png"
"Andhra University, College of Science & Technology, ",Andhra pradesh,Arts,--,--,8,8.6,6.4,8.8,8.3,7.1,8.7,"/images/Andhra_University,_College_of_Science_&_Technology,.png"
Siddartha Educational Academy Group of Institutions ,Andhra pradesh,Arts,--,--,6.2,6.3,4.6,6.9,7.6,5.3,6.4,/images/Siddartha_Educational_Academy_Group_of_Institutions.png
"AGL Degree and PG College, Visakhapatnam ",Andhra pradesh,Arts,--,--,7.4,7.5,6,9,8,6,8,"/images/AGL_Degree_and_PG_College,_Visakhapatnam.png"
"Adoni Arts and Science College, Adoni ",Andhra pradesh,Arts,--,--,8.2,8.5,7.3,8.5,8.3,7.8,8.7,"/images/Adoni_Arts_and_Science_College,_Adoni.png"
A.G & S.G Siddhartha Degree College of ,Andhra pradesh,Arts,"3,714",--,8.5,8.9,7.6,8.9,8.4,8.4,8.8,/images/A.G_&_S.G_Siddhartha_Degree_College_of.png
Akkineni Nageswara Rao College ,Andhra pradesh,Arts,"3,315",--,8.6,9,9,8.3,--,--,--,/images/Akkineni_Nageswara_Rao_College.png
"Andhra Muslim College of Arts and Science, ",Andhra pradesh,Arts,--,--,--,--,--,--,--,--,--,"/images/Andhra_Muslim_College_of_Arts_and_Science,.png"
"Annabattuni Satyanarayana Degree College, Guntur ",Andhra pradesh,Arts,--,--,6.9,7.7,6,8,6.3,8.3,5,"/images/Annabattuni_Satyanarayana_Degree_College,_Guntur.png"
"Besant Theosophical College, Madanapalle ",Andhra pradesh,Arts,"6,000","20,000",8.3,8.5,8.5,8.5,8,8,8.5,"/images/Besant_Theosophical_College,_Madanapalle.png"
Ch S D St Theresa's Atonomous College ,Andhra pradesh,Arts,"10,000","8,000",--,--,--,--,--,--,--,/images/Ch_S_D_St_Theresa's_Atonomous_College.png
"Christ University, Bangalore ",Karnataka,Arts,"50,000","20,000",8.3,8.5,7.4,8.2,8.9,8.1,8.8,"/images/Christ_University,_Bangalore.png"
"Vivekananda Degree College, Bangalore ",Karnataka,Arts,--,--,7.4,8.2,6.5,8.3,7.4,6.5,7.4,"/images/Vivekananda_Degree_College,_Bangalore.png"
Kristu Jayanti College ,Karnataka,Arts,"50,000","70,000",8.4,8.9,7.7,8.4,8.9,8.1,8.5,/images/Kristu_Jayanti_College.png
Maharani Lakshmi Ammanni College for Women ,Karnataka,Arts,--,--,8,8.6,7,8.6,7.9,7.9,8.2,/images/Maharani_Lakshmi_Ammanni_College_for_Women.png
Jyoti Nivas College ,Karnataka,Arts,"20,492","40,000",7.8,8.2,7.4,8.3,7.7,7,8.4,/images/Jyoti_Nivas_College.png
"The National Degree College, Bangalore ",Karnataka,Arts,--,--,7.3,8.3,6.3,8.5,7.2,6.9,6.8,"/images/The_National_Degree_College,_Bangalore.png"
"MES College of Arts, Commerce & Science, ",Karnataka,Arts,"19,018",--,7.3,8,6.2,8,6.5,6.6,8.2,"/images/MES_College_of_Arts,_Commerce_&_Science,.png"
"NMKRV College for Women, Bangalore ",Karnataka,Arts,"2,40,000",--,7.9,7.9,7.3,8.4,8.1,6.9,8.7,"/images/NMKRV_College_for_Women,_Bangalore.png"
Mount Carmel College ,Karnataka,Arts,--,--,8.3,8.3,7.8,8.2,8.3,7.9,9.1,/images/Mount_Carmel_College.png
"BES Degree College Jayanagar, Bangalore ",Karnataka,Arts,--,--,7.4,8,7.7,8.5,7,6,7.3,"/images/BES_Degree_College_Jayanagar,_Bangalore.png"
Garden City University ,Karnataka,Arts,"73,100","1,19,000",7.8,7.7,7.5,7.8,8.2,7.3,8.5,/images/Garden_City_University.png
"Ramaiah College of Arts, Science and Commerce ",Karnataka,Arts,--,--,7.9,8.1,7.9,8,8.3,7,8.3,"/images/Ramaiah_College_of_Arts,_Science_and_Commerce.png"
B.R. Tambakad Arts Commerce and Science First ,Karnataka,Arts,"4,913",--,--,--,--,--,--,--,--,/images/B.R._Tambakad_Arts_Commerce_and_Science_First.png
KLE Society's S. Nijalingappa College ,Karnataka,Arts,--,--,7.5,8,6.2,8.1,8.1,6.7,8,/images/KLE_Society's_S._Nijalingappa_College.png
Hasanath College for Women ,Karnataka,Arts,--,--,--,--,--,--,--,--,--,/images/Hasanath_College_for_Women.png
Indian Institute of Management ,Karnataka,Arts,--,--,9.1,9,9,9.1,9.2,9.2,8.9,/images/Indian_Institute_of_Management.png
National Law School of India University ,Karnataka,Arts,"2,19,625","2,19,625",8.8,9.1,8.6,9.3,8.1,9.1,8.8,/images/National_Law_School_of_India_University.png
Welcomgroup Graduate School of Hotel Administration ,Karnataka,Arts,"3,00,000","3,00,000",8.8,8.7,8.3,8.6,8.7,9.1,9.3,/images/Welcomgroup_Graduate_School_of_Hotel_Administration.png
Manipal Academy of Higher Education ,Karnataka,Arts,"3,00,000","75,000",8.4,8.5,8.2,8.6,8.8,7.8,8.4,/images/Manipal_Academy_of_Higher_Education.png
St Joseph's College ,Karnataka,Arts,"28,800","99,750",8.1,8.4,7.3,8.4,8.3,7.6,8.6,/images/St_Joseph's_College.png
"St. Aloysius College, Mangalore ",Karnataka,Arts,"14,750","54,705",7.9,8.4,7.1,8.1,8.3,7.1,8.6,"/images/St._Aloysius_College,_Mangalore.png"
"JSS Academy of Higher Education & Research, ",Karnataka,Arts,--,--,8.2,8.3,7.5,8.6,8.5,8,8,"/images/JSS_Academy_of_Higher_Education_&_Research,.png"
Bangalore Medical College and Research Institute ,Karnataka,Arts,"34,720",--,8.4,8.6,7.7,8.2,7.9,9.3,8.5,/images/Bangalore_Medical_College_and_Research_Institute.png
"JD Institute of Fashion Technology, Bangalore ",Karnataka,Arts,--,--,8.2,8.7,5.5,9.6,7.7,7.7,9.8,"/images/JD_Institute_of_Fashion_Technology,_Bangalore.png"
KS Hegde Medical Academy ,Karnataka,Arts,"82,000",--,8.6,9,8.4,9.6,8.4,8.2,8.2,/images/KS_Hegde_Medical_Academy.png
Manipal Institute of Technology ,Karnataka,Arts,"75,000",--,8.7,8.5,8.5,8.1,9.4,8.1,9.3,/images/Manipal_Institute_of_Technology.png
Manipal School of Architecture and Planning ,Karnataka,Arts,"1,20,000",--,7.4,8.2,6.8,7,8.4,5.6,8.2,/images/Manipal_School_of_Architecture_and_Planning.png
St George College of Management Science and ,Karnataka,Arts,"50,900",--,6.4,7.5,5.5,8,6,5,6.3,/images/St_George_College_of_Management_Science_and.png
"AIMS Institutes, Bangalore ",Karnataka,Arts,"1,90,000","1,69,000",7.3,7.8,6.6,8.1,6.5,7.2,7.3,"/images/AIMS_Institutes,_Bangalore.png"
Indian Academy Group of Institutions ,Karnataka,Arts,"1,71,000","1,30,500",7.9,8.6,7.6,8.5,7.5,7.8,7.6,/images/Indian_Academy_Group_of_Institutions.png
Kasturba Gandhi Degree and PG College for ,Telangana,Arts,"31,100",--,8,8.1,7,8.3,8.6,7.1,8.8,/images/Kasturba_Gandhi_Degree_and_PG_College_for.png
"Nizam College, Hyderabad ",Telangana,Arts,"4,600",--,8.2,8.3,7.5,8.6,8.3,7.6,8.7,"/images/Nizam_College,_Hyderabad.png"
A.V. College of Arts Science and Commerce ,Telangana,Arts,"17,095","5,190",8,8.1,6.3,8.1,8.7,7.8,8.9,/images/A.V._College_of_Arts_Science_and_Commerce.png
Osmania University College for Women ,Telangana,Arts,"5,800","2,260",8.2,8,8.4,8.7,8.5,6.5,9,/images/Osmania_University_College_for_Women.png
"Loyola Academy Degree and PG College, Secunderabad ",Telangana,Arts,"47,000",--,8.1,8.5,7.2,8.4,8.5,7.7,8.4,"/images/Loyola_Academy_Degree_and_PG_College,_Secunderabad.png"
"St Ann's College for Women, Hyderabad ",Telangana,Arts,"9,205",--,8.1,8.6,6.9,8.7,8.5,7.7,8.4,"/images/St_Ann's_College_for_Women,_Hyderabad.png"
"St Francis College for Women, Hyderabad ",Telangana,Arts,"10,000","7,360",8.5,8.9,7.2,8.5,8.9,8.6,9,"/images/St_Francis_College_for_Women,_Hyderabad.png"
Sarojini Naidu Vanita Mahavidyalaya ,Telangana,Arts,"5,050","7,200",9.4,9.8,9.8,8.5,9.5,9,9.5,/images/Sarojini_Naidu_Vanita_Mahavidyalaya.png
Raja Bahadur Venkat Rama Reddy Women's College ,Telangana,Arts,"21,980",--,8.2,7.8,7.6,8.6,8.3,7.9,8.7,/images/Raja_Bahadur_Venkat_Rama_Reddy_Women's_College.png
Indian Institute of Technology Hyderabad,Telangana,Arts,"35,200","31,395",8.5,8.7,8,8.7,8.5,8.3,8.6,/images/Indian_Institute_of_Technology_Hyderabad.png
University of Hyderabad ,Telangana,Arts,"7,220","7,220",8.4,8.7,7.6,8.5,9,7.5,8.8,/images/University_of_Hyderabad.png
National Institute of Technology Hyderabad,Telangana,Arts,"47,000",--,8.4,8.6,7.9,8.2,8.5,8.6,8.4,/images/National_Institute_of_Technology_Hyderabad.png
ICFAI Foundation for Higher Education ,Telangana,Arts,"1,20,000","1,20,000",8.2,8.3,7.5,8.1,8.6,7.8,8.9,/images/ICFAI_Foundation_for_Higher_Education.png
International Institute of Information Technology ,Telangana,Arts,--,--,8.3,9,8.2,8.5,7.8,9.2,6.9,/images/International_Institute_of_Information_Technology.png
Jawaharlal Nehru Technological University ,Telangana,Arts,"20,000",--,8,8.3,7.7,7.8,8.3,7.6,8.3,/images/Jawaharlal_Nehru_Technological_University.png
ICFAI Business School ,Telangana,Arts,"1,60,000","1,30,000",8.2,8.2,8,8.1,8.5,7.8,8.7,/images/ICFAI_Business_School.png
Jawaharlal Nehru Architecture and Fine Arts University ,Telangana,Arts,"20,000","25,000",6.5,7.9,4.7,7.1,7.1,6,6.4,/images/Jawaharlal_Nehru_Architecture_and_Fine_Arts_University.png
Osmania University ,Telangana,Arts,"3,240",--,7.9,8.3,7.5,8,8,7.7,7.9,/images/Osmania_University.png
Kakatiya University ,Telangana,Arts,"18,010","7,340",7.2,7.4,6.8,7.6,7.2,6.8,7.4,/images/Kakatiya_University.png
Directorate of Sorghum Research ,Telangana,Arts,--,--,--,--,--,--,--,--,--,/images/Directorate_of_Sorghum_Research.png
"St Joseph's Degree and PG College, Hyderabad ",Telangana,Arts,--,--,7.8,8.2,6.4,8.4,7.5,8,8.1,"/images/St_Joseph's_Degree_and_PG_College,_Hyderabad.png"
"Anurag University, Hyderabad ",Telangana,Arts,"54,000",--,8.3,8.5,7.5,8.2,8.9,8,8.4,"/images/Anurag_University,_Hyderabad.png"
National Academy of Agricultural Research Management ,Telangana,Arts,"20,000",--,9.4,9.7,9.4,9.3,9.7,9,9.5,/images/National_Academy_of_Agricultural_Research_Management.png
Dr. B.R. Ambedkar Open University ,Telangana,Arts,"6,900","5,000",6.7,7.3,5.6,7.8,7.2,5.5,6.8,/images/Dr._B.R._Ambedkar_Open_University.png
Maulana Azad National Urdu University ,Telangana,Arts,"3,300","4,000",7.8,7,8.3,8.1,8.6,7.1,7.9,/images/Maulana_Azad_National_Urdu_University.png
Birla Institute of Technology and Science ,Telangana,Arts,"1,10,125",--,9,9,8.4,8.8,9.4,9.1,9.4,/images/Birla_Institute_of_Technology_and_Science.png
English and Foreign Languages University ,Telangana,Arts,"5,260","9,895",8,9,7.7,8.8,7.8,7,7.7,/images/English_and_Foreign_Languages_University.png
"AMS College of Teacher Education, Hyderabad ",Telangana,Arts,"26,120",--,--,--,--,--,--,--,--,"/images/AMS_College_of_Teacher_Education,_Hyderabad.png"
"Mahindra University, Hyderabad ",Telangana,Arts,"70,000",--,8.8,9.1,8.6,9,9.1,7.8,8.9,"/images/Mahindra_University,_Hyderabad.png"
"DAVV Mateshwari Sugni Devi Girls College, Indore ",Madhya pradesh,Arts,--,--,--,--,--,--,--,--,--,"/images/DAVV_Mateshwari_Sugni_Devi_Girls_College,_Indore.png"
Islamia Karimia College ,Madhya pradesh,Arts,"8,352","9,900",5.9,6,5.5,8,5.5,4.5,6,/images/Islamia_Karimia_College.png
Institute for Excellence in Higher Education ,Madhya pradesh,Arts,"18,882","19,707",7.2,7.9,6.5,7.9,7,6.7,7.4,/images/Institute_for_Excellence_in_Higher_Education.png
Government M L B Girls PG College ,Madhya pradesh,Arts,--,--,6.9,7.1,6.5,7.4,6.5,5.8,7.8,/images/Government_M_L_B_Girls_PG_College.png
"Government Maharani Laxmi Bai Girls PG College, ",Madhya pradesh,Arts,"1,250","1,370",--,--,--,--,--,--,--,"/images/Government_Maharani_Laxmi_Bai_Girls_PG_College,.png"
Barkatullah University ,Madhya pradesh,Arts,"9,795","7,795",6.9,7.3,6.1,7.4,6.9,6,7.5,/images/Barkatullah_University.png
Atal Bihari Vajpayee Hindi Vishwavidyalaya ,Madhya pradesh,Arts,"10,100","10,250",7.7,8.3,6.3,8.7,7.3,7.8,7.9,/images/Atal_Bihari_Vajpayee_Hindi_Vishwavidyalaya.png
Madhya Pradesh Bhoj (Open) University ,Madhya pradesh,Arts,"3,612","6,900",7.8,8.6,7.4,8.7,7.5,7.6,7.2,/images/Madhya_Pradesh_Bhoj_(Open)_University.png
"Rajeev Gandhi College, Bhopal ",Madhya pradesh,Arts,"10,000",--,6.7,7,5.9,7.3,7.1,5.6,7.2,"/images/Rajeev_Gandhi_College,_Bhopal.png"
"RKDF University, Bhopal ",Madhya pradesh,Arts,"50,000","10,000",7.6,8,7,7.8,8,6.5,8.2,"/images/RKDF_University,_Bhopal.png"
"Govt Girls PG College, Chhatarpur ",Madhya pradesh,Arts,--,--,--,--,--,--,--,--,--,"/images/Govt_Girls_PG_College,_Chhatarpur.png"
"Indore Christian College, Indore ",Madhya pradesh,Arts,"10,300","11,300",--,--,--,--,--,--,--,"/images/Indore_Christian_College,_Indore.png"
"Government Hamidia Arts And Commerce College, Bhopal ",Madhya pradesh,Arts,"2,044","1,860",7.4,7.9,5.5,8.8,8.1,6.3,8,"/images/Government_Hamidia_Arts_And_Commerce_College,_Bhopal.png"
Indian Institute of Technology Indore,Madhya pradesh,Arts,"78,800",--,8,8.4,7.6,8.1,7.7,7.8,8.4,/images/Indian_Institute_of_Technology_Indore.png
Indian Institute of Forest Management ,Madhya pradesh,Arts,"1,75,000",--,9,9,9.1,9,9.3,8.5,9.1,/images/Indian_Institute_of_Forest_Management.png
Prestige Institute of Management and Research ,Madhya pradesh,Arts,--,--,7.9,8.2,7,8.4,7.3,7.7,8.5,/images/Prestige_Institute_of_Management_and_Research.png
Institute of Business Management & Research ,Madhya pradesh,Arts,--,--,8.4,8.3,8,8.6,9,7.8,8.9,/images/Institute_of_Business_Management_&_Research.png
"M.B. Khalsa College, Indore ",Madhya pradesh,Arts,--,--,6.6,6.7,5.2,7.8,7.1,5.7,7,"/images/M.B._Khalsa_College,_Indore.png"
"Amity University, Gwalior ",Madhya pradesh,Arts,"64,000","64,000",8.6,8.8,8.5,8.4,9.3,8,8.3,"/images/Amity_University,_Gwalior.png"
"Devi Ahilya Vishwavidyalaya, Indore ",Madhya pradesh,Arts,"24,500","24,500",7.5,8,6.5,7.8,7.5,7,7.9,"/images/Devi_Ahilya_Vishwavidyalaya,_Indore.png"
"Altius Institute of Universal Studies, Indore ",Madhya pradesh,Arts,"41,500",--,9,9,8,--,--,--,--,"/images/Altius_Institute_of_Universal_Studies,_Indore.png"
Regional Institute of Education ,Madhya pradesh,Arts,"14,300","3,430",8.6,9,8.3,8.5,8.9,8.4,8.2,/images/Regional_Institute_of_Education.png
Indira Gandhi National Tribal University ,Madhya pradesh,Arts,"6,700","25,600",7.5,7.5,7.3,8.4,7.9,5.9,7.9,/images/Indira_Gandhi_National_Tribal_University.png
Awadhesh Pratap Singh University ,Madhya pradesh,Arts,"12,000","16,000",7.1,7.9,6.5,8.1,7.2,5.3,7.3,/images/Awadhesh_Pratap_Singh_University.png
"Career College, Bhopal ",Madhya pradesh,Arts,"10,000","10,000",8.3,8.4,7.6,8.7,8.3,8.4,8.3,"/images/Career_College,_Bhopal.png"
Jagran Lakecity University ,Madhya pradesh,Arts,"47,500","1,10,000",8,8,7.9,7.8,8.6,7.4,8.1,/images/Jagran_Lakecity_University.png
LNCT University ,Madhya pradesh,Arts,"10,000","15,000",9,9,8.8,9.3,8.8,8.9,8.9,/images/LNCT_University.png
"Avantika University, Ujjain ",Madhya pradesh,Arts,--,--,9.1,9.3,8.5,9.3,8.5,9.5,9.2,"/images/Avantika_University,_Ujjain.png"
Pandit S. N. Shukla University Shahdol ,Madhya pradesh,Arts,"32,000",500,8.1,8.2,7.7,8.5,8.2,7.4,8.4,/images/Pandit_S._N._Shukla_University_Shahdol.png
"St Joseph's College Devagiri, Calicut ",Kerala,Arts,"27,200","45,000",8.4,8.8,7.7,8.7,8.7,7.4,9,"/images/St_Joseph's_College_Devagiri,_Calicut.png"
Sacred Heart College ,Kerala,Arts,"6,170","1,15,600",8.5,8.9,7.5,8.6,8.8,8,9.1,/images/Sacred_Heart_College.png
"St Teresa's College (Autonomous), Ernakulam ",Kerala,Arts,"6,500","5,000",8.4,8.9,7.4,9,8.2,7.7,9.3,"/images/St_Teresa's_College_(Autonomous),_Ernakulam.png"
"Government College, Kasaragod ",Kerala,Arts,--,--,8.2,8.3,7.4,9.1,8.7,6.6,9,"/images/Government_College,_Kasaragod.png"
"St. Albert's College, Ernakulam ",Kerala,Arts,"18,000","37,500",7.1,7.9,6.4,7.7,7,6.5,6.9,"/images/St._Albert's_College,_Ernakulam.png"
"Government Victoria College, Palakkad ",Kerala,Arts,"2,025","3,480",8,8.5,7.4,8.8,7.5,6.3,9.3,"/images/Government_Victoria_College,_Palakkad.png"
"Gems Arts and Science College, Malappuram ",Kerala,Arts,--,--,7.8,8.2,6.5,8.3,8.3,6.2,9.1,"/images/Gems_Arts_and_Science_College,_Malappuram.png"
"AV Abdurahiman Haji Arts & Science College, ",Kerala,Arts,"29,145","44,130",5.4,6.8,3.8,6,6.8,2.8,6,"/images/AV_Abdurahiman_Haji_Arts_&_Science_College,.png"
"Maharaja's College, Ernakulam ",Kerala,Arts,"3,920","5,200",7.8,8.4,7.3,8.6,8.2,5.4,8.8,"/images/Maharaja's_College,_Ernakulam.png"
"Government Arts College, Thiruvananthapuram ",Kerala,Arts,--,--,7.8,9.3,6.3,9,8,6.5,7.5,"/images/Government_Arts_College,_Thiruvananthapuram.png"
Indian Institute of Management ,Kerala,Arts,"9,50,000",--,8.9,8.9,8.9,9.1,9.1,9.1,8.3,/images/Indian_Institute_of_Management.png
"Trivandrum University College, Thiruvananthapuram ",Kerala,Arts,"2,695","1,715",8.5,9.2,8,8.6,9,7.5,8.6,"/images/Trivandrum_University_College,_Thiruvananthapuram.png"
"Mar Ivanios College, Thiruvananthapuram ",Kerala,Arts,"3,485","3,525",8.3,8.7,8.1,8.7,8.8,6.6,9,"/images/Mar_Ivanios_College,_Thiruvananthapuram.png"
Rajagiri College of Social Sciences ,Kerala,Arts,"19,453","21,703",8.5,8.8,8.5,8.8,8.5,8,8.1,/images/Rajagiri_College_of_Social_Sciences.png
Mahatma Gandhi University ,Kerala,Arts,"20,200","30,000",7.7,8,7.5,8,8,6.2,8.2,/images/Mahatma_Gandhi_University.png
"St Thomas' College, Thrissur ",Kerala,Arts,"2,020","3,380",7.4,8,7,8.1,7,6.6,7.9,"/images/St_Thomas'_College,_Thrissur.png"
Calicut University ,Kerala,Arts,"2,520","3,635",7,7.5,6.2,7.5,7.4,5.4,7.9,/images/Calicut_University.png
St. Berchmans College ,Kerala,Arts,"7,900","8,460",8.4,8.6,8.2,8.6,8.6,7.7,8.5,/images/St._Berchmans_College.png
"Mahatma Gandhi College, Trivandrum ",Kerala,Arts,"2,250","3,390",8.1,8.7,7.5,8.6,8.8,5.9,8.9,"/images/Mahatma_Gandhi_College,_Trivandrum.png"
"Farook College, Kozhikode ",Kerala,Arts,"2,335","3,760",8.1,8.7,8.1,8.5,8.5,5.8,9,"/images/Farook_College,_Kozhikode.png"
"Newman College, Thodupuzha ",Kerala,Arts,"2,828","3,793",7.2,8.4,5.1,7.8,8,6.6,7,"/images/Newman_College,_Thodupuzha.png"
T.K.M. College of Arts and Science ,Kerala,Arts,"18,000","37,500",8,8.1,7.5,8.1,8.3,7.5,8.6,/images/T.K.M._College_of_Arts_and_Science.png
"Christ College Irinjalakuda, Thrissur ",Kerala,Arts,"9,70,000","8,71,000",8,8.3,7.7,8.2,8.4,7.2,8.3,"/images/Christ_College_Irinjalakuda,_Thrissur.png"
"Bishop Vayalil Memorial Holy Cross College, Kottayam ",Kerala,Arts,"45,478","38,828",7.6,8.3,6.6,9,7.7,7.3,6.7,"/images/Bishop_Vayalil_Memorial_Holy_Cross_College,_Kottayam.png"
"St. Mary's College Sulthan Bathery, Sulthan Batheri ",Kerala,Arts,"37,500",--,6.8,7.8,6.9,6.8,7.5,3.8,7.8,"/images/St._Mary's_College_Sulthan_Bathery,_Sulthan_Batheri.png"
"SCMS Cochin School of Business, Cochin ",Kerala,Arts,"3,75,000",--,7.5,8,8.1,7.4,8.3,7.2,6.1,"/images/SCMS_Cochin_School_of_Business,_Cochin.png"
"Mar Thoma College, Tiruvalla ",Kerala,Arts,--,--,7.2,7.6,6.7,8.3,7.4,5.2,7.7,"/images/Mar_Thoma_College,_Tiruvalla.png"
SCMS School of Technology and Management ,Kerala,Arts,"18,000",--,7.8,7.9,7.7,8.4,7.5,8.3,7.2,/images/SCMS_School_of_Technology_and_Management.png
"Nirmalagiri College, Kannur ",Kerala,Arts,"1,960","3,120",8,9.3,7.3,8.1,9,6.7,7.8,"/images/Nirmalagiri_College,_Kannur.png"
DC School of Management and Technology ,Kerala,Arts,"48,000",--,7.7,7.4,7.1,7.9,8,7.2,8.5,/images/DC_School_of_Management_and_Technology.png
"Banasthali Vidyapith, Jaipur ",Rajasthan,Arts,"77,500","75,500",8.5,8.8,8.2,8.9,8.6,7.9,8.8,"/images/Banasthali_Vidyapith,_Jaipur.png"
"St Xaviers College, Jaipur ",Rajasthan,Arts,"63,000","53,000",7.6,8.2,7.1,8.3,7.8,6,8.4,"/images/St_Xaviers_College,_Jaipur.png"
Jaipur National University ,Rajasthan,Arts,"38,300","38,000",7.5,7.9,7,7.7,7.8,6.7,7.6,/images/Jaipur_National_University.png
"Kanoria PG Mahila Mahavidyalaya, Jaipur ",Rajasthan,Arts,"15,000","16,500",7.7,8,7.9,7.8,8.3,5.8,8.2,"/images/Kanoria_PG_Mahila_Mahavidyalaya,_Jaipur.png"
Jayoti Vidyapeeth Women's University ,Rajasthan,Arts,"35,000","2,30,000",7.6,7.7,8.4,7.9,7.7,6.4,7.4,/images/Jayoti_Vidyapeeth_Women's_University.png
"SS Jain Subodh PG College, Jaipur ",Rajasthan,Arts,"19,000","1,05,000",7.6,8.2,6.5,8.4,8,6.7,7.6,"/images/SS_Jain_Subodh_PG_College,_Jaipur.png"
"Maheshwari Girls P.G. College, Jaipur ",Rajasthan,Arts,"18,300","12,800",9.5,--,--,--,--,--,--,"/images/Maheshwari_Girls_P.G._College,_Jaipur.png"
IIS (Deemed to be University) ,Rajasthan,Arts,"78,000","69,600",8.3,8.6,8.5,8.6,8,7.9,8.4,/images/IIS_(Deemed_to_be_University).png
Birla Institute of Technology and Science ,Rajasthan,Arts,"86,825",--,8.9,8.8,8.2,8.8,9,9,9.3,/images/Birla_Institute_of_Technology_and_Science.png
National Law University ,Rajasthan,Arts,"95,000",--,8.4,8.8,8.1,7.5,8.6,8.8,8.5,/images/National_Law_University.png
Institute of Hotel Management and Catering ,Rajasthan,Arts,--,--,8.4,8.5,8.5,8.5,7.5,8.8,8.8,/images/Institute_of_Hotel_Management_and_Catering.png
Indian Institute of Technology Jodhpur,Rajasthan,Arts,"65,500",--,8.2,8,7.9,8.2,8.2,8,8.7,/images/Indian_Institute_of_Technology_Jodhpur.png
Malaviya National Institute of Technology ,Rajasthan,Arts,"71,065",--,8.2,8.2,7.4,8,8.7,8.2,8.5,/images/Malaviya_National_Institute_of_Technology.png
Madhav University ,Rajasthan,Arts,"60,000","35,000",7.8,7.9,7.5,8.2,7.9,7.3,7.8,/images/Madhav_University.png
Janardan Rai Nagar Rajasthan Vidyapeeth University ,Rajasthan,Arts,"20,000","18,000",7.8,8.3,7.5,8.3,7.9,7.3,7.5,/images/Janardan_Rai_Nagar_Rajasthan_Vidyapeeth_University.png
"Amity University, Jaipur ",Rajasthan,Arts,"70,000","90,000",8,7.8,7.6,7.8,8.9,7.4,8.7,"/images/Amity_University,_Jaipur.png"
"Poddar Group of Institutions, Jaipur ",Rajasthan,Arts,"25,000","40,000",7.7,8.3,7.1,8.6,7.4,6.9,8,"/images/Poddar_Group_of_Institutions,_Jaipur.png"
"Lucky Institute of Professional Studies, Jodhpur ",Rajasthan,Arts,"16,000","16,000",7.7,7.8,8,8.3,7.7,6,8.2,"/images/Lucky_Institute_of_Professional_Studies,_Jodhpur.png"
Jai Narain Vyas University ,Rajasthan,Arts,420,480,6.2,6.9,5.2,7.1,6.4,4.9,6.4,/images/Jai_Narain_Vyas_University.png
Mahatma Jyoti Rao Phoole University ,Rajasthan,Arts,"31,000","50,000",6.8,6.9,6.2,7.4,7.7,6.4,6.4,/images/Mahatma_Jyoti_Rao_Phoole_University.png
Career Point University ,Rajasthan,Arts,"37,000","35,000",8.3,8.4,7.9,8.4,8.4,7.6,8.9,/images/Career_Point_University.png
"IIHMR University, Jaipur ",Rajasthan,Arts,"1,40,000",--,8.5,8.6,8.1,8.5,8.8,8.5,8.2,"/images/IIHMR_University,_Jaipur.png"
"SPC Education Center, Jaipur ",Rajasthan,Arts,"2,500","2,500",10,--,--,--,--,--,--,"/images/SPC_Education_Center,_Jaipur.png"
"St Wilfreds College for Girls, Jaipur ",Rajasthan,Arts,--,--,7.5,8.4,6.5,8.3,7.4,6.7,7.5,"/images/St_Wilfreds_College_for_Girls,_Jaipur.png"
Mewar University ,Rajasthan,Arts,"28,000","75,000",8,7.9,7.1,8.1,8.8,7.3,8.6,/images/Mewar_University.png
"Alankar P.G. Girls College, Jaipur ",Rajasthan,Arts,"14,000","11,000",9,9,9,9,9,9,9,"/images/Alankar_P.G._Girls_College,_Jaipur.png"
University of Rajasthan ,Rajasthan,Arts,"5,440","23,300",7.6,8.1,7.1,8.1,7.9,6.5,7.8,/images/University_of_Rajasthan.png
"Singhania University, Jhunjhunu ",Rajasthan,Arts,"22,000","52,000",7.1,7.1,6.7,7.1,7.1,7,7.3,"/images/Singhania_University,_Jhunjhunu.png"
Manipal University ,Rajasthan,Arts,"36,000","88,500",8.4,8.2,8.3,8.2,9.2,7.7,9,/images/Manipal_University.png
Mehr Chand Mahajan Dayanand Anglo Vedic College ,Haryana,Arts,"20,040","20,060",8.2,8.4,8,8.5,8.2,7.6,8.4,/images/Mehr_Chand_Mahajan_Dayanand_Anglo_Vedic_College.png
DAV College ,Haryana,Arts,"37,430","20,250",8,8.4,7.4,8.3,8,6.8,8.8,/images/DAV_College.png
"Lingaya's Vidyapeeth, Faridabad ",Haryana,Arts,"90,000","63,500",7.8,8,7.5,8.1,7.7,7.3,8.1,"/images/Lingaya's_Vidyapeeth,_Faridabad.png"
Manav Rachna International Institute of Research and ,Haryana,Arts,"1,65,000","1,26,000",7.5,7.4,7.3,7.5,8.3,6.6,7.6,/images/Manav_Rachna_International_Institute_of_Research_and.png
"Post Graduate Government College for Girls, Chandigarh ",Haryana,Arts,"16,670","22,000",8.1,8.6,8.4,8.9,8.2,6.1,8.5,"/images/Post_Graduate_Government_College_for_Girls,_Chandigarh.png"
"Post Graduate Government College, Chandigarh ",Haryana,Arts,"16,670","18,400",7.7,8.4,7.2,8.4,7.5,6.5,7.9,"/images/Post_Graduate_Government_College,_Chandigarh.png"
Panjab University ,Haryana,Arts,"8,100","8,100",7.7,8.2,7.7,8,7.7,6.5,8.2,/images/Panjab_University.png
Maharshi Dayanand University ,Haryana,Arts,"3,132","8,132",7.8,8,7.7,8,8.4,6.6,8,/images/Maharshi_Dayanand_University.png
National Institute of Technology Kurukshetra,Haryana,Arts,"16,000",--,8.2,8,7.4,8.1,8.2,8.6,8.6,/images/National_Institute_of_Technology_Kurukshetra.png
"Government Home Science College, Chandigarh ",Haryana,Arts,"27,731",--,9.1,8.7,9.3,9.3,8.7,8.7,9.7,"/images/Government_Home_Science_College,_Chandigarh.png"
Chandigarh University ,Haryana,Arts,"50,000","60,000",8.6,8.6,8.2,8.4,9,8.6,8.8,/images/Chandigarh_University.png
Apeejay Stya University ,Haryana,Arts,"2,90,200","2,90,200",7.9,8.2,7.5,7.9,7.5,7.7,8.3,/images/Apeejay_Stya_University.png
"University School of Business, Chandigarh University ",Haryana,Arts,"70,000",--,9.1,9.1,8.8,9.1,9.2,9.3,8.9,"/images/University_School_of_Business,_Chandigarh_University.png"
Kurukshetra University ,Haryana,Arts,"7,500","38,000",7.5,8.1,7,8,7.7,6.5,7.7,/images/Kurukshetra_University.png
"Arya Post Graduate College, Panipat ",Haryana,Arts,"20,850","23,200",7.8,8.4,6.8,8.8,8,6.3,8.6,"/images/Arya_Post_Graduate_College,_Panipat.png"
Guru Jambheshwar University of Science and Technology ,Haryana,Arts,"20,100","22,600",7.7,7.7,7.3,7.5,8.9,6.5,8,/images/Guru_Jambheshwar_University_of_Science_and_Technology.png
"J.C. Bose University Of Science And Technology, ",Haryana,Arts,"53,195",--,7.3,7.7,6.5,7.4,6.6,7.7,7.6,"/images/J.C._Bose_University_Of_Science_And_Technology,.png"
"SRM University Delhi NCR, Sonepat ",Haryana,Arts,"88,500","88,500",7.8,8,7.5,7.9,8.1,7.6,7.9,"/images/SRM_University_Delhi_NCR,_Sonepat.png"
"Dharamjeevi Institute of Professional Education, Kurukshetra ",Haryana,Arts,"50,000",--,--,--,--,--,--,--,--,"/images/Dharamjeevi_Institute_of_Professional_Education,_Kurukshetra.png"
Goswami Ganesh Dutt Sanatan Dharama College ,Haryana,Arts,"23,500",--,8.1,8.6,7.6,8.5,8.1,7.1,8.8,/images/Goswami_Ganesh_Dutt_Sanatan_Dharama_College.png
"Ashoka University, Sonepat ",Haryana,Arts,"9,25,000","4,98,000",8.6,8.6,8.6,8.9,8.7,8.3,8.5,"/images/Ashoka_University,_Sonepat.png"
"Gurugram University, Gurgaon ",Haryana,Arts,"10,000","20,000",8.2,8.6,7.4,8.4,8.6,8,8.1,"/images/Gurugram_University,_Gurgaon.png"
"Institute of Apparel Management, Gurgaon ",Haryana,Arts,--,--,--,--,--,--,--,--,--,"/images/Institute_of_Apparel_Management,_Gurgaon.png"
"PDM University, Bahadurgarh, Bahadurgarh ",Haryana,Arts,"59,200","64,700",7.4,7.1,7.6,7.4,7.5,7.1,7.7,"/images/PDM_University,_Bahadurgarh,_Bahadurgarh.png"
BML Munjal University ,Haryana,Arts,"2,00,000",--,8.1,8,8,7.9,8.5,7.8,8.3,/images/BML_Munjal_University.png
"Amity University, Gurgaon ",Haryana,Arts,"66,000","66,000",7.7,7.8,7.1,7.6,8.6,7.1,8.1,"/images/Amity_University,_Gurgaon.png"
O. P. Jindal Global University ,Haryana,Arts,"3,50,000","4,50,000",8.3,8.4,8.2,8.3,8.8,7.5,8.7,/images/O._P._Jindal_Global_University.png
"IILM University, Gurgaon ",Haryana,Arts,"3,30,000","3,30,000",8.4,8.2,7.4,8.5,8.6,8.6,8.8,"/images/IILM_University,_Gurgaon.png"
"Starex University, Gurgaon ",Haryana,Arts,"4,50,000","45,000",8.8,9.1,9.1,8.7,8.6,8.5,8.7,"/images/Starex_University,_Gurgaon.png"
Modern Vidya Niketan ,Haryana,Arts,"1,00,000",--,7,7.2,6.4,7.7,7,6.8,6.8,/images/Modern_Vidya_Niketan.png
"St Xavier's College, Ahmedabad ",Gujarat,Arts,"8,010","45,670",8.1,8.4,7.4,8.6,8.3,7.3,8.7,"/images/St_Xavier's_College,_Ahmedabad.png"
"Shri HK Arts College, Ahmedabad ",Gujarat,Arts,"2,200",--,7.8,8.2,7.8,8.2,7.8,7,7.8,"/images/Shri_HK_Arts_College,_Ahmedabad.png"
"CU Shah Arts College, Ahmedabad ",Gujarat,Arts,--,--,4.8,8,1,6,4,5,5,"/images/CU_Shah_Arts_College,_Ahmedabad.png"
"Umiya Arts and Commerce College for Girls, ",Gujarat,Arts,--,--,8.3,--,--,9,--,7,9,"/images/Umiya_Arts_and_Commerce_College_for_Girls,.png"
"RH Patel Arts and Commerce College, Ahmedabad ",Gujarat,Arts,--,--,6.7,7.7,6.7,7.3,6,4.7,7.7,"/images/RH_Patel_Arts_and_Commerce_College,_Ahmedabad.png"
"LD Arts College, Ahmedabad ",Gujarat,Arts,"1,085","2,205",6.7,8.4,5,8.4,7.9,3.3,6.9,"/images/LD_Arts_College,_Ahmedabad.png"
"Gujarat Arts and Commerce College, Ahmedabad ",Gujarat,Arts,--,--,8,8.4,6.3,9.1,7.5,7.1,9.6,"/images/Gujarat_Arts_and_Commerce_College,_Ahmedabad.png"
Gujarat Vidyapith ,Gujarat,Arts,"11,830","8,635",8.4,9,7.9,9.1,8.4,7.6,8.1,/images/Gujarat_Vidyapith.png
"Shri Sahajanand Arts & Commerce College, Ahmedabad ",Gujarat,Arts,--,--,5.9,6.7,4.1,7.7,5.6,4.2,7.1,"/images/Shri_Sahajanand_Arts_&_Commerce_College,_Ahmedabad.png"
Anand Arts College ,Gujarat,Arts,--,--,8.7,9,9,8.5,9,8,8.5,/images/Anand_Arts_College.png
Gujarat National Law University ,Gujarat,Arts,"1,86,000",--,8.5,8.6,8,8.7,9.3,8.1,8.1,/images/Gujarat_National_Law_University.png
Indian Institute of Technology Gandhinagar,Gujarat,Arts,"4,55,000","48,500",8.4,8.3,8.4,8.8,9.1,7.2,8.8,/images/Indian_Institute_of_Technology_Gandhinagar.png
Maharaja Sayajirao University of Baroda ,Gujarat,Arts,"7,740","8,360",7.9,8.3,7,8.4,8,7.2,8.4,/images/Maharaja_Sayajirao_University_of_Baroda.png
Bhavan's Sheth RA Shah College of Arts ,Gujarat,Arts,--,--,6.8,8.2,4.5,8.1,7.5,5,7.3,/images/Bhavan's_Sheth_RA_Shah_College_of_Arts.png
Dr Babasaheb Ambedkar Open University ,Gujarat,Arts,"9,030","26,000",7.7,8.5,5.5,8.5,8,7.5,8.1,/images/Dr_Babasaheb_Ambedkar_Open_University.png
"Christ College, Rajkot ",Gujarat,Arts,"12,890",--,8.2,8.6,7.4,9.2,9,6.6,8.2,"/images/Christ_College,_Rajkot.png"
"Ahmedabad University, Ahmedabad ",Gujarat,Arts,"2,60,000","2,50,000",8.6,9,7.6,8.9,9.2,8,9,"/images/Ahmedabad_University,_Ahmedabad.png"
Navrachana University ,Gujarat,Arts,"90,000",--,7.7,7.7,7.4,8.2,8,7.2,7.8,/images/Navrachana_University.png
Sardar Patel University ,Gujarat,Arts,"3,940","10,700",7.8,8.6,7,8.5,7.7,7.3,7.8,/images/Sardar_Patel_University.png
"Arvindbhai Patel Institute of Environmental Design, Vallabh ",Gujarat,Arts,"1,07,000","1,07,000",6.9,7.2,5.8,7.4,7.4,5.4,8,"/images/Arvindbhai_Patel_Institute_of_Environmental_Design,_Vallabh.png"
Gujarat Arts and Science College ,Gujarat,Arts,--,--,7.5,8.3,6.4,7.4,8.6,6.1,7.9,/images/Gujarat_Arts_and_Science_College.png
Times Business School ,Gujarat,Arts,"5,500",--,8.1,8,7,8.5,8,8,9,/images/Times_Business_School.png
"CEPT University, Ahmedabad ",Gujarat,Arts,"3,78,000",--,8.2,8.6,7.7,8.4,8.3,8.1,8,"/images/CEPT_University,_Ahmedabad.png"
Nirma University ,Gujarat,Arts,"97,200",--,8.4,8.6,8,8.4,9.1,8.1,8.2,/images/Nirma_University.png
Karnavati University ,Gujarat,Arts,"1,80,000",--,8.9,8.6,8.2,9.3,9.4,8.6,9.3,/images/Karnavati_University.png
Pandit Deendayal Petroleum University [PDPU] / (Energy ,Gujarat,Arts,"2,49,000","86,000",8.6,8.3,8.3,8.1,9.4,8.1,9.4,/images/Pandit_Deendayal_Petroleum_University_[PDPU]_/_(Energy.png
Children's University ,Gujarat,Arts,"4,500","15,000",8.1,8.3,7.7,8.8,7.7,7.4,8.5,/images/Children's_University.png
"Auro University, Surat ",Gujarat,Arts,"1,65,000","1,21,000",8.3,8.2,8.5,8.6,8.7,7.2,8.6,"/images/Auro_University,_Surat.png"
"Atmiya University, Rajkot ",Gujarat,Arts,"30,000",--,8.1,8.8,7.5,8.6,8.4,7.4,7.9,"/images/Atmiya_University,_Rajkot.png"
Ganpat University ,Gujarat,Arts,"60,000","30,000",8.1,8.2,7.2,8.1,8.5,7.8,8.6,/images/Ganpat_University.png
Kamla Nehru College for Women ,Punjab,Arts,--,--,7.9,8.5,8,8.2,8.3,5.8,8.8,/images/Kamla_Nehru_College_for_Women.png
Mehr Chand Mahajan Dayanand Anglo Vedic College ,Punjab,Arts,"20,040","20,060",8.2,8.4,8,8.5,8.2,7.6,8.4,/images/Mehr_Chand_Mahajan_Dayanand_Anglo_Vedic_College.png
DAV College ,Punjab,Arts,"37,430","20,250",8,8.4,7.4,8.3,8,6.8,8.8,/images/DAV_College.png
"Post Graduate Government College for Girls, Chandigarh ",Punjab,Arts,"16,670","22,000",8.1,8.6,8.4,8.9,8.2,6.1,8.5,"/images/Post_Graduate_Government_College_for_Girls,_Chandigarh.png"
"Post Graduate Government College, Chandigarh ",Punjab,Arts,"16,670","18,400",7.7,8.4,7.2,8.4,7.5,6.5,7.9,"/images/Post_Graduate_Government_College,_Chandigarh.png"
Panjab University ,Punjab,Arts,"8,100","8,100",7.7,8.2,7.7,8,7.7,6.5,8.2,/images/Panjab_University.png
Punjab Agricultural University ,Punjab,Arts,"79,920",--,7.8,8.5,7.5,8.1,8.5,6,8.1,/images/Punjab_Agricultural_University.png
Thapar Institute of Engineering and Technology ,Punjab,Arts,"1,13,200","1,16,460",8.3,8,8.1,7.7,8.9,8.2,8.8,/images/Thapar_Institute_of_Engineering_and_Technology.png
Indian Institute of Technology Ropar,Punjab,Arts,"16,300",--,8.5,8.5,8.1,8.2,9.1,8.4,8.9,/images/Indian_Institute_of_Technology_Ropar.png
"Government Home Science College, Chandigarh ",Punjab,Arts,"27,731",--,9.1,8.7,9.3,9.3,8.7,8.7,9.7,"/images/Government_Home_Science_College,_Chandigarh.png"
Chandigarh University ,Punjab,Arts,"50,000","60,000",8.6,8.6,8.2,8.4,9,8.6,8.8,/images/Chandigarh_University.png
Gian Jyoti Institute of Management and Technology ,Punjab,Arts,--,--,8.2,8.6,7.4,8.7,8.1,7.6,8.5,/images/Gian_Jyoti_Institute_of_Management_and_Technology.png
"University School of Business, Chandigarh University ",Punjab,Arts,"70,000",--,9.1,9.1,8.8,9.1,9.2,9.3,8.9,"/images/University_School_of_Business,_Chandigarh_University.png"
"Chitkara University, Chitkara Business School ",Punjab,Arts,"1,22,000",--,8.5,8.9,7.4,8.5,9.1,8.5,8.6,"/images/Chitkara_University,_Chitkara_Business_School.png"
I.K. Gujral Punjab Technical University ,Punjab,Arts,"38,600","49,000",8.1,8,7.4,8.7,8.3,7.7,8.7,/images/I.K._Gujral_Punjab_Technical_University.png
"Khalsa College, Amritsar ",Punjab,Arts,"45,670","45,830",7.9,8.3,7.7,7.9,8.3,6.5,8.4,"/images/Khalsa_College,_Amritsar.png"
"BBK DAV College for Women, Amritsar ",Punjab,Arts,"22,200","21,760",8.8,9,8.5,9.5,8.2,7.8,9.5,"/images/BBK_DAV_College_for_Women,_Amritsar.png"
"Doaba College, Jalandhar ",Punjab,Arts,"42,000","27,560",8.7,9.1,8.4,9.4,8.6,8.1,8.5,"/images/Doaba_College,_Jalandhar.png"
Sant Longowal Institute of Engineering and Technology ,Punjab,Arts,"27,900",--,7.6,7.7,7.1,7.5,8.4,6.5,8.1,/images/Sant_Longowal_Institute_of_Engineering_and_Technology.png
Goswami Ganesh Dutt Sanatan Dharama College ,Punjab,Arts,"23,500",--,8.1,8.6,7.6,8.5,8.1,7.1,8.8,/images/Goswami_Ganesh_Dutt_Sanatan_Dharama_College.png
"DAV College, Jalandhar ",Punjab,Arts,"22,410","21,250",7.5,8,6.4,7.9,7.5,7.5,7.7,"/images/DAV_College,_Jalandhar.png"
"Chitkara University, Chitkara School of Mass Communication ",Punjab,Arts,"1,34,000",--,8.5,--,--,--,--,--,--,"/images/Chitkara_University,_Chitkara_School_of_Mass_Communication.png"
"RIMT University, Gobindgarh ",Punjab,Arts,"55,400","85,000",7.6,7.9,7.3,7.8,8,6.7,7.8,"/images/RIMT_University,_Gobindgarh.png"
Kanya Mahavidyalaya ,Punjab,Arts,--,--,9.8,9.8,9.7,9.8,9.7,9.6,9.9,/images/Kanya_Mahavidyalaya.png
"DAV College, Amritsar ",Punjab,Arts,"24,688","33,348",7.5,8,6.6,8.3,6.8,7.3,7.9,"/images/DAV_College,_Amritsar.png"
"Shanti Devi Arya Mahila College, Gurdaspur ",Punjab,Arts,"15,200","16,200",--,--,--,--,--,--,--,"/images/Shanti_Devi_Arya_Mahila_College,_Gurdaspur.png"
Chitkara University ,Punjab,Arts,"3,50,000","1,34,000",8.5,8.4,7.7,8.5,8.9,8.7,8.7,/images/Chitkara_University.png
"Guru Kashi University, Bathinda ",Punjab,Arts,"40,570","23,400",7.5,7.4,7.2,8,7.2,7.2,7.8,"/images/Guru_Kashi_University,_Bathinda.png"
"DAV University, Jalandhar ",Punjab,Arts,"31,000","45,000",7.9,8.4,7,8.4,7,8,8.5,"/images/DAV_University,_Jalandhar.png"
"Presidency University, Kolkata ",West bengal,Arts,"2,000","2,220",8.1,8.8,7.3,8.6,8.8,6.5,8.3,"/images/Presidency_University,_Kolkata.png"
St. Xavier's College ,West bengal,Arts,"22,200","8,200",8.3,8.8,7.4,8.4,8.6,7.8,8.8,/images/St._Xavier's_College.png
Lady Brabourne College ,West bengal,Arts,"27,174",--,7.6,8.9,7,8.3,7.9,6.3,7,/images/Lady_Brabourne_College.png
Jadavpur University ,West bengal,Arts,"2,400",--,8.4,9,7.6,8.5,8.1,8.4,9,/images/Jadavpur_University.png
"Bethune College, Kolkata ",West bengal,Arts,"1,181","7,466",8,9.1,7.3,8.8,7.9,6.8,8.1,"/images/Bethune_College,_Kolkata.png"
"Loreto College, Kolkata ",West bengal,Arts,"21,940","17,500",8.3,9.3,6.8,9.3,8.1,7.6,8.6,"/images/Loreto_College,_Kolkata.png"
"Scottish Church College, Kolkata ",West bengal,Arts,"12,401",--,7.8,8.3,7.8,8.3,8.1,6.3,8.2,"/images/Scottish_Church_College,_Kolkata.png"
"Gokhale Memorial Girls' College, Kolkata ",West bengal,Arts,"13,420",--,7.8,8.8,7.2,8.8,7.1,7.2,7.9,"/images/Gokhale_Memorial_Girls'_College,_Kolkata.png"
"Asutosh College, Kolkata ",West bengal,Arts,"5,070",--,7.5,8.3,6.5,8.4,7.7,5.6,8.5,"/images/Asutosh_College,_Kolkata.png"
Maulana Azad College ,West bengal,Arts,"1,145","4,185",7.8,8.8,7.7,8.4,8.3,5.5,7.9,/images/Maulana_Azad_College.png
"Sivanath Sastri College, Kolkata ",West bengal,Arts,"7,720",--,7.2,8.3,5.9,8.2,6.6,6.4,7.8,"/images/Sivanath_Sastri_College,_Kolkata.png"
"Shri Shikshayatan College, Kolkata ",West bengal,Arts,"35,360","44,220",8.2,8.6,7.6,8.7,8.5,7.6,8.3,"/images/Shri_Shikshayatan_College,_Kolkata.png"
"Acharya Jagadish Chandra Bose College, Kolkata ",West bengal,Arts,"11,200",--,6.4,7.1,5.3,7.6,6.9,4.7,6.7,"/images/Acharya_Jagadish_Chandra_Bose_College,_Kolkata.png"
"Ramakrishna Mission Vidyamandira, Howrah ",West bengal,Arts,"3,600","6,000",8.8,9.3,8.6,9.4,8.9,7.8,8.6,"/images/Ramakrishna_Mission_Vidyamandira,_Howrah.png"
Vidyasagar College ,West bengal,Arts,"4,195",--,6.9,8.1,6.2,8.1,7.3,3.9,7.8,/images/Vidyasagar_College.png
"Rammohan College, Kolkata ",West bengal,Arts,"2,955",--,7.4,8,7.3,8.4,7,6.1,7.7,"/images/Rammohan_College,_Kolkata.png"
Acharya Prafulla Chandra College ,West bengal,Arts,"2,249","18,300",7.5,8.2,6.5,8.3,8,5.8,7.9,/images/Acharya_Prafulla_Chandra_College.png
"Rani Birla Girl's College, Kolkata ",West bengal,Arts,"7,390",--,5.6,7,4,8,3,6.5,5,"/images/Rani_Birla_Girl's_College,_Kolkata.png"
"Sarsuna College, Kolkata ",West bengal,Arts,"2,100",--,7.1,8.1,5.8,8.3,7.9,4.8,7.4,"/images/Sarsuna_College,_Kolkata.png"
Acharya Girish Chandra Bose College ,West bengal,Arts,600,--,5.8,7.3,4.3,6.9,6.5,3.7,6.2,/images/Acharya_Girish_Chandra_Bose_College.png
Indian Institute of Technology Kharagpur,West bengal,Arts,"50,000","40,000",8.5,8.8,7.2,8.2,8.9,8.8,9,/images/Indian_Institute_of_Technology_Kharagpur.png
Indian Institute of Management ,West bengal,Arts,--,--,8.9,8.9,8.8,9,8.8,9.1,8.5,/images/Indian_Institute_of_Management.png
Indian Institute of Engineering Science and Technology ,West bengal,Arts,"28,000",--,8,8.3,7.7,7.9,7.9,7.5,8.4,/images/Indian_Institute_of_Engineering_Science_and_Technology.png
"University of Calcutta, Kolkata ",West bengal,Arts,"2,314","80,000",7.7,8.6,6.9,8.5,7.7,6.5,7.7,"/images/University_of_Calcutta,_Kolkata.png"
National Institute of Technology Durgapur,West bengal,Arts,"64,100","39,100",7.7,8,6.8,7.8,7.5,7.8,8.4,/images/National_Institute_of_Technology_Durgapur.png
Guru Nanak Institute of Hotel Management ,West bengal,Arts,"1,90,000",--,8,8.3,7.3,8,8.2,8.4,7.9,/images/Guru_Nanak_Institute_of_Hotel_Management.png
"George Group of Colleges, Kolkata ",West bengal,Arts,"76,300",--,7.8,8.7,6.4,8.6,8,7.5,7.5,"/images/George_Group_of_Colleges,_Kolkata.png"
Indian Institute of Social Welfare and Business ,West bengal,Arts,"90,000",--,7.7,8.6,6.5,8.3,6.9,8,8,/images/Indian_Institute_of_Social_Welfare_and_Business.png
"KD College of Commerce & General Studies, ",West bengal,Arts,"2,580",--,7.3,8.8,7.8,6.4,8.2,5.3,7,"/images/KD_College_of_Commerce_&_General_Studies,.png"
"Dwijendralal College, Nadia ",West bengal,Arts,--,--,7.3,8.1,6.9,8.3,7.6,5.1,7.7,"/images/Dwijendralal_College,_Nadia.png"
Indian Institute of Technology Bhubaneswar,Orissa,Arts,"31,568",--,7.8,8.1,8,8,7.8,7.8,7.2,/images/Indian_Institute_of_Technology_Bhubaneswar.png
Kalinga Institute of Industrial Technology ,Orissa,Arts,"1,39,000","1,39,000",8.6,8.4,8.1,8.2,9.2,8.6,9,/images/Kalinga_Institute_of_Industrial_Technology.png
BJB Autonomous College ,Orissa,Arts,"40,000",--,7.4,8.3,6.8,7.9,7.4,5.9,7.9,/images/BJB_Autonomous_College.png
"Rama Devi Women's University, Bhubaneswar ",Orissa,Arts,"3,535","4,003",7.9,8.5,7.3,8.7,8.3,6,8.7,"/images/Rama_Devi_Women's_University,_Bhubaneswar.png"
"Maharishi College of Natural Law, Bhubaneswar ",Orissa,Arts,--,--,7.5,8.6,6.4,8.8,7.8,4.7,8.9,"/images/Maharishi_College_of_Natural_Law,_Bhubaneswar.png"
"D.R. Nayapalli College, Bhubaneswar ",Orissa,Arts,--,--,8.3,7.8,8.5,9,7.5,7.5,9.3,"/images/D.R._Nayapalli_College,_Bhubaneswar.png"
Satwik Institute Of Professional Studies ,Orissa,Arts,--,--,--,--,--,--,--,--,--,/images/Satwik_Institute_Of_Professional_Studies.png
Institute of Media Studies ,Orissa,Arts,"60,000",--,--,--,--,--,--,--,--,/images/Institute_of_Media_Studies.png
Directorate of Research on Woman in Agriculture ,Orissa,Arts,--,--,--,--,--,--,--,--,--,/images/Directorate_of_Research_on_Woman_in_Agriculture.png
"Dhenkanal Autonomous College, Dhenkanal ",Orissa,Arts,"2,210","34,016",7.2,8,6.7,7.8,7.4,6.4,6.9,"/images/Dhenkanal_Autonomous_College,_Dhenkanal.png"
National Institute of Technology Rourkela,Orissa,Arts,"51,500","97,500",8.4,8.3,7.9,7.8,9.1,8.2,8.9,/images/National_Institute_of_Technology_Rourkela.png
Siksha 'O' Anusandhan University ,Orissa,Arts,--,--,8.3,8.6,7.6,8.3,8.7,8,8.5,/images/Siksha_'O'_Anusandhan_University.png
Xavier University ,Orissa,Arts,"1,67,000","2,40,000",8.2,8.7,7.8,8.4,9.2,6.8,8.4,/images/Xavier_University.png
Regional College of Management ,Orissa,Arts,"1,80,000",--,7.8,8.4,7.1,8.5,8.2,6.9,7.9,/images/Regional_College_of_Management.png
Veer Surendra Sai University of Technology ,Orissa,Arts,"67,480",--,7.9,8.2,7.7,7.9,7.4,7.7,8.4,/images/Veer_Surendra_Sai_University_of_Technology.png
Regional Institute of Education ,Orissa,Arts,"14,155","4,570",8.3,8.5,8,8.2,8,8.3,8.9,/images/Regional_Institute_of_Education.png
Biju Pattnaik College of Science & Education ,Orissa,Arts,--,--,8,8.5,6.9,8.6,8,7.5,8.4,/images/Biju_Pattnaik_College_of_Science_&_Education.png
Sri Sri University ,Orissa,Arts,"1,01,890","1,00,000",7.1,7.3,6.7,7,7.3,6.3,8.2,/images/Sri_Sri_University.png
"Khallikote University -[KUB], Berhampur ",Orissa,Arts,"24,700",--,8.6,8.6,8.1,8.7,9,8.2,8.7,"/images/Khallikote_University_-[KUB],_Berhampur.png"
Bijupattanaik College of Hotel Management Tourism and ,Orissa,Arts,--,--,--,--,--,--,--,--,--,/images/Bijupattanaik_College_of_Hotel_Management_Tourism_and.png
Indian Institute of Management ,Orissa,Arts,--,--,8.8,8.8,8.7,9,8.8,9.1,8.5,/images/Indian_Institute_of_Management.png
Birla Global University ,Orissa,Arts,"1,00,000","1,20,000",8.3,8.8,8.1,7.8,8.8,8.1,8.4,/images/Birla_Global_University.png
Centurion University of Technology and Management ,Orissa,Arts,"50,000","60,000",7.4,7.7,6.8,7.8,7.8,6.6,7.8,/images/Centurion_University_of_Technology_and_Management.png
Attitude Business School ,Orissa,Arts,--,--,--,--,--,--,--,--,--,/images/Attitude_Business_School.png
AIPH University ,Orissa,Arts,--,--,8.3,8.5,7.5,8.5,8.5,8.5,8.5,/images/AIPH_University.png
"Udayanath College of Science and Technology, Cuttack ",Orissa,Arts,"18,700","19,500",7.3,8.3,6.9,7.8,8,5.3,7.5,"/images/Udayanath_College_of_Science_and_Technology,_Cuttack.png"
NIIS Institute of Information Science & Management ,Orissa,Arts,"85,000",--,9,9.2,8.7,9.2,9.2,9,8.7,/images/NIIS_Institute_of_Information_Science_&_Management.png
GIET University ,Orissa,Arts,"20,000","20,000",7.9,8.3,7.3,7.9,8.5,7.8,7.7,/images/GIET_University.png
"ASBM University, Bhubaneswar ",Orissa,Arts,"20,000","20,000",8.1,8.4,8,8.4,8.5,7.3,8.1,"/images/ASBM_University,_Bhubaneswar.png"
Madhusudan Institute of Cooperative Management ,Orissa,Arts,"15,000",--,5.5,7,6.5,8,4,3.5,4,/images/Madhusudan_Institute_of_Cooperative_Management.png
Indian Institute of Management ,Uttarakhand,Arts,--,--,8.7,8.6,8.7,8.9,8.9,8.5,8.3,/images/Indian_Institute_of_Management.png
Greenway Institute of Management Studies ,Uttarakhand,Arts,--,--,6.1,7,5.5,6.5,6.5,4,7,/images/Greenway_Institute_of_Management_Studies.png
IMS Unison University ,Uttarakhand,Arts,"1,14,888","95,200",8.2,8.2,8,8.5,8.5,7.5,8.2,/images/IMS_Unison_University.png
Doon Business School ,Uttarakhand,Arts,"1,05,000",--,7.6,8,7,8.1,7.4,7.4,7.7,/images/Doon_Business_School.png
University of Petroleum and Energy Studies ,Uttarakhand,Arts,"5,24,000","4,66,000",8.1,8.1,7.8,7.9,8.6,7.7,8.2,/images/University_of_Petroleum_and_Energy_Studies.png
"Institute of Media Management , Technology & ",Uttarakhand,Arts,"65,000","70,000",--,--,--,--,--,--,--,"/images/Institute_of_Media_Management_,_Technology_&.png"
"Bishamber Sahai Degree College, Roorkee ",Uttarakhand,Arts,--,--,--,--,--,--,--,--,--,"/images/Bishamber_Sahai_Degree_College,_Roorkee.png"
"Directorate of Coldwater Fisheries Research, Nainital ",Uttarakhand,Arts,--,--,--,--,--,--,--,--,--,"/images/Directorate_of_Coldwater_Fisheries_Research,_Nainital.png"
"Doon University, Dehradun ",Uttarakhand,Arts,"41,750","36,150",7.2,7.3,7,7.3,7.9,6.3,7.6,"/images/Doon_University,_Dehradun.png"
Doon Post Graduate College of Agriculture Science ,Uttarakhand,Arts,"40,000","45,000",6.7,7.5,6.4,7.6,7,4.9,6.8,/images/Doon_Post_Graduate_College_of_Agriculture_Science.png
DIT University ,Uttarakhand,Arts,"80,000","1,80,000",7.8,7.9,7.6,7.6,8.4,7.4,8,/images/DIT_University.png
"Patanjali University, Haridwar ",Uttarakhand,Arts,"30,900","35,900",8.2,8.4,8.3,8.4,8.4,7.8,8.1,"/images/Patanjali_University,_Haridwar.png"
"MotherHood University, Roorkee ",Uttarakhand,Arts,"42,980","1,05,000",8,8.3,7.9,7.6,8,8,8.3,"/images/MotherHood_University,_Roorkee.png"
"Uttaranchal University, Dehradun ",Uttarakhand,Arts,"1,55,000","85,200",7.5,7.8,6.8,7.7,8.6,6.5,7.5,"/images/Uttaranchal_University,_Dehradun.png"
Graphic Era University ,Uttarakhand,Arts,"79,600",--,8.3,8.2,7.9,8.4,8.6,8.1,8.4,/images/Graphic_Era_University.png
Graphic Era Hill University ,Uttarakhand,Arts,"1,63,100","1,45,000",8.1,7.9,7.8,8.1,8.4,7.7,8.4,/images/Graphic_Era_Hill_University.png
Shri Guru Ram Rai University ,Uttarakhand,Arts,"24,000","15,000",7.6,7.8,7.1,7.9,7.9,7.3,7.7,/images/Shri_Guru_Ram_Rai_University.png
"ICFAI University, Dehradun ",Uttarakhand,Arts,"2,56,800",--,7.8,8.2,7.5,8.2,7.4,7.3,7.9,"/images/ICFAI_University,_Dehradun.png"
Himgiri Zee University ,Uttarakhand,Arts,"1,40,000","40,000",7.9,8.5,5.5,9,8,7.7,8.8,/images/Himgiri_Zee_University.png
Dev Bhoomi Group of Institutions ,Uttarakhand,Arts,"47,500",--,7.8,8.1,7.1,7.8,8,8,7.8,/images/Dev_Bhoomi_Group_of_Institutions.png
Roorkee College of Engineering ,Uttarakhand,Arts,"54,600",--,9.4,9.3,9.2,9.4,9.4,9.3,9.5,/images/Roorkee_College_of_Engineering.png
Institute of Technology and Management ,Uttarakhand,Arts,"35,100","40,100",7.4,7.8,7.5,7.8,5.6,8,7.8,/images/Institute_of_Technology_and_Management.png
BFIT Group of Institutions ,Uttarakhand,Arts,"28,000","35,000",7.5,7.7,7.1,7.7,7.6,7.1,8,/images/BFIT_Group_of_Institutions.png
Sardar Bhagwan Singh University ,Uttarakhand,Arts,"36,000",--,8.7,8.7,8.3,9.3,9,8.3,8.7,/images/Sardar_Bhagwan_Singh_University.png
Uttaranchal College of Science & Technology ,Uttarakhand,Arts,"30,000","35,000",7.6,8.1,7.9,8,7.9,6.1,7.8,/images/Uttaranchal_College_of_Science_&_Technology.png
"Maya Group of Colleges, Dehradun ",Uttarakhand,Arts,--,--,7.3,6.8,7.2,8.3,7.2,6.7,7.3,"/images/Maya_Group_of_Colleges,_Dehradun.png"
"Sai group of institutions, Dehradun ",Uttarakhand,Arts,"62,600","67,600",8.8,9,8,9.3,9,9,8.7,"/images/Sai_group_of_institutions,_Dehradun.png"
HEC Group of Institutions ,Uttarakhand,Arts,"31,000",--,9,9,9,9,9,9,9,/images/HEC_Group_of_Institutions.png
"Omkarananda Institute of Management & Technology- [OIMT], ",Uttarakhand,Arts,"23,700","32,200",7.5,8,6.9,7.6,7.6,7,7.9,"/images/Omkarananda_Institute_of_Management_&_Technology-_[OIMT],.png"
Institute of Hotel Management Catering Technology and ,Tamil nadu,Hotel-management,"54,133","31,683",8.5,8.5,7.9,8.8,8.6,9.2,8,/images/Institute_of_Hotel_Management_Catering_Technology_and.png
"SRM Institute of Hotel Management, Chennai ",Tamil nadu,Hotel-management,"70,560","57,500",9.4,9.3,8.5,9.7,9.4,9.9,9.5,"/images/SRM_Institute_of_Hotel_Management,_Chennai.png"
"Sri Krishna Arts and Science College, Coimbatore ",Tamil nadu,Hotel-management,--,--,8.5,8.6,7.8,8.6,8.9,8.7,8.5,"/images/Sri_Krishna_Arts_and_Science_College,_Coimbatore.png"
"Sri Ramakrishna College of Arts and Science, ",Tamil nadu,Hotel-management,"62,000",--,8.2,8.2,7.3,8.7,7.7,8.2,8.8,"/images/Sri_Ramakrishna_College_of_Arts_and_Science,.png"
Dr. SNS Rajalakshmi College of Arts and ,Tamil nadu,Hotel-management,"44,000",--,8,8.3,7,8,8.3,8.4,7.7,/images/Dr._SNS_Rajalakshmi_College_of_Arts_and.png
Bishop Appasamy College of Arts and Science ,Tamil nadu,Hotel-management,"90,000",--,7.9,8.3,7.3,8.8,8,7.8,7,/images/Bishop_Appasamy_College_of_Arts_and_Science.png
V.L.B. Janakiammal College of Arts and Science ,Tamil nadu,Hotel-management,"15,000",--,6.6,7,6.7,6.8,6.6,6.1,6.3,/images/V.L.B._Janakiammal_College_of_Arts_and_Science.png
"PSG College of Arts and Science, Coimbatore ",Tamil nadu,Hotel-management,"46,850",--,8.3,8.5,7.9,8.2,8.5,8.2,8.7,"/images/PSG_College_of_Arts_and_Science,_Coimbatore.png"
SRM Institute of Technology ,Tamil nadu,Hotel-management,"60,000",--,8,8,7.1,7.6,8.7,8.2,8.6,/images/SRM_Institute_of_Technology.png
"CMS College of Science and Commerce, Coimbatore ",Tamil nadu,Hotel-management,"42,000",--,8.2,8.3,7.4,8.1,8.5,8,8.7,"/images/CMS_College_of_Science_and_Commerce,_Coimbatore.png"
Jamal Mohamed College ,Tamil nadu,Hotel-management,"29,700",--,8.5,8.8,8.1,8.5,8.6,8.4,8.6,/images/Jamal_Mohamed_College.png
"Kalasalingam Academy of Research and Education, Krishnankovil ",Tamil nadu,Hotel-management,"43,000",--,7.7,8,7.4,7.9,8.3,7,7.6,"/images/Kalasalingam_Academy_of_Research_and_Education,_Krishnankovil.png"
"Nehru Arts and Science College -[NASC], Coimbatore ",Tamil nadu,Hotel-management,--,--,8.4,8.4,7.6,8.4,8.7,8.6,8.5,"/images/Nehru_Arts_and_Science_College_-[NASC],_Coimbatore.png"
"Vels Institute of Science, Technology & Advanced ",Tamil nadu,Hotel-management,"75,300","25,300",8.1,8.4,7.5,8.4,8.1,7.8,8.3,"/images/Vels_Institute_of_Science,_Technology_&_Advanced.png"
"Mohamed Sathak College of Arts and Science, ",Tamil nadu,Hotel-management,"32,000",--,7.9,8,7.9,8.3,7.7,7.3,8,"/images/Mohamed_Sathak_College_of_Arts_and_Science,.png"
"Merit Swiss Asian School of Hotel Management, ",Tamil nadu,Hotel-management,--,--,7.7,8,7,8,7,7,9,"/images/Merit_Swiss_Asian_School_of_Hotel_Management,.png"
"Dr. M.G.R. Educational and Research Institute, Chennai ",Tamil nadu,Hotel-management,"40,000","30,000",7.4,7.6,7.4,7.1,7.8,6.8,7.5,"/images/Dr._M.G.R._Educational_and_Research_Institute,_Chennai.png"
"Hindusthan College of Arts and Science- [HICAS], ",Tamil nadu,Hotel-management,"60,000",--,7.5,7.7,6.5,7.4,8.4,7.5,7.3,"/images/Hindusthan_College_of_Arts_and_Science-_[HICAS],.png"
"Alagappa University, Karaikudi ",Tamil nadu,Hotel-management,"27,000",--,8.5,8.9,7.9,8.9,8.4,8.2,8.4,"/images/Alagappa_University,_Karaikudi.png"
Avinashilingam Institute For Home Science and Higher ,Tamil nadu,Hotel-management,"44,325",--,7.9,8.3,6.9,8.3,8.3,7.7,8,/images/Avinashilingam_Institute_For_Home_Science_and_Higher.png
Empee Institute of Hotel Management and Catering ,Tamil nadu,Hotel-management,--,--,8.8,8,--,--,--,--,--,/images/Empee_Institute_of_Hotel_Management_and_Catering.png
MGR Institute of Hotel Management and Catering ,Tamil nadu,Hotel-management,--,--,7.3,8.5,4,8.5,6.5,8.5,7.5,/images/MGR_Institute_of_Hotel_Management_and_Catering.png
"SSM College of Arts and Science, Namakkal ",Tamil nadu,Hotel-management,"29,000",--,--,--,--,--,--,--,--,"/images/SSM_College_of_Arts_and_Science,_Namakkal.png"
Bharath University ,Tamil nadu,Hotel-management,--,--,7.6,7.9,7.1,8.1,7.6,7.8,7,/images/Bharath_University.png
Benson College of Hotel Management and Culinary ,Tamil nadu,Hotel-management,"1,60,000",--,--,--,--,--,--,--,--,/images/Benson_College_of_Hotel_Management_and_Culinary.png
"Subbalakshmi Lakshmipathy College of Science, Madurai ",Tamil nadu,Hotel-management,"21,750",--,7.8,8.5,8,7,8.8,7.3,7,"/images/Subbalakshmi_Lakshmipathy_College_of_Science,_Madurai.png"
Indian School of Business Management and Administration ,Tamil nadu,Hotel-management,"19,900",--,--,--,--,--,--,--,--,/images/Indian_School_of_Business_Management_and_Administration.png
All India Institute of Management Studies ,Tamil nadu,Hotel-management,"25,000",--,9.3,9.3,9.7,9,9.3,9.3,9,/images/All_India_Institute_of_Management_Studies.png
"Valluvar College of Science And Management, Karur ",Tamil nadu,Hotel-management,"37,000",--,7.9,7.5,7.5,9,8,7.8,7.5,"/images/Valluvar_College_of_Science_And_Management,_Karur.png"
All India Institute of Technology and Management ,Tamil nadu,Hotel-management,"60,000","25,000",7,8.3,6.3,7.7,7.3,5.3,7.3,/images/All_India_Institute_of_Technology_and_Management.png
Institute of Hotel Management Catering Technology and ,Maharashtra,Hotel-management,"1,21,050","60,000",7.9,8.3,7.2,8.5,7.3,8.4,7.9,/images/Institute_of_Hotel_Management_Catering_Technology_and.png
"DY Patil University, Navi Mumbai ",Maharashtra,Hotel-management,"4,50,000","2,50,000",7.5,7.3,7.1,7.7,7.5,7.4,7.8,"/images/DY_Patil_University,_Navi_Mumbai.png"
"Bharati Vidyapeeth University, Institute of Hotel Management ",Maharashtra,Hotel-management,"1,30,500",--,--,--,--,--,--,--,--,"/images/Bharati_Vidyapeeth_University,_Institute_of_Hotel_Management.png"
Bharati Vidyapeeth College of Hotel and Tourism ,Maharashtra,Hotel-management,"1,44,000",--,9.7,--,--,--,--,--,--,/images/Bharati_Vidyapeeth_College_of_Hotel_and_Tourism.png
AISSMS College of Hotel Management & Catering ,Maharashtra,Hotel-management,"39,200",--,8,9,6.3,8.3,8,8.6,7.8,/images/AISSMS_College_of_Hotel_Management_&_Catering.png
Dr. DY Patil Institute of Hotel Management ,Maharashtra,Hotel-management,"1,90,000",--,7.3,8,6.5,7.3,7.3,7.4,7.3,/images/Dr._DY_Patil_Institute_of_Hotel_Management.png
ITM Institute of Hotel Management ,Maharashtra,Hotel-management,"2,00,000",--,--,--,--,--,--,--,--,/images/ITM_Institute_of_Hotel_Management.png
Savitribai Phule Pune University ,Maharashtra,Hotel-management,--,--,7.6,8.1,7.1,7.9,7.9,6.8,7.5,/images/Savitribai_Phule_Pune_University.png
St Andrew's College of Arts Science and ,Maharashtra,Hotel-management,--,--,8.2,8.4,7.2,8.3,8.6,7.6,8.8,/images/St_Andrew's_College_of_Arts_Science_and.png
Mumbai University ,Maharashtra,Hotel-management,--,--,7.2,7.6,6.5,7.9,7.4,6.6,7,/images/Mumbai_University.png
Rashtrasant Tukadoji Maharaj Nagpur University ,Maharashtra,Hotel-management,"14,335",--,7.5,8,7.2,7.7,7.9,6.9,7.4,/images/Rashtrasant_Tukadoji_Maharaj_Nagpur_University.png
"Dr. BMN College of Home Science, Mumbai ",Maharashtra,Hotel-management,"7,200",--,7.6,8.4,6.2,8.2,8.8,7,6.8,"/images/Dr._BMN_College_of_Home_Science,_Mumbai.png"
Bharati Vidyapeeth Deemed University ,Maharashtra,Hotel-management,"1,30,000",--,7.8,8.1,6.8,7.9,8.1,7.7,8.2,/images/Bharati_Vidyapeeth_Deemed_University.png
"Kapol Vidyanidhi College of Management and Technology, ",Maharashtra,Hotel-management,--,--,8.5,9,5.5,9.5,--,--,--,"/images/Kapol_Vidyanidhi_College_of_Management_and_Technology,.png"
Kohinoor International Management Institute ,Maharashtra,Hotel-management,"1,50,000",--,8.5,8.7,7.7,9,8,8.3,9.3,/images/Kohinoor_International_Management_Institute.png
Shivaji University ,Maharashtra,Hotel-management,"1,23,000",--,7.6,7.9,7.2,8.1,8.1,6.3,8,/images/Shivaji_University.png
Sinhgad Institute of Hotel Management & Catering ,Maharashtra,Hotel-management,"1,67,592",--,8.4,9,8,8,9,8,--,/images/Sinhgad_Institute_of_Hotel_Management_&_Catering.png
"Ecole Hoteliere Lavasa, Pune ",Maharashtra,Hotel-management,"3,52,000",--,3.7,--,--,5,--,5,1,"/images/Ecole_Hoteliere_Lavasa,_Pune.png"
Shri Balasaheb Tirpude College Of Hotel Management ,Maharashtra,Hotel-management,"88,000",--,7,8,4.7,7.7,7.5,6.8,7.3,/images/Shri_Balasaheb_Tirpude_College_Of_Hotel_Management.png
"Sophia Polytechnic, Mumbai ",Maharashtra,Hotel-management,--,--,--,--,--,--,--,--,--,"/images/Sophia_Polytechnic,_Mumbai.png"
Shreemati Nathibai Damodar Thackersey Women's University ,Maharashtra,Hotel-management,--,--,7.6,8.2,6.9,8,7.8,7,7.7,/images/Shreemati_Nathibai_Damodar_Thackersey_Women's_University.png
"Dina Institute of Hotel Management Hadapsar, Pune ",Maharashtra,Hotel-management,--,--,--,--,--,--,--,--,--,"/images/Dina_Institute_of_Hotel_Management_Hadapsar,_Pune.png"
ITM Institute of Hotel Management ,Maharashtra,Hotel-management,"2,00,000",--,8.6,8,8.3,9.3,7.7,9.3,9,/images/ITM_Institute_of_Hotel_Management.png
Suryadatta College of Hospitality Management and Travel ,Maharashtra,Hotel-management,"40,000","1,10,000",8.5,8.5,7.2,9.1,8.4,8.9,8.8,/images/Suryadatta_College_of_Hospitality_Management_and_Travel.png
Arun Muchhala International College of Hotel Managment ,Maharashtra,Hotel-management,--,--,7,7,--,--,7,7,--,/images/Arun_Muchhala_International_College_of_Hotel_Managment.png
Ajeenkya DY Patil University ,Maharashtra,Hotel-management,"2,20,000",--,7.7,7.4,7.1,7.9,8.4,7.1,8.3,/images/Ajeenkya_DY_Patil_University.png
Tilak Maharashtra Vidyapeeth ,Maharashtra,Hotel-management,"1,27,000",--,7.1,7.8,6.8,7.3,7.2,6.1,7.1,/images/Tilak_Maharashtra_Vidyapeeth.png
Indian Institute of Business Management and Studies ,Maharashtra,Hotel-management,"25,800",--,8.9,9.4,8.8,8.8,9.2,8.8,8.3,/images/Indian_Institute_of_Business_Management_and_Studies.png
Trade-wings Institute of management ,Maharashtra,Hotel-management,--,--,7.6,7.3,7.7,7.7,7.7,7.7,7.3,/images/Trade-wings_Institute_of_management.png
Chhatrapati Shivaji Maharaj University ,Maharashtra,Hotel-management,"1,06,100","91,100",9,8.6,9.3,9.3,9,8.4,9.3,/images/Chhatrapati_Shivaji_Maharaj_University.png
"Institute of Hotel Management, Catering & Nutrition ",Uttar pradesh,Hotel-management,"39,900","1,21,310",8.5,8.7,8.5,8.9,8.3,8.5,8,"/images/Institute_of_Hotel_Management,_Catering_&_Nutrition.png"
"Amity University, Lucknow ",Uttar pradesh,Hotel-management,"1,56,000",--,8.1,8,7.6,8.1,8.8,7.1,8.8,"/images/Amity_University,_Lucknow.png"
Heritage Institute of Hotel and Tourism ,Uttar pradesh,Hotel-management,"3,30,000","50,000",7,6.7,6.7,7,7.7,7.3,6.7,/images/Heritage_Institute_of_Hotel_and_Tourism.png
Sanskriti University ,Uttar pradesh,Hotel-management,"60,000",--,7,7.2,6.7,7,7.5,6.9,6.8,/images/Sanskriti_University.png
Banaras Hindu University ,Uttar pradesh,Hotel-management,"15,000",--,8.3,8.7,8.1,8.4,8.8,7.2,8.6,/images/Banaras_Hindu_University.png
"Amity University, Noida ",Uttar pradesh,Hotel-management,"1,00,000","1,36,000",8.2,8,7.9,8.1,8.9,7.6,8.7,"/images/Amity_University,_Noida.png"
"Institute of Management Studies, Banaras Hindu University, ",Uttar pradesh,Hotel-management,"15,000",--,8.5,8.5,8,8.8,8.2,8.3,9,"/images/Institute_of_Management_Studies,_Banaras_Hindu_University,.png"
Institute of Hotel Management Catering Technology and ,Uttar pradesh,Hotel-management,"1,30,000","30,000",8.8,9,8.4,8.7,9.4,8.6,8.5,/images/Institute_of_Hotel_Management_Catering_Technology_and.png
Ewing Christian College ,Uttar pradesh,Hotel-management,"50,000",--,7,8.2,5.7,7.9,7.5,5.1,7.8,/images/Ewing_Christian_College.png
"CHM Institute of Hotel and Business Management, ",Uttar pradesh,Hotel-management,--,--,--,--,--,--,--,--,--,"/images/CHM_Institute_of_Hotel_and_Business_Management,.png"
JP Institute of Hotel Management & Catering ,Uttar pradesh,Hotel-management,"79,500",--,7.9,8.3,8,9,8,6.3,8,/images/JP_Institute_of_Hotel_Management_&_Catering.png
"SAMS Institute of Hotel Management, Varanasi ",Uttar pradesh,Hotel-management,"80,000","30,000",8.4,8.5,9,8,8,8.5,8.5,"/images/SAMS_Institute_of_Hotel_Management,_Varanasi.png"
Chhatrapati Shahu Ji Maharaj University ,Uttar pradesh,Hotel-management,"57,143",--,7.1,7.2,6.6,7.5,8,5.8,7.7,/images/Chhatrapati_Shahu_Ji_Maharaj_University.png
J.S. University ,Uttar pradesh,Hotel-management,"10,500","15,500",8.5,8.5,7.8,8.7,9,8.2,8.6,/images/J.S._University.png
"Monad University, Hapur ",Uttar pradesh,Hotel-management,"11,100",--,8,7.6,7.4,8.5,8,8.2,8.1,"/images/Monad_University,_Hapur.png"
AIHM institute of tourism and hotel management ,Uttar pradesh,Hotel-management,"30,000","30,000",--,--,--,--,--,--,--,/images/AIHM_institute_of_tourism_and_hotel_management.png
Galgotias University ,Uttar pradesh,Hotel-management,"82,000",--,7.6,7.9,6.9,7.9,7.5,7.7,7.8,/images/Galgotias_University.png
"Integral University, Lucknow ",Uttar pradesh,Hotel-management,"1,25,000","80,000",7.4,7.6,7.3,7.4,8,6.5,7.4,"/images/Integral_University,_Lucknow.png"
"IFTM University, Moradabad ",Uttar pradesh,Hotel-management,"35,000","95,000",7.8,7.9,7.5,8.1,8,6.8,8.3,"/images/IFTM_University,_Moradabad.png"
Babu Banarasi Das University ,Uttar pradesh,Hotel-management,"1,60,000","40,000",7.6,7.7,7.1,7.5,8.4,6.6,8.1,/images/Babu_Banarasi_Das_University.png
"IIMT Group of Colleges, Greater Noida ",Uttar pradesh,Hotel-management,"42,000",--,8.5,8.7,8,8.8,8.6,8.1,8.8,"/images/IIMT_Group_of_Colleges,_Greater_Noida.png"
"Amity University, Greater Noida ",Uttar pradesh,Hotel-management,"1,20,000",--,8.1,8.2,7.7,7.9,8.6,8.2,8.1,"/images/Amity_University,_Greater_Noida.png"
IIMT University ,Uttar pradesh,Hotel-management,"86,000","78,000",7.4,7.4,7.3,7.6,7.5,7.2,7.1,/images/IIMT_University.png
"SRMIST Delhi NCR Campus, Ghaziabad ",Uttar pradesh,Hotel-management,"59,000",--,7.7,7.9,7,7.7,7.8,8.1,7.8,"/images/SRMIST_Delhi_NCR_Campus,_Ghaziabad.png"
"Mohammad Ali Jauhar University, Rampur ",Uttar pradesh,Hotel-management,"71,700",--,7.6,8,8.3,7.6,9,5.4,7.4,"/images/Mohammad_Ali_Jauhar_University,_Rampur.png"
Delhi Technical Campus ,Uttar pradesh,Hotel-management,--,--,6.9,7.4,6.4,7.2,7.1,6.2,7.2,/images/Delhi_Technical_Campus.png
Shri Ram Group of Colleges ,Uttar pradesh,Hotel-management,"54,600",--,7.9,8.3,7.4,8.3,8.4,7.1,8,/images/Shri_Ram_Group_of_Colleges.png
"IEC Group of Institutions, Greater Noida ",Uttar pradesh,Hotel-management,"6,00,000",--,7,7.3,6.8,7.3,7.3,6.2,7.1,"/images/IEC_Group_of_Institutions,_Greater_Noida.png"
Sunder Deep Group of Institutions ,Uttar pradesh,Hotel-management,"91,800","60,000",8.9,9.2,8.5,9.5,9.1,8.5,8.8,/images/Sunder_Deep_Group_of_Institutions.png
"Institute of Hotel Management, Catering and Nutrition ",Delhi ncr,Hotel-management,"81,600","3,13,000",8.2,8.7,7.4,8.5,7.6,8.9,7.8,"/images/Institute_of_Hotel_Management,_Catering_and_Nutrition.png"
Banarsidas Chandiwala Institute of Hotel Management & ,Delhi ncr,Hotel-management,"1,17,000",--,8.9,9.2,8.2,9.2,9.3,8.7,9,/images/Banarsidas_Chandiwala_Institute_of_Hotel_Management_&.png
State Institute of Hotel Management ,Delhi ncr,Hotel-management,"49,900","1,08,550",8.4,8.4,7.8,8.7,8.5,8.7,8.5,/images/State_Institute_of_Hotel_Management.png
"UEI Global Rohini, New Delhi ",Delhi ncr,Hotel-management,"4,11,000","1,57,000",7.2,7.8,6,7.7,6.9,7.3,7.4,"/images/UEI_Global_Rohini,_New_Delhi.png"
"Jamia Millia Islamia University-[JMI], New Delhi ",Delhi ncr,Hotel-management,"35,310","45,000",8,8.4,7.6,8.3,8.4,7.2,8.2,"/images/Jamia_Millia_Islamia_University-[JMI],_New_Delhi.png"
"Jamia Hamdard University, New Delhi ",Delhi ncr,Hotel-management,"1,25,000",--,7.5,8.1,7.3,7.8,8.1,6.5,7.4,"/images/Jamia_Hamdard_University,_New_Delhi.png"
Guru Gobind Singh Indraprastha University ,Delhi ncr,Hotel-management,"68,000",--,7.8,8.1,7.5,8,8.1,6.9,8.1,/images/Guru_Gobind_Singh_Indraprastha_University.png
Maharshi Dayanand University ,Delhi ncr,Hotel-management,"52,762","54,810",7.8,8,7.7,8,8.4,6.6,8,/images/Maharshi_Dayanand_University.png
"Amity University, Noida ",Delhi ncr,Hotel-management,"1,00,000","1,36,000",8.2,8,7.9,8.1,8.9,7.6,8.7,"/images/Amity_University,_Noida.png"
Institute of Hotel Management Catering Technology and ,Delhi ncr,Hotel-management,"1,30,000","30,000",8.8,9,8.4,8.7,9.4,8.6,8.5,/images/Institute_of_Hotel_Management_Catering_Technology_and.png
"CHM Institute of Hotel and Business Management, ",Delhi ncr,Hotel-management,--,--,--,--,--,--,--,--,--,"/images/CHM_Institute_of_Hotel_and_Business_Management,.png"
"Faculty of Management Studies, Manav Rachna International ",Delhi ncr,Hotel-management,"1,41,000",--,8.7,--,--,9,--,8,9,"/images/Faculty_of_Management_Studies,_Manav_Rachna_International.png"
JP Institute of Hotel Management & Catering ,Delhi ncr,Hotel-management,"79,500",--,7.9,8.3,8,9,8,6.3,8,/images/JP_Institute_of_Hotel_Management_&_Catering.png
"SRM University Delhi NCR, Sonepat ",Delhi ncr,Hotel-management,"1,09,500","1,11,000",7.8,8,7.5,7.9,8.1,7.6,7.9,"/images/SRM_University_Delhi_NCR,_Sonepat.png"
"Indian Hotel Academy-[IHA], New Delhi ",Delhi ncr,Hotel-management,"1,27,000","1,00,000",8,--,--,8,--,8,8,"/images/Indian_Hotel_Academy-[IHA],_New_Delhi.png"
"Monad University, Hapur ",Delhi ncr,Hotel-management,"11,100",--,8,7.6,7.4,8.5,8,8.2,8.1,"/images/Monad_University,_Hapur.png"
Galgotias University ,Delhi ncr,Hotel-management,"82,000",--,7.6,7.9,6.9,7.9,7.5,7.7,7.8,/images/Galgotias_University.png
"Amity University, Gurgaon ",Delhi ncr,Hotel-management,"1,56,000",--,7.7,7.8,7.1,7.6,8.6,7.1,8.1,"/images/Amity_University,_Gurgaon.png"
Manav Rachna International Institute of Research and ,Delhi ncr,Hotel-management,"1,41,000",--,7.5,7.4,7.3,7.5,8.3,6.6,7.6,/images/Manav_Rachna_International_Institute_of_Research_and.png
"Starex University, Gurgaon ",Delhi ncr,Hotel-management,"1,50,000","1,30,000",8.8,9.1,9.1,8.7,8.6,8.5,8.7,"/images/Starex_University,_Gurgaon.png"
"IIMT Group of Colleges, Greater Noida ",Delhi ncr,Hotel-management,"42,000",--,8.5,8.7,8,8.8,8.6,8.1,8.8,"/images/IIMT_Group_of_Colleges,_Greater_Noida.png"
"Amity University, Greater Noida ",Delhi ncr,Hotel-management,"1,20,000",--,8.1,8.2,7.7,7.9,8.6,8.2,8.1,"/images/Amity_University,_Greater_Noida.png"
IIMT University ,Delhi ncr,Hotel-management,"86,000","78,000",7.4,7.4,7.3,7.6,7.5,7.2,7.1,/images/IIMT_University.png
"Sushant University / Ansal University, Gurgaon ",Delhi ncr,Hotel-management,"2,71,120",--,7.8,8,8,7.9,8.4,7,7.5,"/images/Sushant_University_/_Ansal_University,_Gurgaon.png"
"SRMIST Delhi NCR Campus, Ghaziabad ",Delhi ncr,Hotel-management,"59,000",--,7.7,7.9,7,7.7,7.8,8.1,7.8,"/images/SRMIST_Delhi_NCR_Campus,_Ghaziabad.png"
Jagannath Institute Of Management Sciences ,Delhi ncr,Hotel-management,"1,25,000",--,8.4,8.7,7.2,9.3,8.7,8.5,8.1,/images/Jagannath_Institute_Of_Management_Sciences.png
G D Goenka University ,Delhi ncr,Hotel-management,"1,70,000",--,8.2,7.7,8.3,8.3,8.9,7.6,8.4,/images/G_D_Goenka_University.png
Andhra Loyola College ,Andhra pradesh,Hotel-management,--,--,8,8.5,7.4,8.5,8.6,7,8.2,/images/Andhra_Loyola_College.png
Acharya Nagarjuna University ,Andhra pradesh,Hotel-management,"10,365","5,140",7.3,7.7,7,7.2,8,5.7,8.2,/images/Acharya_Nagarjuna_University.png
GEMS B School ,Andhra pradesh,Hotel-management,"2,50,000",--,9.1,9.5,8.5,9.5,9,9,9,/images/GEMS_B_School.png
"Risali Institute of Management, Visakhapatnam ",Andhra pradesh,Hotel-management,"1,00,000","1,40,000",8.4,8.2,8.3,8.3,8.8,8.4,8.4,"/images/Risali_Institute_of_Management,_Visakhapatnam.png"
Sun International Institute for Tourism & Management- ,Andhra pradesh,Hotel-management,"1,30,500","1,70,500",7.9,8.4,7.3,7.5,7.8,8.5,7.7,/images/Sun_International_Institute_for_Tourism_&_Management-.png
Alwar School of Business ,Andhra pradesh,Hotel-management,"1,45,000",--,8,8,8,8,8,6.8,9,/images/Alwar_School_of_Business.png
Sun International Institute For Tourism And Management ,Andhra pradesh,Hotel-management,"1,30,500","1,70,500",9.4,9.7,9.7,9.7,9.7,8.7,8.7,/images/Sun_International_Institute_For_Tourism_And_Management.png
Siddhartha Institute of Hotel Management and Catering ,Andhra pradesh,Hotel-management,"55,000",--,--,--,--,--,--,--,--,/images/Siddhartha_Institute_of_Hotel_Management_and_Catering.png
Andhra University ,Andhra pradesh,Hotel-management,"99,614",--,7.9,8.3,7.1,8.3,7.9,7.4,8.1,/images/Andhra_University.png
Krishna University ,Andhra pradesh,Hotel-management,"70,860",--,7.7,8.3,7.1,8.4,7.3,7.5,7.8,/images/Krishna_University.png
"Acharya Nagarjuna University, Centre For Distance Education ",Andhra pradesh,Hotel-management,"11,460","10,365",7.5,8.3,6.9,8,7.6,7,7.1,"/images/Acharya_Nagarjuna_University,_Centre_For_Distance_Education.png"
"Alliance College of Management and Hotel Management, ",Andhra pradesh,Hotel-management,"2,90,000","1,00,000",8.9,8.3,8.7,9.7,8.8,8.3,9.3,"/images/Alliance_College_of_Management_and_Hotel_Management,.png"
"Aditya degree college, Rajahmundhry ",Andhra pradesh,Hotel-management,--,--,8.1,8.5,7.7,8.9,7.2,7.9,8.2,"/images/Aditya_degree_college,_Rajahmundhry.png"
State Institute of Hotel Management Catering Technology ,Andhra pradesh,Hotel-management,"1,05,400",--,8.7,8.8,8.3,8.5,9,9,8.3,/images/State_Institute_of_Hotel_Management_Catering_Technology.png
"St. Joseph's College for Women, Visakhapatnam ",Andhra pradesh,Hotel-management,--,--,8.2,9,7,8.3,8.3,8.3,8.1,"/images/St._Joseph's_College_for_Women,_Visakhapatnam.png"
"Chanakya Institute of Hotel Management & CT, ",Andhra pradesh,Hotel-management,--,--,6.8,9,7,9,7,3,6,"/images/Chanakya_Institute_of_Hotel_Management_&_CT,.png"
Indus Institute of Hotel Management ,Andhra pradesh,Hotel-management,--,--,--,--,--,--,--,--,--,/images/Indus_Institute_of_Hotel_Management.png
"Sumedha Institute of Aviation and Hotel Management, ",Andhra pradesh,Hotel-management,--,--,--,--,--,--,--,--,--,"/images/Sumedha_Institute_of_Aviation_and_Hotel_Management,.png"
"Techmate Institute of Aviation, Visakhapatnam ",Andhra pradesh,Hotel-management,--,--,--,--,--,--,--,--,--,"/images/Techmate_Institute_of_Aviation,_Visakhapatnam.png"
Twinkle International Hotel Management Academy ,Andhra pradesh,Hotel-management,--,--,--,--,--,--,--,--,--,/images/Twinkle_International_Hotel_Management_Academy.png
"Flying Cats, Visakhapatnam ",Andhra pradesh,Hotel-management,--,--,6.3,7,6,6,6,7,6,"/images/Flying_Cats,_Visakhapatnam.png"
"I Fly Academy, Visakhapatnam ",Andhra pradesh,Hotel-management,--,--,--,--,--,--,--,--,--,"/images/I_Fly_Academy,_Visakhapatnam.png"
"Akbar Academy of Airline Studies, Visakhapatnam ",Andhra pradesh,Hotel-management,--,--,7.2,8,7,7,8,7,6,"/images/Akbar_Academy_of_Airline_Studies,_Visakhapatnam.png"
"Varnika Hotel Management & Business Management, Visakhapatnam ",Andhra pradesh,Hotel-management,--,--,--,--,--,--,--,--,--,"/images/Varnika_Hotel_Management_&_Business_Management,_Visakhapatnam.png"
"Frankfinn Institute of Air Hostess Training, Visakhapatnam ",Andhra pradesh,Hotel-management,--,--,8.6,8.2,7.2,9.2,8.8,9,9,"/images/Frankfinn_Institute_of_Air_Hostess_Training,_Visakhapatnam.png"
"Imperial College of Hotel Management & Tourism, ",Andhra pradesh,Hotel-management,--,--,7.5,7,7,8,8,8,7,"/images/Imperial_College_of_Hotel_Management_&_Tourism,.png"
"Southern International Hotel Management Academy, Visakhapatnam ",Andhra pradesh,Hotel-management,--,--,--,--,--,--,--,--,--,"/images/Southern_International_Hotel_Management_Academy,_Visakhapatnam.png"
"Food Craft Institute-[FCI], Visakhapatnam ",Andhra pradesh,Hotel-management,"20,000",--,--,--,--,--,--,--,--,"/images/Food_Craft_Institute-[FCI],_Visakhapatnam.png"
"Central Tribal University of A.P-[CTUAP ], Vizianagaram ",Andhra pradesh,Hotel-management,"5,000",--,--,--,--,--,--,--,--,"/images/Central_Tribal_University_of_A.P-[CTUAP_],_Vizianagaram.png"
"Shangrila Institute of Hotel Management and Aviation, ",Andhra pradesh,Hotel-management,"50,000","55,000",--,--,--,--,--,--,--,"/images/Shangrila_Institute_of_Hotel_Management_and_Aviation,.png"
Institute of Hotel Management ,Karnataka,Hotel-management,"96,613","1,28,750",8.2,8.8,7.6,9,6.8,8.6,8.4,/images/Institute_of_Hotel_Management.png
Welcomgroup Graduate School of Hotel Administration ,Karnataka,Hotel-management,"3,68,000","2,60,000",8.8,8.7,8.3,8.6,8.7,9.1,9.3,/images/Welcomgroup_Graduate_School_of_Hotel_Administration.png
Army Institute of Hotel Management & Catering ,Karnataka,Hotel-management,"1,61,605",--,8.1,8.3,7.3,8.3,8.3,8,8.5,/images/Army_Institute_of_Hotel_Management_&_Catering.png
"Christ University, Bangalore ",Karnataka,Hotel-management,"1,25,000",--,8.3,8.5,7.4,8.2,8.9,8.1,8.8,"/images/Christ_University,_Bangalore.png"
"AIMS Institutes, Bangalore ",Karnataka,Hotel-management,"4,80,000",--,7.3,7.8,6.6,8.1,6.5,7.2,7.3,"/images/AIMS_Institutes,_Bangalore.png"
T John College ,Karnataka,Hotel-management,"1,46,700",--,8,8.1,7.8,8.1,8.5,7.6,7.8,/images/T_John_College.png
KLE Society's S. Nijalingappa College ,Karnataka,Hotel-management,--,--,7.5,8,6.2,8.1,8.1,6.7,8,/images/KLE_Society's_S._Nijalingappa_College.png
Garden City University ,Karnataka,Hotel-management,"89,700","1,19,000",7.8,7.7,7.5,7.8,8.2,7.3,8.5,/images/Garden_City_University.png
International Institute of Hotel Management ,Karnataka,Hotel-management,"1,88,000","1,88,000",8.1,7.9,7.4,8.3,8.4,8.8,7.9,/images/International_Institute_of_Hotel_Management.png
Manipal Academy of Higher Education ,Karnataka,Hotel-management,"3,68,000","2,60,000",8.4,8.5,8.2,8.6,8.8,7.8,8.4,/images/Manipal_Academy_of_Higher_Education.png
Administrative Management College ,Karnataka,Hotel-management,"75,000",--,5.5,5.6,4.9,5.3,6.9,4.4,5.7,/images/Administrative_Management_College.png
PES University ,Karnataka,Hotel-management,--,--,8,8.5,7.7,8.1,8.1,8.1,7.6,/images/PES_University.png
T John Institute of Management and Science ,Karnataka,Hotel-management,"1,46,000",--,8.1,8.5,7.5,8.5,8,7.8,8.3,/images/T_John_Institute_of_Management_and_Science.png
"Shree Devi College of Hotel Management, Mangalore ",Karnataka,Hotel-management,--,--,8.2,--,--,--,--,--,--,"/images/Shree_Devi_College_of_Hotel_Management,_Mangalore.png"
KLE Society's Institute of Hotel Management and ,Karnataka,Hotel-management,--,--,--,--,--,--,--,--,--,/images/KLE_Society's_Institute_of_Hotel_Management_and.png
Sarosh Institute of Hotel Administration ,Karnataka,Hotel-management,"80,500",--,7.8,8.3,6.9,8.2,7.8,7.8,7.8,/images/Sarosh_Institute_of_Hotel_Administration.png
Sambhram College of Hotel Management ,Karnataka,Hotel-management,"68,000",--,--,--,--,--,--,--,--,/images/Sambhram_College_of_Hotel_Management.png
"Osteen College, Bangalore ",Karnataka,Hotel-management,--,--,--,--,--,--,--,--,--,"/images/Osteen_College,_Bangalore.png"
GEMS B School ,Karnataka,Hotel-management,"2,50,000",--,8.2,8.7,7.7,8.8,7.9,8.7,7.5,/images/GEMS_B_School.png
"Srinivas University, Mangalore ",Karnataka,Hotel-management,"80,000","80,000",8.2,8.7,7.1,8.6,8.2,8.1,8.7,"/images/Srinivas_University,_Mangalore.png"
Faculty of Hospitality Management and Catering Technology ,Karnataka,Hotel-management,"1,68,250",--,8.3,8.7,7,8.7,9.7,7.7,8,/images/Faculty_of_Hospitality_Management_and_Catering_Technology.png
Indian School of Business Management and Administration ,Karnataka,Hotel-management,"14,900",--,9.2,9.6,7.8,9.8,9.8,9.2,9.2,/images/Indian_School_of_Business_Management_and_Administration.png
M.S. Ramaiah University of Applied Sciences ,Karnataka,Hotel-management,"1,20,000","1,68,250",7.6,8.2,6.3,8.2,7.9,7.2,7.8,/images/M.S._Ramaiah_University_of_Applied_Sciences.png
"SJES College of Management Studies, Bangalore ",Karnataka,Hotel-management,"1,20,000",--,7.6,8.1,7.4,7.5,7.3,7.3,7.8,"/images/SJES_College_of_Management_Studies,_Bangalore.png"
Institute of Clinical Research ,Karnataka,Hotel-management,--,--,8.6,9,8.3,9,8.7,8.7,8,/images/Institute_of_Clinical_Research.png
"The Oxford College of Hotel Management, Bangalore ",Karnataka,Hotel-management,"65,000",--,--,--,--,--,--,--,--,"/images/The_Oxford_College_of_Hotel_Management,_Bangalore.png"
Xaviers Institute of Business Management Studies ,Karnataka,Hotel-management,"13,900",--,--,--,--,--,--,--,--,/images/Xaviers_Institute_of_Business_Management_Studies.png
ECR Group of Institutions ,Karnataka,Hotel-management,--,--,7.2,7.7,6,7.8,7.3,7.2,7.4,/images/ECR_Group_of_Institutions.png
National Institute of Retail Management ,Karnataka,Hotel-management,"67,000",--,8.7,9.5,8.3,8.8,8.3,9,8.5,/images/National_Institute_of_Retail_Management.png
Advanced Management College ,Karnataka,Hotel-management,"75,000",--,7.6,8,7,8.7,7.7,6.7,7.7,/images/Advanced_Management_College.png
Institute Of Hotel Management Catering Technology & ,Telangana,Hotel-management,"1,11,252",--,8.4,8.4,8,8.5,8.4,8.6,8.2,/images/Institute_Of_Hotel_Management_Catering_Technology_&.png
Dr. YSR National Institute of Tourism and ,Telangana,Hotel-management,"2,89,000",--,8.5,9.2,7.8,8.5,9,8,8.6,/images/Dr._YSR_National_Institute_of_Tourism_and.png
Pioneer Institute of Hotel Management ,Telangana,Hotel-management,"80,000",--,8.1,8.3,7.3,8.7,7.7,8,8.3,/images/Pioneer_Institute_of_Hotel_Management.png
Indian School of Business Management and Administration ,Telangana,Hotel-management,"14,900","14,900",6.9,7.1,6.8,6.8,7.1,6.8,6.7,/images/Indian_School_of_Business_Management_and_Administration.png
David Memorial Business School ,Telangana,Hotel-management,--,--,7,6.8,6.8,7.3,6.8,6.9,7.3,/images/David_Memorial_Business_School.png
Integrated Institute of Education Technology ,Telangana,Hotel-management,"3,000",--,--,--,--,--,--,--,--,/images/Integrated_Institute_of_Education_Technology.png
Sun International Institute for Tourism and Management ,Telangana,Hotel-management,"1,30,500","1,70,500",7.8,7.7,7.4,7.9,7.6,8.1,8.1,/images/Sun_International_Institute_for_Tourism_and_Management.png
"Risali Institute Of Management, Hyderabad ",Telangana,Hotel-management,"1,30,000","1,50,000",--,--,--,--,--,--,--,"/images/Risali_Institute_Of_Management,_Hyderabad.png"
Leo Academy of Hospitality and Tourism Management ,Telangana,Hotel-management,"1,00,000","55,000",--,--,--,--,--,--,--,/images/Leo_Academy_of_Hospitality_and_Tourism_Management.png
"Flytech Aviation Academy, Secunderabad ",Telangana,Hotel-management,--,--,8.4,8.8,7.8,9.4,8.8,7.8,7.6,"/images/Flytech_Aviation_Academy,_Secunderabad.png"
Culinary Academy of India ,Telangana,Hotel-management,"40,000",--,9.5,9.7,9.2,9.7,9.7,9.7,9.2,/images/Culinary_Academy_of_India.png
"Gesto Culinary & Hospitality Academy, Secunderabad ",Telangana,Hotel-management,"2,40,000","1,60,000",9.1,9.3,8.3,--,--,--,--,"/images/Gesto_Culinary_&_Hospitality_Academy,_Secunderabad.png"
Indian Institute of Hotel Management and Culinary ,Telangana,Hotel-management,"1,25,000",--,8.3,8.4,7.5,8.6,8.2,9.3,7.8,/images/Indian_Institute_of_Hotel_Management_and_Culinary.png
"ROOTS Collegium, Hyderabad ",Telangana,Hotel-management,--,--,7,7.5,6.3,7.6,6.7,6.9,7.2,"/images/ROOTS_Collegium,_Hyderabad.png"
Satavahana University ,Telangana,Hotel-management,"20,000",--,8,8.2,7.3,7.9,8.2,8.3,7.9,/images/Satavahana_University.png
International Institute of Hotel Management ,Telangana,Hotel-management,"1,88,000",--,7.1,7.2,6.6,7.4,6.1,7.7,7.3,/images/International_Institute_of_Hotel_Management.png
Pinnacle Institute of Hotel Management and Catering ,Telangana,Hotel-management,"65,000",--,8.6,9.2,6.5,8.9,9,9.4,8.3,/images/Pinnacle_Institute_of_Hotel_Management_and_Catering.png
"Institute of Hotel Management Shri Shakti- [IHM], ",Telangana,Hotel-management,"1,30,000",--,9,9.5,8.8,9,9.5,9.3,8,"/images/Institute_of_Hotel_Management_Shri_Shakti-_[IHM],.png"
John Bauer College of Hotel Management and ,Telangana,Hotel-management,"85,000",--,--,--,--,--,--,--,--,/images/John_Bauer_College_of_Hotel_Management_and.png
"Trinity College of Hotel Management, Hyderabad ",Telangana,Hotel-management,"1,00,000",--,8.8,8,9,8,9,9,--,"/images/Trinity_College_of_Hotel_Management,_Hyderabad.png"
State Institute Of Hotel Management ,Telangana,Hotel-management,--,--,--,--,--,--,--,--,--,/images/State_Institute_Of_Hotel_Management.png
"Greek Wings Institute of Hotel Management, Hyderabad ",Telangana,Hotel-management,"60,000","30,000",9.7,--,--,--,--,--,--,"/images/Greek_Wings_Institute_of_Hotel_Management,_Hyderabad.png"
"Vainavi Educational Institutions, Hyderabad ",Telangana,Hotel-management,"1,00,000","1,00,000",8.5,8,8,--,--,--,--,"/images/Vainavi_Educational_Institutions,_Hyderabad.png"
Aims College Of Hotel Management & Catering ,Telangana,Hotel-management,"75,000","65,000",--,--,--,--,--,--,--,/images/Aims_College_Of_Hotel_Management_&_Catering.png
"Excellency group of Institutions, Hyderabad ",Telangana,Hotel-management,--,--,--,--,--,--,--,--,--,"/images/Excellency_group_of_Institutions,_Hyderabad.png"
Blooms College of Hotel Management and Catering ,Telangana,Hotel-management,"65,000","45,000",--,--,--,--,--,--,--,/images/Blooms_College_of_Hotel_Management_and_Catering.png
"Westin College of Hotel Management, Hyderabad ",Telangana,Hotel-management,"90,000","60,000",8.9,9.3,8.9,8.9,8.7,8.8,8.9,"/images/Westin_College_of_Hotel_Management,_Hyderabad.png"
Institute of Hotel Management ,Madhya pradesh,Hotel-management,"68,935","64,900",8.3,8.5,8.2,8.9,8.5,8.3,7.6,/images/Institute_of_Hotel_Management.png
Institute of Hotel Management ,Madhya pradesh,Hotel-management,"98,700",--,8.3,7.9,8.2,8.8,7.5,8.8,8.3,/images/Institute_of_Hotel_Management.png
Institute for Excellence in Higher Education ,Madhya pradesh,Hotel-management,"8,000",800,7.2,7.9,6.5,7.9,7,6.7,7.4,/images/Institute_for_Excellence_in_Higher_Education.png
Awadhesh Pratap Singh University ,Madhya pradesh,Hotel-management,"50,000",--,7.1,7.9,6.5,8.1,7.2,5.3,7.3,/images/Awadhesh_Pratap_Singh_University.png
Jagran Lakecity University ,Madhya pradesh,Hotel-management,"1,25,000","3,00,000",8,8,7.9,7.8,8.6,7.4,8.1,/images/Jagran_Lakecity_University.png
LNCT University ,Madhya pradesh,Hotel-management,"30,000","45,000",9,9,8.8,9.3,8.8,8.9,8.9,/images/LNCT_University.png
Sardar Patel University ,Madhya pradesh,Hotel-management,"51,000",--,7.9,7.9,7.4,8.4,8,7.7,8,/images/Sardar_Patel_University.png
Shri Krishna University ,Madhya pradesh,Hotel-management,"29,500","50,000",8.1,8.1,7.4,8.3,8.5,8,8,/images/Shri_Krishna_University.png
"People's University, Bhopal ",Madhya pradesh,Hotel-management,"57,700","31,500",7,6.7,6.6,7.5,7.2,6.6,7.4,"/images/People's_University,_Bhopal.png"
"Swami Vivekanand University, Sagar ",Madhya pradesh,Hotel-management,"44,000","32,100",6.3,6.9,5,7,6.4,5.6,6.6,"/images/Swami_Vivekanand_University,_Sagar.png"
Pioneer Institute of Professional Studies ,Madhya pradesh,Hotel-management,"1,28,500",--,7,7.5,5.9,8.6,6.8,5.4,7.6,/images/Pioneer_Institute_of_Professional_Studies.png
Bhabha University ,Madhya pradesh,Hotel-management,"70,000",--,9,9.4,8.8,9,9.3,8.7,8.9,/images/Bhabha_University.png
"Panache Academy, Indore ",Madhya pradesh,Hotel-management,"1,19,000","69,000",--,--,--,--,--,--,--,"/images/Panache_Academy,_Indore.png"
P.K. University ,Madhya pradesh,Hotel-management,"55,400",--,9.3,--,--,--,--,--,--,/images/P.K._University.png
"Mansarovar Group of Institutions, Bhopal ",Madhya pradesh,Hotel-management,--,--,--,--,--,--,--,--,--,"/images/Mansarovar_Group_of_Institutions,_Bhopal.png"
"IPS Academy, Indore ",Madhya pradesh,Hotel-management,--,--,7.6,7.7,7.1,7.5,8,7.2,7.8,"/images/IPS_Academy,_Indore.png"
Indian School of Business Management and Administration ,Madhya pradesh,Hotel-management,"14,900","14,900",--,--,--,--,--,--,--,/images/Indian_School_of_Business_Management_and_Administration.png
Central India Institute of Management Studies ,Madhya pradesh,Hotel-management,"11,500",--,--,--,--,--,--,--,--,/images/Central_India_Institute_of_Management_Studies.png
Swastika Institute Of Higher Education and Technology ,Madhya pradesh,Hotel-management,--,--,--,--,--,--,--,--,--,/images/Swastika_Institute_Of_Higher_Education_and_Technology.png
Radha Krishan Institute of Technology & Management ,Madhya pradesh,Hotel-management,"24,250",--,--,--,--,--,--,--,--,/images/Radha_Krishan_Institute_of_Technology_&_Management.png
"Institute of Industrial Management for Safety, Health ",Madhya pradesh,Hotel-management,"25,100",--,--,--,--,--,--,--,--,"/images/Institute_of_Industrial_Management_for_Safety,_Health.png"
"Arihant Education Group, Indore ",Madhya pradesh,Hotel-management,--,--,7.8,8.1,7.7,8.2,7.9,7,8.1,"/images/Arihant_Education_Group,_Indore.png"
Jiwaji University ,Madhya pradesh,Hotel-management,"46,320","36,855",6.6,6.8,6.7,6.7,7.1,5.5,6.5,/images/Jiwaji_University.png
Vikram University ,Madhya pradesh,Hotel-management,"10,521",--,6.7,7.6,6.2,7.3,6.9,5,7.2,/images/Vikram_University.png
Sri Satya Sai University of Technology & ,Madhya pradesh,Hotel-management,"62,000",--,8.3,8.3,8.3,8.3,8.7,7.9,8.5,/images/Sri_Satya_Sai_University_of_Technology_&.png
Kothari College Of Management Science & Technology ,Madhya pradesh,Hotel-management,--,--,6.7,7,6,9,6,5,7,/images/Kothari_College_Of_Management_Science_&_Technology.png
State Institute of Hotel Management ,Madhya pradesh,Hotel-management,"96,200","24,250",8.3,8.8,7.8,8.5,8,8.5,8.3,/images/State_Institute_of_Hotel_Management.png
"Oriental School of Hotel Management Lakkidi, Wayanad ",Kerala,Hotel-management,"1,06,900","83,250",7.5,8.3,7,7.6,7.1,8.1,6.7,"/images/Oriental_School_of_Hotel_Management_Lakkidi,_Wayanad.png"
Munnar Catering College ,Kerala,Hotel-management,"1,12,933","75,000",9,--,--,--,--,--,--,/images/Munnar_Catering_College.png
Mahatma Gandhi University ,Kerala,Hotel-management,--,--,7.7,8,7.5,8,8,6.2,8.2,/images/Mahatma_Gandhi_University.png
Calicut University ,Kerala,Hotel-management,"2,460",--,7,7.5,6.2,7.5,7.4,5.4,7.9,/images/Calicut_University.png
"Christ College Irinjalakuda, Thrissur ",Kerala,Hotel-management,"8,71,000",--,8,8.3,7.7,8.2,8.4,7.2,8.3,"/images/Christ_College_Irinjalakuda,_Thrissur.png"
Holy Grace Academy of Management Studies ,Kerala,Hotel-management,--,--,8.5,8.7,8.3,8.3,8.5,8.2,9,/images/Holy_Grace_Academy_of_Management_Studies.png
APJ Abdul Kalam Technological University ,Kerala,Hotel-management,--,--,7.8,8.1,6.9,8.2,8.1,7.5,8,/images/APJ_Abdul_Kalam_Technological_University.png
Yuvakshetra Institute of Management Studies ,Kerala,Hotel-management,--,--,6.9,7.7,5.8,6.8,8,6.5,6.7,/images/Yuvakshetra_Institute_of_Management_Studies.png
State Institute of Hospitality Management ,Kerala,Hotel-management,"1,00,000","50,000",7.8,8.5,6.8,8,7.3,8.8,7.3,/images/State_Institute_of_Hospitality_Management.png
Holy Cross Institute of Management and Technology ,Kerala,Hotel-management,"66,000",--,8.1,8.3,7.7,8.3,9,7.7,7.3,/images/Holy_Cross_Institute_of_Management_and_Technology.png
Indian School of Business Management and Administration ,Kerala,Hotel-management,"14,900","14,900",9.2,9.7,9.7,9.3,9.3,9,8.3,/images/Indian_School_of_Business_Management_and_Administration.png
International Academy for Management Studies ,Kerala,Hotel-management,--,--,8.6,9,7.7,9.3,8,8.7,8.7,/images/International_Academy_for_Management_Studies.png
"A.J. College of Science and Technology Thonnakkal, ",Kerala,Hotel-management,"17,500",--,7.4,8.2,6.5,8.8,7.8,5.6,7.5,"/images/A.J._College_of_Science_and_Technology_Thonnakkal,.png"
De Paul Institute of Management Development ,Kerala,Hotel-management,--,--,--,--,--,--,--,--,--,/images/De_Paul_Institute_of_Management_Development.png
"Chavara Institute of Management and Media Studies-[CIMAMS], ",Kerala,Hotel-management,--,--,--,--,--,--,--,--,--,"/images/Chavara_Institute_of_Management_and_Media_Studies-[CIMAMS],.png"
Divine College of Management Studies ,Kerala,Hotel-management,--,--,--,--,--,--,--,--,--,/images/Divine_College_of_Management_Studies.png
"Amal College of Advanced Studies, Nilambur, Nilambur ",Kerala,Hotel-management,"4,050",--,7.9,8.6,7,8.9,8,6.6,8.4,"/images/Amal_College_of_Advanced_Studies,_Nilambur,_Nilambur.png"
"St Thomas College Ranny, Pathanamthitta ",Kerala,Hotel-management,"1,780",--,7.1,8.1,6.6,8.1,7.7,4.6,7.6,"/images/St_Thomas_College_Ranny,_Pathanamthitta.png"
"Angelblues Aviation and Tourism Academy, Kochi ",Kerala,Hotel-management,--,--,--,--,--,--,--,--,--,"/images/Angelblues_Aviation_and_Tourism_Academy,_Kochi.png"
Institute of Hotel Management and Catering Technology ,Kerala,Hotel-management,"38,750","1,12,350",8.4,8.9,7.4,8.5,8.6,8.8,8.3,/images/Institute_of_Hotel_Management_and_Catering_Technology.png
Lourdes Matha Institute of Hotel Management and ,Kerala,Hotel-management,"80,500",--,7.8,8,7.5,8,7.3,8.8,7,/images/Lourdes_Matha_Institute_of_Hotel_Management_and.png
Naipunnya Institute of Management and Information Technology ,Kerala,Hotel-management,"2,95,000",--,8.2,8.4,7.4,8.7,8.7,7.8,8.1,/images/Naipunnya_Institute_of_Management_and_Information_Technology.png
"Sree Narayana Guru Memorial Catering College, Alappuzha ",Kerala,Hotel-management,--,--,--,--,--,--,--,--,--,"/images/Sree_Narayana_Guru_Memorial_Catering_College,_Alappuzha.png"
"St. Alphonsa College of Hotel Management Studies, ",Kerala,Hotel-management,"22,500",--,--,--,--,--,--,--,--,"/images/St._Alphonsa_College_of_Hotel_Management_Studies,.png"
St. Joseph's Institute of Hotel Management & ,Kerala,Hotel-management,"98,615",--,8.5,8,--,--,--,--,--,/images/St._Joseph's_Institute_of_Hotel_Management_&.png
"Marian College Kuttikanam, Peermade ",Kerala,Hotel-management,--,--,8.9,8.9,8.6,8.8,9.1,8.9,8.9,"/images/Marian_College_Kuttikanam,_Peermade.png"
International College for New Age Studies ,Kerala,Hotel-management,"80,000",--,--,--,--,--,--,--,--,/images/International_College_for_New_Age_Studies.png
Kerala University ,Kerala,Hotel-management,--,--,6.3,7.5,4.8,7.2,6.6,5.1,6.3,/images/Kerala_University.png
"Nirmala College Of Arts And Science, Chalakkudy, ",Kerala,Hotel-management,--,--,6.6,6.9,5.5,7.2,6.1,6.8,7.1,"/images/Nirmala_College_Of_Arts_And_Science,_Chalakkudy,.png"
"Government Arts and Science College, Kondotty, Malappuram ",Kerala,Hotel-management,"2,035",--,6,8,3.5,7.5,5.5,5,6.5,"/images/Government_Arts_and_Science_College,_Kondotty,_Malappuram.png"
"Institute of Hotel Management, Catering Technology & ",Rajasthan,Hotel-management,"50,600","30,040",8.4,8.4,8.2,8.6,8.1,8.5,8.6,"/images/Institute_of_Hotel_Management,_Catering_Technology_&.png"
Jaipur National University ,Rajasthan,Hotel-management,"1,26,000",--,7.5,7.9,7,7.7,7.8,6.7,7.6,/images/Jaipur_National_University.png
International Institute of Hotel Management ,Rajasthan,Hotel-management,--,--,8.5,8.6,8.2,8.4,8.4,8.8,8.3,/images/International_Institute_of_Hotel_Management.png
"Institute of Hotel Management, Jodhpur, Jodhpur ",Rajasthan,Hotel-management,"1,00,800","30,000",8,8,7.6,8,8.2,8.1,8,"/images/Institute_of_Hotel_Management,_Jodhpur,_Jodhpur.png"
Institute of Hotel Management and Catering ,Rajasthan,Hotel-management,"80,000","80,000",8.4,8.5,8.5,8.5,7.5,8.8,8.8,/images/Institute_of_Hotel_Management_and_Catering.png
Madhav University ,Rajasthan,Hotel-management,"12,000","50,000",7.8,7.9,7.5,8.2,7.9,7.3,7.8,/images/Madhav_University.png
Janardan Rai Nagar Rajasthan Vidyapeeth University ,Rajasthan,Hotel-management,"60,000",--,7.8,8.3,7.5,8.3,7.9,7.3,7.5,/images/Janardan_Rai_Nagar_Rajasthan_Vidyapeeth_University.png
"Amity University, Jaipur ",Rajasthan,Hotel-management,"84,000","1,18,000",8,7.8,7.6,7.8,8.9,7.4,8.7,"/images/Amity_University,_Jaipur.png"
"NIMS University, Jaipur ",Rajasthan,Hotel-management,"50,000","50,000",7.8,7.9,7.2,7.9,8.5,7,8,"/images/NIMS_University,_Jaipur.png"
Mewar University ,Rajasthan,Hotel-management,"53,000","53,000",8,7.9,7.1,8.1,8.8,7.3,8.6,/images/Mewar_University.png
"Singhania University, Jhunjhunu ",Rajasthan,Hotel-management,"12,000","62,000",7.1,7.1,6.7,7.1,7.1,7,7.3,"/images/Singhania_University,_Jhunjhunu.png"
Manipal University ,Rajasthan,Hotel-management,"1,93,000",--,8.4,8.2,8.3,8.2,9.2,7.7,9,/images/Manipal_University.png
"Tantia University, Sriganganagar ",Rajasthan,Hotel-management,"60,000",--,8.6,8.8,8.4,9.3,8.8,7.1,9.1,"/images/Tantia_University,_Sriganganagar.png"
JECRC University ,Rajasthan,Hotel-management,"95,000",--,8.1,8.1,7.4,8.2,8.2,8.1,8.7,/images/JECRC_University.png
"OPJS University, Churu ",Rajasthan,Hotel-management,"12,700","82,000",7.2,7.1,7.6,7.6,7.7,6.3,6.8,"/images/OPJS_University,_Churu.png"
"Apex University, Jaipur ",Rajasthan,Hotel-management,"50,000","15,000",8.7,8.9,8.9,8.6,8.7,8.5,8.7,"/images/Apex_University,_Jaipur.png"
Suresh Gyan Vihar University ,Rajasthan,Hotel-management,"90,000","90,000",7.5,7.8,6.7,7.5,8.8,6.3,8,/images/Suresh_Gyan_Vihar_University.png
"Jagannath University, Jaipur ",Rajasthan,Hotel-management,"50,000","90,000",7.3,7.1,6.7,7.9,7.7,6.9,7.4,"/images/Jagannath_University,_Jaipur.png"
"Pacific University, Udaipur ",Rajasthan,Hotel-management,"45,000","55,000",7.7,7.8,7.3,8.1,7.8,7.2,8,"/images/Pacific_University,_Udaipur.png"
"IPS Business School, Jaipur ",Rajasthan,Hotel-management,--,--,8.3,8.5,8.3,8.3,7.7,8.4,8.7,"/images/IPS_Business_School,_Jaipur.png"
Jagdishprasad Jhabarmal Tibrewala University ,Rajasthan,Hotel-management,"60,000","60,000",6.5,6.3,6.4,6.4,6.6,6.5,6.6,/images/Jagdishprasad_Jhabarmal_Tibrewala_University.png
"Shyam University, Dausa ",Rajasthan,Hotel-management,"80,000","30,000",8.5,8.9,8.6,8.5,8.6,8.1,8.4,"/images/Shyam_University,_Dausa.png"
"Shridhar University, Pilani ",Rajasthan,Hotel-management,"99,300","99,300",6.7,6.2,6.6,6.5,6.5,7.3,6.8,"/images/Shridhar_University,_Pilani.png"
University of Engineering and Management ,Rajasthan,Hotel-management,"79,000",--,8.3,8.5,8.3,8.2,8.1,8.4,8,/images/University_of_Engineering_and_Management.png
Sangam University ,Rajasthan,Hotel-management,"95,500","27,500",7.2,7.3,6.7,7.8,7.4,7,7,/images/Sangam_University.png
"Bhagwant University, Ajmer ",Rajasthan,Hotel-management,"75,000",--,6.7,6.8,6,7.1,6.5,6.8,7.2,"/images/Bhagwant_University,_Ajmer.png"
University of Technology ,Rajasthan,Hotel-management,"40,000","40,000",8.5,--,--,8.6,--,8.6,8.3,/images/University_of_Technology.png
Dr.Ambedkar Institute of Hotel Management Catering and ,Haryana,Hotel-management,"1,22,460","29,770",8.4,8.8,7.7,8.8,8.4,8.7,7.7,/images/Dr.Ambedkar_Institute_of_Hotel_Management_Catering_and.png
Chandigarh Institute of Hotel Management and Catering ,Haryana,Hotel-management,"3,00,000","29,900",8.3,8.8,8.3,7.9,8.9,8.7,7,/images/Chandigarh_Institute_of_Hotel_Management_and_Catering.png
"Chitkara School of Hospitality -[CSH], Chandigarh ",Haryana,Hotel-management,"1,07,020",--,8.4,8.7,7,9,8.3,8.7,8.5,"/images/Chitkara_School_of_Hospitality_-[CSH],_Chandigarh.png"
Hotel & Catering Management Institute ,Haryana,Hotel-management,"94,000","94,000",--,--,--,--,--,--,--,/images/Hotel_&_Catering_Management_Institute.png
State Institute of Hotel Management ,Haryana,Hotel-management,"49,900","1,08,550",8.4,8.4,7.8,8.7,8.5,8.7,8.5,/images/State_Institute_of_Hotel_Management.png
Panjab University ,Haryana,Hotel-management,--,--,7.7,8.2,7.7,8,7.7,6.5,8.2,/images/Panjab_University.png
Maharshi Dayanand University ,Haryana,Hotel-management,"52,762","54,810",7.8,8,7.7,8,8.4,6.6,8,/images/Maharshi_Dayanand_University.png
Kurukshetra University ,Haryana,Hotel-management,"22,627","62,200",7.5,8.1,7,8,7.7,6.5,7.7,/images/Kurukshetra_University.png
"Faculty of Management Studies, Manav Rachna International ",Haryana,Hotel-management,"1,41,000",--,8.7,--,--,9,--,8,9,"/images/Faculty_of_Management_Studies,_Manav_Rachna_International.png"
"SRM University Delhi NCR, Sonepat ",Haryana,Hotel-management,"1,09,500","1,11,000",7.8,8,7.5,7.9,8.1,7.6,7.9,"/images/SRM_University_Delhi_NCR,_Sonepat.png"
MM Institute of Hotel Management and Catering ,Haryana,Hotel-management,"85,500","43,500",--,--,--,--,--,--,--,/images/MM_Institute_of_Hotel_Management_and_Catering.png
"Amity University, Gurgaon ",Haryana,Hotel-management,"1,56,000",--,7.7,7.8,7.1,7.6,8.6,7.1,8.1,"/images/Amity_University,_Gurgaon.png"
Manav Rachna International Institute of Research and ,Haryana,Hotel-management,"1,41,000",--,7.5,7.4,7.3,7.5,8.3,6.6,7.6,/images/Manav_Rachna_International_Institute_of_Research_and.png
"Starex University, Gurgaon ",Haryana,Hotel-management,"1,50,000","1,30,000",8.8,9.1,9.1,8.7,8.6,8.5,8.7,"/images/Starex_University,_Gurgaon.png"
"NIILM University, Kaithal ",Haryana,Hotel-management,"60,000","70,000",8.1,8.6,7.9,8.5,7.9,7.8,8.1,"/images/NIILM_University,_Kaithal.png"
"Sushant University / Ansal University, Gurgaon ",Haryana,Hotel-management,"2,71,120",--,7.8,8,8,7.9,8.4,7,7.5,"/images/Sushant_University_/_Ansal_University,_Gurgaon.png"
G D Goenka University ,Haryana,Hotel-management,"1,70,000",--,8.2,7.7,8.3,8.3,8.9,7.6,8.4,/images/G_D_Goenka_University.png
"Vedatya Institute, Gurgaon ",Haryana,Hotel-management,"2,70,000","52,000",8.5,8.7,8.1,8.6,8.4,8.4,8.5,"/images/Vedatya_Institute,_Gurgaon.png"
"Jagannath University, Bahadurgarh ",Haryana,Hotel-management,--,--,8,8.3,8,7.8,8.7,7.4,7.9,"/images/Jagannath_University,_Bahadurgarh.png"
"Rawal Institutions, Faridabad ",Haryana,Hotel-management,"72,000",--,7.1,6.9,7.1,6.7,8.5,6.1,7,"/images/Rawal_Institutions,_Faridabad.png"
"SGT University, Gurgaon ",Haryana,Hotel-management,"1,87,500","1,62,500",8,8,7.6,8.1,8.4,7.5,8.1,"/images/SGT_University,_Gurgaon.png"
Geeta Group of Institutions ,Haryana,Hotel-management,"80,000",--,9.2,9.4,8.8,9.3,9.4,9.2,9.3,/images/Geeta_Group_of_Institutions.png
Indian Institute of Learning and Advanced Development ,Haryana,Hotel-management,"3,50,000",--,6.6,5,5,7.3,7,8,7,/images/Indian_Institute_of_Learning_and_Advanced_Development.png
RP Inderaprastha Institute of Technology ,Haryana,Hotel-management,"75,000",--,7.1,7.7,6.5,7.5,7.6,6.1,6.9,/images/RP_Inderaprastha_Institute_of_Technology.png
"IITT Institutions, Chandigarh ",Haryana,Hotel-management,"50,850","50,000",--,--,--,--,--,--,--,"/images/IITT_Institutions,_Chandigarh.png"
Rawal Institute of Management ,Haryana,Hotel-management,"70,000",--,--,--,--,--,--,--,--,/images/Rawal_Institute_of_Management.png
"Gateway Education, Sonepat ",Haryana,Hotel-management,"1,00,000",--,9.7,--,--,--,--,--,--,"/images/Gateway_Education,_Sonepat.png"
"Saheed Mahilal Institute, Palwal ",Haryana,Hotel-management,--,--,--,--,--,--,--,--,--,"/images/Saheed_Mahilal_Institute,_Palwal.png"
Institute of Hotel Management ,Gujarat,Hotel-management,"1,09,110",--,8.3,8.8,8,8.9,8.1,8.1,7.6,/images/Institute_of_Hotel_Management.png
International Institute of Hotel Management ,Gujarat,Hotel-management,"1,88,000",--,8,8.6,7.8,8.2,8,7.8,7.6,/images/International_Institute_of_Hotel_Management.png
Maharaja Sayajirao University of Baroda ,Gujarat,Hotel-management,"8,060",--,7.9,8.3,7,8.4,8,7.2,8.4,/images/Maharaja_Sayajirao_University_of_Baroda.png
Times Business School ,Gujarat,Hotel-management,--,--,8.1,8,7,8.5,8,8,9,/images/Times_Business_School.png
Vivekanand Institute of Hotel and Tourism Management ,Gujarat,Hotel-management,"88,000",--,8.7,8,9,9,9,9,8,/images/Vivekanand_Institute_of_Hotel_and_Tourism_Management.png
Indian School of Business Management and Administration ,Gujarat,Hotel-management,"14,900","14,900",8,8.8,7.6,8.1,8,7.9,7.8,/images/Indian_School_of_Business_Management_and_Administration.png
"Auro University, Surat ",Gujarat,Hotel-management,"2,70,000","3,00,000",8.3,8.2,8.5,8.6,8.7,7.2,8.6,"/images/Auro_University,_Surat.png"
Ganpat University ,Gujarat,Hotel-management,--,--,8.1,8.2,7.2,8.1,8.5,7.8,8.6,/images/Ganpat_University.png
Asia Pacific Institute of Management ,Gujarat,Hotel-management,"57,200","1,30,000",6.8,7.7,6,7.3,6.3,6.3,7.3,/images/Asia_Pacific_Institute_of_Management.png
"Panache Academy, Ahmedabad ",Gujarat,Hotel-management,"1,19,000","69,000",7.4,8,7,7.5,7.5,7.5,7,"/images/Panache_Academy,_Ahmedabad.png"
"Lords Institute of Management, Surat ",Gujarat,Hotel-management,"71,036",--,7.3,--,--,8,--,7,7,"/images/Lords_Institute_of_Management,_Surat.png"
Cambay Institute of Hospitality Management ,Gujarat,Hotel-management,"84,000","1,10,000",--,--,--,--,--,--,--,/images/Cambay_Institute_of_Hospitality_Management.png
Vivekanand Institute of Management ,Gujarat,Hotel-management,"90,000","80,000",8.8,8,8,9,9,--,--,/images/Vivekanand_Institute_of_Management.png
"Swarrnim Startup & Innovation University, Gandhi Nagar ",Gujarat,Hotel-management,"1,50,000",--,6.5,7,6,6.6,6.5,5.6,7.4,"/images/Swarrnim_Startup_&_Innovation_University,_Gandhi_Nagar.png"
Sanskar Institute of Management & Information Techonogy ,Gujarat,Hotel-management,--,--,8.2,9,7,8,9,7,9,/images/Sanskar_Institute_of_Management_&_Information_Techonogy.png
Gujarat Institute of Management ,Gujarat,Hotel-management,--,--,--,--,--,--,--,--,--,/images/Gujarat_Institute_of_Management.png
Western India Institute of Aeronautics ,Gujarat,Hotel-management,"1,65,000",--,8.5,9,8,9,8,9,8,/images/Western_India_Institute_of_Aeronautics.png
"Jindal School of Hotel Management -[JSHM], Vadodara ",Gujarat,Hotel-management,"3,07,800",--,7.6,7.3,7.5,7.8,8.1,7.7,7.4,"/images/Jindal_School_of_Hotel_Management_-[JSHM],_Vadodara.png"
Aptech Aviation and Hospitality Academy ,Gujarat,Hotel-management,"1,68,940","43,870",--,--,--,--,--,--,--,/images/Aptech_Aviation_and_Hospitality_Academy.png
"Gujarat Institute of Hotel Management, Vadodara ",Gujarat,Hotel-management,--,--,7.2,6.8,6.3,8.5,6.8,7.8,7,"/images/Gujarat_Institute_of_Hotel_Management,_Vadodara.png"
Parul Institute of Hotel Management & Catering ,Gujarat,Hotel-management,"90,000","42,000",8.8,8.5,7.5,9.5,9.5,8,--,/images/Parul_Institute_of_Hotel_Management_&_Catering.png
Gujarat Technological University ,Gujarat,Hotel-management,--,--,7.4,8.1,6.5,7.6,8,6.9,7.2,/images/Gujarat_Technological_University.png
Bhakta Kavi Narsinh Mehta University ,Gujarat,Hotel-management,--,--,8.8,9.3,9,8.6,8.7,8.8,8.5,/images/Bhakta_Kavi_Narsinh_Mehta_University.png
"Panache Academy, Vadodara ",Gujarat,Hotel-management,"1,19,000","69,000",--,--,--,--,--,--,--,"/images/Panache_Academy,_Vadodara.png"
Bhagwan Mahavir University ,Gujarat,Hotel-management,"68,000","50,000",9.7,--,--,--,--,--,--,/images/Bhagwan_Mahavir_University.png
"Birsa Munda Tribal University, Rajpipala ",Gujarat,Hotel-management,--,--,--,--,--,--,--,--,--,"/images/Birsa_Munda_Tribal_University,_Rajpipala.png"
Dr.Ambedkar Institute of Hotel Management Catering and ,Punjab,Hotel-management,"1,22,460","29,770",8.4,8.8,7.7,8.8,8.4,8.7,7.7,/images/Dr.Ambedkar_Institute_of_Hotel_Management_Catering_and.png
Institute of Hotel Management ,Punjab,Hotel-management,"35,242","47,242",8.8,8.9,9,9,8.7,8.9,8.5,/images/Institute_of_Hotel_Management.png
Chandigarh Institute of Hotel Management and Catering ,Punjab,Hotel-management,"3,00,000","29,900",8.3,8.8,8.3,7.9,8.9,8.7,7,/images/Chandigarh_Institute_of_Hotel_Management_and_Catering.png
"Chitkara School of Hospitality -[CSH], Chandigarh ",Punjab,Hotel-management,"1,07,020",--,8.4,8.7,7,9,8.3,8.7,8.5,"/images/Chitkara_School_of_Hospitality_-[CSH],_Chandigarh.png"
Hotel & Catering Management Institute ,Punjab,Hotel-management,"94,000","94,000",--,--,--,--,--,--,--,/images/Hotel_&_Catering_Management_Institute.png
Chandigarh College of Hotel Management and Catering ,Punjab,Hotel-management,"1,15,100","44,990",9.5,9,9,--,--,--,--,/images/Chandigarh_College_of_Hotel_Management_and_Catering.png
CT Institute of Hotel Management & Catering ,Punjab,Hotel-management,"90,230",--,7,5,5,--,--,--,--,/images/CT_Institute_of_Hotel_Management_&_Catering.png
Panjab University ,Punjab,Hotel-management,--,--,7.7,8.2,7.7,8,7.7,6.5,8.2,/images/Panjab_University.png
"CT Institute of Hotel Management, Jalandhar ",Punjab,Hotel-management,"50,850",--,5.3,6,5,5,6,3,7,"/images/CT_Institute_of_Hotel_Management,_Jalandhar.png"
Desh Bhagat Institute of Hotel Management & ,Punjab,Hotel-management,"85,000",--,7.8,8,8,7,9,7,8,/images/Desh_Bhagat_Institute_of_Hotel_Management_&.png
Institute of Hotel Management Catering Technology and ,Punjab,Hotel-management,"1,06,900","30,500",8.1,8.2,6.6,9,7.2,8.5,9,/images/Institute_of_Hotel_Management_Catering_Technology_and.png
I.K. Gujral Punjab Technical University ,Punjab,Hotel-management,"58,150",--,8.1,8,7.4,8.7,8.3,7.7,8.7,/images/I.K._Gujral_Punjab_Technical_University.png
"Doaba College, Jalandhar ",Punjab,Hotel-management,--,--,8.7,9.1,8.4,9.4,8.6,8.1,8.5,"/images/Doaba_College,_Jalandhar.png"
"RIMT University, Gobindgarh ",Punjab,Hotel-management,"39,400","1,01,000",7.6,7.9,7.3,7.8,8,6.7,7.8,"/images/RIMT_University,_Gobindgarh.png"
Surya School of Hotel Management and Catering ,Punjab,Hotel-management,--,--,--,--,--,--,--,--,--,/images/Surya_School_of_Hotel_Management_and_Catering.png
"Guru Kashi University, Bathinda ",Punjab,Hotel-management,--,--,7.5,7.4,7.2,8,7.2,7.2,7.8,"/images/Guru_Kashi_University,_Bathinda.png"
Chandigarh Group of Colleges ,Punjab,Hotel-management,"1,15,100","44,990",8.1,8,7.4,8,8.3,8.6,8.4,/images/Chandigarh_Group_of_Colleges.png
"Rayat Bahra University, Mohali ",Punjab,Hotel-management,"80,000","1,10,000",7.7,7.8,7.4,8,7.7,7.4,7.6,"/images/Rayat_Bahra_University,_Mohali.png"
"GNA University, Phagwara ",Punjab,Hotel-management,"99,000","85,000",7.7,8,7.6,7.9,7.8,7.2,7.7,"/images/GNA_University,_Phagwara.png"
Global Institute of Management ,Punjab,Hotel-management,"50,850",--,--,--,--,--,--,--,--,/images/Global_Institute_of_Management.png
"Global Institute, Amritsar ",Punjab,Hotel-management,"1,35,000",--,8.3,8,8.2,8.7,8.8,7.9,8.3,"/images/Global_Institute,_Amritsar.png"
CT University ,Punjab,Hotel-management,"1,14,700","1,51,700",8.8,8.9,8.5,8.7,9.3,8.8,8.5,/images/CT_University.png
"Maharaja Ranjit Singh Punjab Technical University, Bathinda ",Punjab,Hotel-management,--,--,8.2,8.6,7.8,8.4,8.2,8.1,8.2,"/images/Maharaja_Ranjit_Singh_Punjab_Technical_University,_Bathinda.png"
DAV Institute of Engineering and Technology ,Punjab,Hotel-management,"50,850",--,7.2,7.7,7.2,7.6,7.1,6.7,7.1,/images/DAV_Institute_of_Engineering_and_Technology.png
"PCTE Group of Institutes, Ludhiana ",Punjab,Hotel-management,"1,07,400",--,7.7,8,7.2,8,8,6.8,8.3,"/images/PCTE_Group_of_Institutes,_Ludhiana.png"
Amritsar Group of Colleges ,Punjab,Hotel-management,"3,16,089","1,26,000",8.8,8.7,8.9,9,8.8,8.6,9,/images/Amritsar_Group_of_Colleges.png
"CT Group of Institutions, Jalandhar ",Punjab,Hotel-management,"1,06,900","50,000",7.6,7.5,7,8.2,7.5,7.9,7.4,"/images/CT_Group_of_Institutions,_Jalandhar.png"
"Rayat Bahra Hoshiarpur Campus, Hoshiarpur ",Punjab,Hotel-management,"60,000","50,000",8.9,9.2,8.5,9.2,8.3,8.8,9.1,"/images/Rayat_Bahra_Hoshiarpur_Campus,_Hoshiarpur.png"
Punjab College of Technical Education ,Punjab,Hotel-management,"1,07,400",--,8,7.7,8.1,7.9,8.3,7.1,8.8,/images/Punjab_College_of_Technical_Education.png
Institute of Hotel Management Catering Technology & ,West bengal,Hotel-management,"66,000","66,000",8.7,8.9,8.5,9.2,8.1,8.8,8.6,/images/Institute_of_Hotel_Management_Catering_Technology_&.png
"NSHM Knowledge Campus, Durgapur ",West bengal,Hotel-management,"2,06,000",--,8.3,8.5,8.1,8.6,8.6,7.7,8.5,"/images/NSHM_Knowledge_Campus,_Durgapur.png"
Guru Nanak Institute of Hotel Management ,West bengal,Hotel-management,"1,90,000","1,45,000",8,8.3,7.3,8,8.2,8.4,7.9,/images/Guru_Nanak_Institute_of_Hotel_Management.png
"NIMAS, Kolkata ",West bengal,Hotel-management,"2,89,000",--,8.8,9.7,9,8.6,9.5,7.4,8.4,"/images/NIMAS,_Kolkata.png"
International Institute of Hotel Management ,West bengal,Hotel-management,--,--,8.8,8.7,8.1,8.9,8.8,8.9,9.3,/images/International_Institute_of_Hotel_Management.png
"BNG Hotel Management, Kolkata ",West bengal,Hotel-management,--,--,7.8,8,7.5,7.9,7.5,7.9,7.8,"/images/BNG_Hotel_Management,_Kolkata.png"
"NSHM Knowledge Campus, Kolkata ",West bengal,Hotel-management,"2,17,500",--,7.8,8,6.8,8.1,8.2,7.7,8,"/images/NSHM_Knowledge_Campus,_Kolkata.png"
"Annex College, Kolkata ",West bengal,Hotel-management,--,--,7.9,7.7,8.3,8.3,7.8,7.5,8,"/images/Annex_College,_Kolkata.png"
Institute of Management Study ,West bengal,Hotel-management,"65,000",--,7.3,7.8,6.4,7.7,7.6,7.3,6.8,/images/Institute_of_Management_Study.png
Eastern Institute for Integrated Learning In Management ,West bengal,Hotel-management,"3,70,000",--,7.5,7.6,6.6,7.5,7.4,8.1,7.6,/images/Eastern_Institute_for_Integrated_Learning_In_Management.png
Maulana Abul Kalam Azad University of Technology ,West bengal,Hotel-management,"70,000",--,7.7,8.1,6.9,8,7.8,7.7,7.6,/images/Maulana_Abul_Kalam_Azad_University_of_Technology.png
"Amity University, Kolkata ",West bengal,Hotel-management,"1,05,000",--,8.2,8.1,7.7,8.4,8.8,7.4,8.5,"/images/Amity_University,_Kolkata.png"
"NIPS School of Hotel Management, Kolkata ",West bengal,Hotel-management,"5,90,000","4,30,000",7.5,8,6.8,8,7.3,7.6,7.4,"/images/NIPS_School_of_Hotel_Management,_Kolkata.png"
Future Institute of Engineering and Management ,West bengal,Hotel-management,"1,30,500",--,7.8,8.2,6.7,8.1,7.7,7.8,8.1,/images/Future_Institute_of_Engineering_and_Management.png
Sister Nivedita University ,West bengal,Hotel-management,"1,13,000",--,8.2,8.2,7.6,8.9,7.9,7.8,8.7,/images/Sister_Nivedita_University.png
Globsyn Business School ,West bengal,Hotel-management,"14,000",--,8.1,8.4,7.7,8.1,8.1,8,8,/images/Globsyn_Business_School.png
Seacom Skills University ,West bengal,Hotel-management,"70,000","70,000",7.5,8.4,6.4,8.9,7.4,6.7,7.3,/images/Seacom_Skills_University.png
University of Engineering and Management ,West bengal,Hotel-management,"1,10,000",--,8.1,8.6,7.2,8.5,7.9,8.8,7.7,/images/University_of_Engineering_and_Management.png
JIS College of Engineering ,West bengal,Hotel-management,"98,150",--,7.9,8.1,7.2,8.4,8.1,7.8,8,/images/JIS_College_of_Engineering.png
National Institute of Management ,West bengal,Hotel-management,"1,40,000","75,000",8.5,8.4,7.4,8.8,8.7,8.7,8.9,/images/National_Institute_of_Management.png
"Inspiria Knowledge Campus, Siliguri ",West bengal,Hotel-management,"1,58,000",--,8.1,8.1,7.4,8.4,8.6,8,8.2,"/images/Inspiria_Knowledge_Campus,_Siliguri.png"
Siliguri Institute of Technology ,West bengal,Hotel-management,--,--,7.8,7.9,7.1,8,8.3,7.2,8.2,/images/Siliguri_Institute_of_Technology.png
International School of Hospitality Management ,West bengal,Hotel-management,"3,86,000","1,25,000",8.8,8.6,8.6,9,8.7,8.9,9.2,/images/International_School_of_Hospitality_Management.png
"Seacom Engineering College, Howrah ",West bengal,Hotel-management,"1,60,000",--,7.2,7.6,6.8,7.1,8,5.9,7.6,"/images/Seacom_Engineering_College,_Howrah.png"
Saroj Mohan Institute of Technology ,West bengal,Hotel-management,"1,70,000",--,7.5,8.3,7,8.5,7.6,6.4,7.3,/images/Saroj_Mohan_Institute_of_Technology.png
Haldia Institute of Management ,West bengal,Hotel-management,--,--,8,8.1,7.7,8.5,7.6,7.6,8.2,/images/Haldia_Institute_of_Management.png
"JIS University, Kolkata ",West bengal,Hotel-management,"1,90,000","1,45,000",8,8.3,7.7,8,8.2,7.8,7.8,"/images/JIS_University,_Kolkata.png"
International Institute of Management Sciences ,West bengal,Hotel-management,"3,25,000","70,000",7.8,7.8,7.8,8,7.6,7.7,7.7,/images/International_Institute_of_Management_Sciences.png
Bengal Institute of Technology and Management ,West bengal,Hotel-management,--,--,6.7,6.7,6.2,7.2,6.8,6.3,7,/images/Bengal_Institute_of_Technology_and_Management.png
Institute of Hotel Management Catering Technology & ,Orissa,Hotel-management,"68,200","33,350",8.6,8.5,9,8.5,8.6,8.4,8.5,/images/Institute_of_Hotel_Management_Catering_Technology_&.png
Siksha 'O' Anusandhan University ,Orissa,Hotel-management,"85,000",--,8.3,8.6,7.6,8.3,8.7,8,8.5,/images/Siksha_'O'_Anusandhan_University.png
"C. V. Raman Global University, Bhubaneswar ",Orissa,Hotel-management,"65,000","65,000",7.6,7.9,7,7.5,8.2,7.5,7.6,"/images/C._V._Raman_Global_University,_Bhubaneswar.png"
BJB Autonomous College ,Orissa,Hotel-management,"30,000",--,7.4,8.3,6.8,7.9,7.4,5.9,7.9,/images/BJB_Autonomous_College.png
Biju Patnaik University of Technology ,Orissa,Hotel-management,--,--,6.2,6.1,6.7,6.4,6.8,4.8,6.1,/images/Biju_Patnaik_University_of_Technology.png
Xavier College of Hotel Management ,Orissa,Hotel-management,--,--,--,--,--,--,--,--,--,/images/Xavier_College_of_Hotel_Management.png
Bijupattanaik College of Hotel Management Tourism and ,Orissa,Hotel-management,--,--,--,--,--,--,--,--,--,/images/Bijupattanaik_College_of_Hotel_Management_Tourism_and.png
"National Institute of Hotel Management & Tourism, ",Orissa,Hotel-management,"1,50,000","66,000",--,--,--,--,--,--,--,"/images/National_Institute_of_Hotel_Management_&_Tourism,.png"
Attitude Business School ,Orissa,Hotel-management,--,--,--,--,--,--,--,--,--,/images/Attitude_Business_School.png
"DRIEMS Group of Institutions, Cuttack ",Orissa,Hotel-management,"60,000","60,000",7.6,8,7.2,7.2,9.2,6.9,6.8,"/images/DRIEMS_Group_of_Institutions,_Cuttack.png"
"ODM Business School, Bhubaneswar ",Orissa,Hotel-management,--,--,--,--,--,--,--,--,--,"/images/ODM_Business_School,_Bhubaneswar.png"
"Bhadrak Autonomous College, Bhadrak ",Orissa,Hotel-management,--,--,7.7,8.2,7.1,8,8,7,7.9,"/images/Bhadrak_Autonomous_College,_Bhadrak.png"
Aptech Aviation and Hospitality Academy ,Orissa,Hotel-management,"75,000","75,000",7.8,8,8,8,8,7,8,/images/Aptech_Aviation_and_Hospitality_Academy.png
Gopabandhu School of Hotel Management ,Orissa,Hotel-management,"50,000","36,000",--,--,--,--,--,--,--,/images/Gopabandhu_School_of_Hotel_Management.png
Ranijta Institute of Hotel Management and Catering ,Orissa,Hotel-management,"1,13,400","65,000",--,--,--,--,--,--,--,/images/Ranijta_Institute_of_Hotel_Management_and_Catering.png
State Institute of Hotel Management ,Orissa,Hotel-management,"1,10,400","40,000",--,--,--,--,--,--,--,/images/State_Institute_of_Hotel_Management.png
Utkal University of Culture ,Orissa,Hotel-management,--,--,8.1,8,7.6,8.2,8.2,8.3,8.2,/images/Utkal_University_of_Culture.png
DRIEMS School of Hotel Management ,Orissa,Hotel-management,"47,500","60,000",--,--,--,--,--,--,--,/images/DRIEMS_School_of_Hotel_Management.png
Trytoon Academy ,Orissa,Hotel-management,"65,000","1,10,000",8.8,--,--,--,--,--,--,/images/Trytoon_Academy.png
"BIITM School of Hotel Management, Bhubaneswar ",Orissa,Hotel-management,"60,000","60,000",--,--,--,--,--,--,--,"/images/BIITM_School_of_Hotel_Management,_Bhubaneswar.png"
"IMB School of Hospitality, Bhubaneswar ",Orissa,Hotel-management,"50,000","60,000",--,--,--,--,--,--,--,"/images/IMB_School_of_Hospitality,_Bhubaneswar.png"
Swosti Institute of Management and Social Studies ,Orissa,Hotel-management,"65,000","54,000",--,--,--,--,--,--,--,/images/Swosti_Institute_of_Management_and_Social_Studies.png
Institute of Hotel Management Catering Technology & ,Uttarakhand,Hotel-management,"80,000","1,23,101",8.7,8.8,8.8,8.8,8.3,8.7,8.8,/images/Institute_of_Hotel_Management_Catering_Technology_&.png
"Amrapali Institute of Hotel Management, Haldwani ",Uttarakhand,Hotel-management,"90,000","55,000",7.1,8.3,5.9,7.1,8.2,6.9,6.1,"/images/Amrapali_Institute_of_Hotel_Management,_Haldwani.png"
IMS Unison University ,Uttarakhand,Hotel-management,"97,838","1,49,050",8.2,8.2,8,8.5,8.5,7.5,8.2,/images/IMS_Unison_University.png
"Institute of Media Management , Technology & ",Uttarakhand,Hotel-management,"70,000","50,000",--,--,--,--,--,--,--,"/images/Institute_of_Media_Management_,_Technology_&.png"
"Amazon Institute of Hotel Tourism and Management, ",Uttarakhand,Hotel-management,"2,40,000","1,50,000",--,--,--,--,--,--,--,"/images/Amazon_Institute_of_Hotel_Tourism_and_Management,.png"
Doon Post Graduate College of Agriculture Science ,Uttarakhand,Hotel-management,"60,000",--,6.7,7.5,6.4,7.6,7,4.9,6.8,/images/Doon_Post_Graduate_College_of_Agriculture_Science.png
"Uttaranchal University, Dehradun ",Uttarakhand,Hotel-management,"1,15,200","70,200",7.5,7.8,6.8,7.7,8.6,6.5,7.5,"/images/Uttaranchal_University,_Dehradun.png"
Graphic Era University ,Uttarakhand,Hotel-management,"1,44,500","85,000",8.3,8.2,7.9,8.4,8.6,8.1,8.4,/images/Graphic_Era_University.png
Himgiri Zee University ,Uttarakhand,Hotel-management,"60,000","1,40,000",7.9,8.5,5.5,9,8,7.7,8.8,/images/Himgiri_Zee_University.png
Institute of Technology and Management ,Uttarakhand,Hotel-management,"55,000","62,500",7.4,7.8,7.5,7.8,5.6,8,7.8,/images/Institute_of_Technology_and_Management.png
BFIT Group of Institutions ,Uttarakhand,Hotel-management,"59,500","30,000",7.5,7.7,7.1,7.7,7.6,7.1,8,/images/BFIT_Group_of_Institutions.png
Sardar Bhagwan Singh University ,Uttarakhand,Hotel-management,"68,000",--,8.7,8.7,8.3,9.3,9,8.3,8.7,/images/Sardar_Bhagwan_Singh_University.png
"Maya Group of Colleges, Dehradun ",Uttarakhand,Hotel-management,"85,800","80,800",7.3,6.8,7.2,8.3,7.2,6.7,7.3,"/images/Maya_Group_of_Colleges,_Dehradun.png"
Amrapali Group of Institutes ,Uttarakhand,Hotel-management,"90,000","55,000",7.8,7.8,7.5,8.2,7.5,7.8,8.1,/images/Amrapali_Group_of_Institutes.png
HEC Group of Institutions ,Uttarakhand,Hotel-management,"36,000",--,9,9,9,9,9,9,9,/images/HEC_Group_of_Institutions.png
GRD Institute of Management and Technology ,Uttarakhand,Hotel-management,"57,000","30,000",6.6,7.1,6,7.1,6.8,5.2,7.2,/images/GRD_Institute_of_Management_and_Technology.png
Shree Dev Bhoomi Institute of Education Science ,Uttarakhand,Hotel-management,"55,000",--,7.3,7.7,7.3,8,7.3,5.3,8,/images/Shree_Dev_Bhoomi_Institute_of_Education_Science.png
"PAL College of Technology and Management, Haldwani ",Uttarakhand,Hotel-management,"76,000",--,8.2,8.3,8.3,8.2,8.3,7.7,8.3,"/images/PAL_College_of_Technology_and_Management,_Haldwani.png"
Alpine Institute of Management & Technology ,Uttarakhand,Hotel-management,"40,000",--,7.2,7.2,7.3,7.8,7.2,6.2,7.3,/images/Alpine_Institute_of_Management_&_Technology.png
Dev Bhoomi Institute of Management Studies ,Uttarakhand,Hotel-management,"76,700",--,9,9,--,--,9,9,--,/images/Dev_Bhoomi_Institute_of_Management_Studies.png
Imperial Institute of Management and Technology ,Uttarakhand,Hotel-management,"51,570","42,570",--,--,--,--,--,--,--,/images/Imperial_Institute_of_Management_and_Technology.png
Maya Institute of Technology & Management ,Uttarakhand,Hotel-management,"85,800","80,800",6.9,8.6,3.7,9.3,7.6,5.5,6.5,/images/Maya_Institute_of_Technology_&_Management.png
Swami Vivekanand Institute of Management ,Uttarakhand,Hotel-management,--,--,9.2,8,--,--,--,--,--,/images/Swami_Vivekanand_Institute_of_Management.png
Tata Institute of Social Sciences ,Uttarakhand,Hotel-management,"29,600",--,--,--,--,--,--,--,--,/images/Tata_Institute_of_Social_Sciences.png
Amrapali Institute of Applied Sciences ,Uttarakhand,Hotel-management,"55,000","16,000",7.7,7,7.3,8.3,8,7,8.3,/images/Amrapali_Institute_of_Applied_Sciences.png
"DBS PG College, Dehradun ",Uttarakhand,Hotel-management,--,--,6.9,7.8,6,8.8,5.8,4.4,8.4,"/images/DBS_PG_College,_Dehradun.png"
Tamil Nadu Agricultural University ,Tamil nadu,Agriculture,"48,125","21,100",7.9,8.6,8,8,8.8,6.6,7.5,/images/Tamil_Nadu_Agricultural_University.png
Anbil Dharmalingam Agricultural College and Research Institute ,Tamil nadu,Agriculture,"63,850","70,825",9,--,--,--,--,--,--,/images/Anbil_Dharmalingam_Agricultural_College_and_Research_Institute.png
Veterinary College and Research Institute ,Tamil nadu,Agriculture,"33,325",--,7.7,8,7,8,8,8.3,7,/images/Veterinary_College_and_Research_Institute.png
"Vanavarayar Institute of Agriculture, Pollachi ",Tamil nadu,Agriculture,"23,538",--,6.9,7.5,5.8,7.7,8,5.3,7,"/images/Vanavarayar_Institute_of_Agriculture,_Pollachi.png"
Tamil Nadu Veterinary and Animal Sciences University ,Tamil nadu,Agriculture,"33,325","33,325",8.3,8.4,8,8.4,8.2,8.2,8.4,/images/Tamil_Nadu_Veterinary_and_Animal_Sciences_University.png
Horticultural College and Research Institute ,Tamil nadu,Agriculture,"57,150","60,630",5.7,7.3,5.3,6,5,5,5.3,/images/Horticultural_College_and_Research_Institute.png
Shrimathi Devkunvar Nanalal Bhatt Vaishnav College for ,Tamil nadu,Agriculture,"1,446",--,8.6,9,8,8.7,9.5,7.9,8.4,/images/Shrimathi_Devkunvar_Nanalal_Bhatt_Vaishnav_College_for.png
Thanthai Roever Institute of Agriculture and Rural ,Tamil nadu,Agriculture,"40,000",--,--,--,--,--,--,--,--,/images/Thanthai_Roever_Institute_of_Agriculture_and_Rural.png
Central Marine Fisheries Research Institute ,Tamil nadu,Agriculture,--,--,7.6,8,7,7.5,8,7.5,7.5,/images/Central_Marine_Fisheries_Research_Institute.png
Agricultural College and Research Institute ,Tamil nadu,Agriculture,"56,792","80,416",8,8.5,7,8.5,7.5,8,8.3,/images/Agricultural_College_and_Research_Institute.png
Forest College and Research Institute ,Tamil nadu,Agriculture,"40,000",--,8.2,8.7,7.7,7.3,8.7,8,8.7,/images/Forest_College_and_Research_Institute.png
Agricultural College and Research Institute ,Tamil nadu,Agriculture,"50,225",--,7.9,8.4,7.4,8.9,7.6,6.9,8,/images/Agricultural_College_and_Research_Institute.png
"Loyola College, Chennai ",Tamil nadu,Agriculture,--,--,8.6,8.7,8.2,8.3,8.9,8.4,8.8,"/images/Loyola_College,_Chennai.png"
Vellore Institute of Technology ,Tamil nadu,Agriculture,"99,000",--,8.3,8.3,8,7.8,8.9,8.5,8.5,/images/Vellore_Institute_of_Technology.png
SRM Institute of Technology ,Tamil nadu,Agriculture,"3,10,000",--,8,8,7.1,7.6,8.7,8.2,8.6,/images/SRM_Institute_of_Technology.png
"Thiagarajar College, Madurai ",Tamil nadu,Agriculture,--,--,7.5,7.9,7.1,8,7.1,7.2,7.9,"/images/Thiagarajar_College,_Madurai.png"
Annamalai University ,Tamil nadu,Agriculture,"37,050","34,630",7.4,8.1,6.7,8,7.9,6.5,7.2,/images/Annamalai_University.png
Bishop Heber College ,Tamil nadu,Agriculture,--,--,8.3,8.5,7.8,8.2,8.9,8.1,8.4,/images/Bishop_Heber_College.png
"Kongunadu Arts and Science College, Coimbatore ",Tamil nadu,Agriculture,--,--,7.3,8,6.7,8.3,7.3,6.3,7,"/images/Kongunadu_Arts_and_Science_College,_Coimbatore.png"
Jamal Mohamed College ,Tamil nadu,Agriculture,"1,500",--,8.5,8.8,8.1,8.5,8.6,8.4,8.6,/images/Jamal_Mohamed_College.png
Dr. N.G.P. Arts and Science College ,Tamil nadu,Agriculture,--,--,7.6,7.8,7.1,7.5,8.4,7.7,7,/images/Dr._N.G.P._Arts_and_Science_College.png
"Kalasalingam Academy of Research and Education, Krishnankovil ",Tamil nadu,Agriculture,"1,40,600",--,7.7,8,7.4,7.9,8.3,7,7.6,"/images/Kalasalingam_Academy_of_Research_and_Education,_Krishnankovil.png"
"Lady Doak College, Madurai ",Tamil nadu,Agriculture,"20,000",--,8.4,9.1,7.2,8.7,8.6,8.4,8.2,"/images/Lady_Doak_College,_Madurai.png"
Karunya Institute of Technology and Sciences ,Tamil nadu,Agriculture,"41,000","2,13,500",7.9,7.9,7.9,7.9,8.5,7.5,7.4,/images/Karunya_Institute_of_Technology_and_Sciences.png
"Holy Cross College (Autonomous), Tiruchirappalli ",Tamil nadu,Agriculture,"9,775",--,8.7,9.3,8.4,9,9.1,7.9,8.7,"/images/Holy_Cross_College_(Autonomous),_Tiruchirappalli.png"
Ponnaiyah Ramajayam Institute of Science and Technology ,Tamil nadu,Agriculture,"2,00,000",--,6.5,6.8,6.4,6.9,7,5.4,6.3,/images/Ponnaiyah_Ramajayam_Institute_of_Science_and_Technology.png
"Dr. M.G.R. Educational and Research Institute, Chennai ",Tamil nadu,Agriculture,--,--,7.4,7.6,7.4,7.1,7.8,6.8,7.5,"/images/Dr._M.G.R._Educational_and_Research_Institute,_Chennai.png"
"Alagappa University, Karaikudi ",Tamil nadu,Agriculture,"10,500",--,8.5,8.9,7.9,8.9,8.4,8.2,8.4,"/images/Alagappa_University,_Karaikudi.png"
Empee Institute of Hotel Management and Catering ,Tamil nadu,Agriculture,--,--,8.8,8,--,--,--,--,--,/images/Empee_Institute_of_Hotel_Management_and_Catering.png
Bharathiar University ,Tamil nadu,Agriculture,--,--,7.8,8,7.6,8.1,7.7,7.5,7.9,/images/Bharathiar_University.png
Mahatma Phule Krishi Vidyapeeth ,Maharashtra,Agriculture,"19,100",--,8.3,8.1,8,8.6,8.7,7.9,8.4,/images/Mahatma_Phule_Krishi_Vidyapeeth.png
Central Institute of Fisheries Education ,Maharashtra,Agriculture,"16,700",--,8.9,9,9.7,8.5,9.7,8.2,8.4,/images/Central_Institute_of_Fisheries_Education.png
Mumbai University ,Maharashtra,Agriculture,"11,700",--,7.2,7.6,6.5,7.9,7.4,6.6,7,/images/Mumbai_University.png
Dr DY Patil College of Agriculture Business ,Maharashtra,Agriculture,"57,000",--,7.2,7.9,7,7.4,8.6,5.8,6.5,/images/Dr_DY_Patil_College_of_Agriculture_Business.png
"Yashwantrao Chavan Maharashtra Open University- [YCMOU], Nashik ",Maharashtra,Agriculture,"6,000","6,000",7.4,8.5,6.3,7.6,7.9,7.5,6.4,"/images/Yashwantrao_Chavan_Maharashtra_Open_University-_[YCMOU],_Nashik.png"
"Anand Niketan College of Agriculture, Chandrapur ",Maharashtra,Agriculture,"13,150",--,10,--,--,--,--,--,--,"/images/Anand_Niketan_College_of_Agriculture,_Chandrapur.png"
Dr Balasaheb Sawant Konkan Krishi Vidyapeeth ,Maharashtra,Agriculture,"24,050","19,100",8.4,9,8,8.5,8.9,7.5,8.3,/images/Dr_Balasaheb_Sawant_Konkan_Krishi_Vidyapeeth.png
"KK Wagh College of Agriculture, Nashik ",Maharashtra,Agriculture,"94,000",--,7.5,8,6.1,7.9,8.7,7.1,7.1,"/images/KK_Wagh_College_of_Agriculture,_Nashik.png"
Loknete Mohanrao Kadam College of Agriculture ,Maharashtra,Agriculture,"75,000",--,7.3,8,6,8,8,7,7,/images/Loknete_Mohanrao_Kadam_College_of_Agriculture.png
"Ramkrishna Bajaj College of Agriculture, Wardha ",Maharashtra,Agriculture,"40,070",--,6.7,8.6,6,8.3,6.6,5.8,5,"/images/Ramkrishna_Bajaj_College_of_Agriculture,_Wardha.png"
Vasantrao Naik Marathwada Krishi Vidyapeeth ,Maharashtra,Agriculture,"18,850","46,300",8,8.7,7.6,8.2,8.4,7.2,7.9,/images/Vasantrao_Naik_Marathwada_Krishi_Vidyapeeth.png
"Vivekanand College of Agriculture, Buldhana ",Maharashtra,Agriculture,"65,000",--,7.3,--,--,--,--,--,--,"/images/Vivekanand_College_of_Agriculture,_Buldhana.png"
Bharati Vidyapeeth Deemed University ,Maharashtra,Agriculture,--,--,7.8,8.1,6.8,7.9,8.1,7.7,8.2,/images/Bharati_Vidyapeeth_Deemed_University.png
Shivaji University ,Maharashtra,Agriculture,--,--,7.6,7.9,7.2,8.1,8.1,6.3,8,/images/Shivaji_University.png
Bombay Veterinary College ,Maharashtra,Agriculture,"20,300",--,7.1,7.6,6.6,7.7,6.3,6.4,8.1,/images/Bombay_Veterinary_College.png
National Research Centre For Citrus ,Maharashtra,Agriculture,--,--,--,--,--,--,--,--,--,/images/National_Research_Centre_For_Citrus.png
Shreemati Nathibai Damodar Thackersey Women's University ,Maharashtra,Agriculture,"10,550",--,7.6,8.2,6.9,8,7.8,7,7.7,/images/Shreemati_Nathibai_Damodar_Thackersey_Women's_University.png
"College of Agriculture, Pune ",Maharashtra,Agriculture,"79,000",--,8.2,8.9,7.9,7.9,8.5,7.6,8.3,"/images/College_of_Agriculture,_Pune.png"
Dr. Panjabrao Deshmukh Krishi Vidyapeeth ,Maharashtra,Agriculture,"25,120","19,100",8.9,9.3,9,9,9.5,8.1,8.6,/images/Dr._Panjabrao_Deshmukh_Krishi_Vidyapeeth.png
"College of Agricultural Biotechnology, Pune ",Maharashtra,Agriculture,--,--,7.9,8.6,7.1,8.1,8.1,6.9,8.8,"/images/College_of_Agricultural_Biotechnology,_Pune.png"
Ramniranjan Jhunjhunwala College ,Maharashtra,Agriculture,"43,015",--,8,8.8,5.9,9.1,7.9,8,8.4,/images/Ramniranjan_Jhunjhunwala_College.png
"Ramnarain Ruia Autonomous College, Mumbai ",Maharashtra,Agriculture,--,--,7.9,8.4,7,8,8.4,6.6,8.9,"/images/Ramnarain_Ruia_Autonomous_College,_Mumbai.png"
Savitribai Phule Pune University ,Maharashtra,Agriculture,--,--,7.6,8.1,7.1,7.9,7.9,6.8,7.5,/images/Savitribai_Phule_Pune_University.png
"Elphinstone College, Mumbai ",Maharashtra,Agriculture,--,--,7.5,8.1,6.8,7.9,7.9,6.5,8,"/images/Elphinstone_College,_Mumbai.png"
Rashtrasant Tukadoji Maharaj Nagpur University ,Maharashtra,Agriculture,"27,030",--,7.5,8,7.2,7.7,7.9,6.9,7.4,/images/Rashtrasant_Tukadoji_Maharaj_Nagpur_University.png
Tata Institute of Social Sciences ,Maharashtra,Agriculture,"86,630",--,8.6,9,8.1,8.9,8.6,8.4,8.6,/images/Tata_Institute_of_Social_Sciences.png
SVKM's Narsee Monjee Institute of Management Studies ,Maharashtra,Agriculture,"1,02,000",--,8.2,8.3,8.4,8.1,8.8,7.4,8.1,/images/SVKM's_Narsee_Monjee_Institute_of_Management_Studies.png
"Ecole Hoteliere Lavasa, Pune ",Maharashtra,Agriculture,"9,00,000",--,3.7,--,--,5,--,5,1,"/images/Ecole_Hoteliere_Lavasa,_Pune.png"
Nagpur Veterinary College ,Maharashtra,Agriculture,"3,725",--,8.6,8.6,9,8.6,8.4,8,8.8,/images/Nagpur_Veterinary_College.png
Garware Institute of Career Education and Development ,Maharashtra,Agriculture,"59,100",--,7.1,6.8,6.3,7.7,7,7.7,7.2,/images/Garware_Institute_of_Career_Education_and_Development.png
Indian Veterinary Research Institute ,Uttar pradesh,Agriculture,"15,550","15,900",8.9,8.4,9.4,8.7,9.3,8.7,8.8,/images/Indian_Veterinary_Research_Institute.png
Sam Higginbottom University of Agriculture Technology and ,Uttar pradesh,Agriculture,"1,17,000","1,17,000",7.2,7.6,6.6,7.5,7.5,6,7.9,/images/Sam_Higginbottom_University_of_Agriculture_Technology_and.png
National Bureau of Fish Genetic Resources ,Uttar pradesh,Agriculture,--,--,8.1,7.5,8,8.5,8,8.5,8,/images/National_Bureau_of_Fish_Genetic_Resources.png
Central Institute for Subtropical Horticulture ,Uttar pradesh,Agriculture,--,--,--,--,--,--,--,--,--,/images/Central_Institute_for_Subtropical_Horticulture.png
Baba Saheb Dr Bhim Rao Ambedkar College ,Uttar pradesh,Agriculture,--,--,5.5,6,5,6,6.2,4.2,5.7,/images/Baba_Saheb_Dr_Bhim_Rao_Ambedkar_College.png
Sardar Vallabh Bhai Patel University of Agriculture ,Uttar pradesh,Agriculture,"53,000","72,000",5.5,6.3,6,4.5,7.3,4.3,4.7,/images/Sardar_Vallabh_Bhai_Patel_University_of_Agriculture.png
"Chandra Bhanu Gupt Krishi Mahavidyala, Lucknow ",Uttar pradesh,Agriculture,--,--,7.7,8.5,7.7,8.3,7.7,6.7,7.5,"/images/Chandra_Bhanu_Gupt_Krishi_Mahavidyala,_Lucknow.png"
Amity Institute of Organic Agriculture ,Uttar pradesh,Agriculture,"1,10,000","1,00,000",8.5,8.4,8.4,8.8,9.4,7.4,8.8,/images/Amity_Institute_of_Organic_Agriculture.png
Chandra Shekhar Azad University of Agriculture and ,Uttar pradesh,Agriculture,"46,650","63,650",8.3,8.8,8,8.7,8.1,8,7.9,/images/Chandra_Shekhar_Azad_University_of_Agriculture_and.png
"Kisan Post Graduate College, Ghaziabad ",Uttar pradesh,Agriculture,--,--,--,--,--,--,--,--,--,"/images/Kisan_Post_Graduate_College,_Ghaziabad.png"
Banaras Hindu University ,Uttar pradesh,Agriculture,"4,070","6,262",8.3,8.7,8.1,8.4,8.8,7.2,8.6,/images/Banaras_Hindu_University.png
Amity School of Natural Resources and Sustainable ,Uttar pradesh,Agriculture,"94,000",--,--,--,--,--,--,--,--,/images/Amity_School_of_Natural_Resources_and_Sustainable.png
Deen Dayal Upadhyaya Gorakhpur University ,Uttar pradesh,Agriculture,"2,613","2,592",6.8,7.7,6.1,7.4,7.5,5,7,/images/Deen_Dayal_Upadhyaya_Gorakhpur_University.png
Narendra Deva University of Agriculture and Technology ,Uttar pradesh,Agriculture,"47,000","64,000",7.1,7.4,7.1,7.9,7.1,6.2,7,/images/Narendra_Deva_University_of_Agriculture_and_Technology.png
"Indian Grassland and Fodder Research Institute-[IGFRI], Jhansi ",Uttar pradesh,Agriculture,--,--,--,--,--,--,--,--,--,"/images/Indian_Grassland_and_Fodder_Research_Institute-[IGFRI],_Jhansi.png"
Indian Institute of Pulses Research ,Uttar pradesh,Agriculture,--,--,8.6,9.3,8.3,8.8,8.7,8.3,8.3,/images/Indian_Institute_of_Pulses_Research.png
Central Institute of Medicinal and Aromatic Plants ,Uttar pradesh,Agriculture,--,--,8.3,--,--,8.6,--,8.2,8,/images/Central_Institute_of_Medicinal_and_Aromatic_Plants.png
Imperial School of Agri Business ,Uttar pradesh,Agriculture,"81,700",--,--,--,--,--,--,--,--,/images/Imperial_School_of_Agri_Business.png
Aligarh Muslim University ,Uttar pradesh,Agriculture,"1,36,320",--,8.3,8.8,7.9,8.5,8.8,7.2,8.6,/images/Aligarh_Muslim_University.png
"Amity University, Noida ",Uttar pradesh,Agriculture,"95,000","1,02,000",8.2,8,7.9,8.1,8.9,7.6,8.7,"/images/Amity_University,_Noida.png"
"Amity University, Lucknow ",Uttar pradesh,Agriculture,"42,000",--,8.1,8,7.6,8.1,8.8,7.1,8.8,"/images/Amity_University,_Lucknow.png"
Chaudhary Charan Singh University ,Uttar pradesh,Agriculture,"43,005","4,795",6.4,6.6,6.1,7.3,6.6,4.9,6.6,/images/Chaudhary_Charan_Singh_University.png
"National Post Graduate College, Lucknow ",Uttar pradesh,Agriculture,--,--,7.6,8.6,7.4,8.5,7.6,6.8,6.7,"/images/National_Post_Graduate_College,_Lucknow.png"
Teerthanker Mahaveer University ,Uttar pradesh,Agriculture,"80,700",--,8.1,8.3,7.6,8.2,8.7,7.3,8.3,/images/Teerthanker_Mahaveer_University.png
Mangalayatan University ,Uttar pradesh,Agriculture,"32,500","50,000",7.9,7.8,7.8,8.2,8.4,7.1,8.1,/images/Mangalayatan_University.png
"Udai Pratap College, Varanasi ",Uttar pradesh,Agriculture,"5,586","6,422",7.4,8.1,6.6,8.8,7.3,6.6,7,"/images/Udai_Pratap_College,_Varanasi.png"
Chhatrapati Shahu Ji Maharaj University ,Uttar pradesh,Agriculture,"24,000",--,7.1,7.2,6.6,7.5,8,5.8,7.7,/images/Chhatrapati_Shahu_Ji_Maharaj_University.png
J.S. University ,Uttar pradesh,Agriculture,"33,500","10,500",8.5,8.5,7.8,8.7,9,8.2,8.6,/images/J.S._University.png
"Monad University, Hapur ",Uttar pradesh,Agriculture,"24,500","29,000",8,7.6,7.4,8.5,8,8.2,8.1,"/images/Monad_University,_Hapur.png"
Sharda University ,Uttar pradesh,Agriculture,"1,13,300","1,03,000",7.9,7.7,7.6,7.9,8.6,6.9,8.6,/images/Sharda_University.png
Indian Agricultural Research Institute ,Delhi ncr,Agriculture,"43,150","29,250",8.8,9.2,9.6,8.6,9.4,8.1,8.1,/images/Indian_Agricultural_Research_Institute.png
Indian Agricultural Statistics Research Institute ,Delhi ncr,Agriculture,"8,500","7,550",7.8,8,7.5,7.5,8,8,7.5,/images/Indian_Agricultural_Statistics_Research_Institute.png
National Dairy Research Institute ,Delhi ncr,Agriculture,"15,200","17,800",9,8.8,8.7,9.1,9.4,9.1,8.9,/images/National_Dairy_Research_Institute.png
"Jamia Millia Islamia University-[JMI], New Delhi ",Delhi ncr,Agriculture,"9,850","13,870",8,8.4,7.6,8.3,8.4,7.2,8.2,"/images/Jamia_Millia_Islamia_University-[JMI],_New_Delhi.png"
Sardar Vallabh Bhai Patel University of Agriculture ,Delhi ncr,Agriculture,"53,000","72,000",5.5,6.3,6,4.5,7.3,4.3,4.7,/images/Sardar_Vallabh_Bhai_Patel_University_of_Agriculture.png
Indira Gandhi National Open University ,Delhi ncr,Agriculture,"4,200","12,700",7.1,7.7,5.7,8.1,7.3,6.3,7.3,/images/Indira_Gandhi_National_Open_University.png
Amity Institute of Organic Agriculture ,Delhi ncr,Agriculture,"1,10,000","1,00,000",8.5,8.4,8.4,8.8,9.4,7.4,8.8,/images/Amity_Institute_of_Organic_Agriculture.png
"Kisan Post Graduate College, Ghaziabad ",Delhi ncr,Agriculture,--,--,--,--,--,--,--,--,--,"/images/Kisan_Post_Graduate_College,_Ghaziabad.png"
Amity School of Natural Resources and Sustainable ,Delhi ncr,Agriculture,"94,000",--,--,--,--,--,--,--,--,/images/Amity_School_of_Natural_Resources_and_Sustainable.png
TERI School of Advanced Studies ,Delhi ncr,Agriculture,"2,30,000","66,000",7.4,7.4,6.7,7.5,7.7,7.6,7.3,/images/TERI_School_of_Advanced_Studies.png
Imperial School of Agri Business ,Delhi ncr,Agriculture,"81,700",--,--,--,--,--,--,--,--,/images/Imperial_School_of_Agri_Business.png
Maharshi Dayanand University ,Delhi ncr,Agriculture,"11,315","3,084",7.8,8,7.7,8,8.4,6.6,8,/images/Maharshi_Dayanand_University.png
"Amity University, Noida ",Delhi ncr,Agriculture,"95,000","1,02,000",8.2,8,7.9,8.1,8.9,7.6,8.7,"/images/Amity_University,_Noida.png"
Chaudhary Charan Singh University ,Delhi ncr,Agriculture,"43,005","4,795",6.4,6.6,6.1,7.3,6.6,4.9,6.6,/images/Chaudhary_Charan_Singh_University.png
"SRM University Delhi NCR, Sonepat ",Delhi ncr,Agriculture,"1,86,000",--,7.8,8,7.5,7.9,8.1,7.6,7.9,"/images/SRM_University_Delhi_NCR,_Sonepat.png"
"Monad University, Hapur ",Delhi ncr,Agriculture,"24,500","29,000",8,7.6,7.4,8.5,8,8.2,8.1,"/images/Monad_University,_Hapur.png"
Sharda University ,Delhi ncr,Agriculture,"1,13,300","1,03,000",7.9,7.7,7.6,7.9,8.6,6.9,8.6,/images/Sharda_University.png
Galgotias University ,Delhi ncr,Agriculture,"60,000","60,000",7.6,7.9,6.9,7.9,7.5,7.7,7.8,/images/Galgotias_University.png
"Starex University, Gurgaon ",Delhi ncr,Agriculture,"70,000","25,000",8.8,9.1,9.1,8.7,8.6,8.5,8.7,"/images/Starex_University,_Gurgaon.png"
SunRise University ,Delhi ncr,Agriculture,"69,200","32,200",8.1,8.1,7.3,8.7,8.1,7.9,8.4,/images/SunRise_University.png
"Shobhit University, Meerut ",Delhi ncr,Agriculture,"1,22,400","56,200",7.8,8.4,7.3,7.8,8.3,7,7.9,"/images/Shobhit_University,_Meerut.png"
Modern Vidya Niketan ,Delhi ncr,Agriculture,"95,000","1,05,000",7,7.2,6.4,7.7,7,6.8,6.8,/images/Modern_Vidya_Niketan.png
Noida International University ,Delhi ncr,Agriculture,"68,000",--,7,7,6.9,7.5,7.3,6.3,6.7,/images/Noida_International_University.png
"KR Mangalam University, Gurgaon ",Delhi ncr,Agriculture,"1,20,000",--,7.7,8.1,7.5,7.3,8.6,7.2,7.4,"/images/KR_Mangalam_University,_Gurgaon.png"
"Amity University, Greater Noida ",Delhi ncr,Agriculture,"1,20,000",--,8.1,8.2,7.7,7.9,8.6,8.2,8.1,"/images/Amity_University,_Greater_Noida.png"
IIMT University ,Delhi ncr,Agriculture,"64,000","52,000",7.4,7.4,7.3,7.6,7.5,7.2,7.1,/images/IIMT_University.png
G D Goenka University ,Delhi ncr,Agriculture,"1,55,000","1,29,000",8.2,7.7,8.3,8.3,8.9,7.6,8.4,/images/G_D_Goenka_University.png
"Maharishi University of Information Technology -[MUIT], Noida ",Delhi ncr,Agriculture,--,--,6.8,7,6.1,7.3,6.8,6.9,6.8,"/images/Maharishi_University_of_Information_Technology_-[MUIT],_Noida.png"
Meerut Institute of Technology ,Delhi ncr,Agriculture,"48,000",--,7.9,8.1,6.1,8.8,7.2,8.6,8.5,/images/Meerut_Institute_of_Technology.png
Vishveshwarya Group of Institutions ,Delhi ncr,Agriculture,"61,200",--,6.3,6.8,6.1,6,7.1,5.8,6.1,/images/Vishveshwarya_Group_of_Institutions.png
Acharya NG Ranga Agricultural University ,Andhra pradesh,Agriculture,"26,700","29,830",8.4,8.8,8.1,9.4,8.2,7,8.6,/images/Acharya_NG_Ranga_Agricultural_University.png
Sri Venkateswara Veterinary University ,Andhra pradesh,Agriculture,"6,210","42,195",8.2,8.7,8,8.5,7.8,7.8,8.4,/images/Sri_Venkateswara_Veterinary_University.png
"Dr. Y.S.R Horticultural University, Tadepalligudem ",Andhra pradesh,Agriculture,"56,928","68,988",8.2,9,8.3,8.3,8.5,6.9,8.1,"/images/Dr._Y.S.R_Horticultural_University,_Tadepalligudem.png"
S. V. Agricultural College ,Andhra pradesh,Agriculture,"14,400","10,920",8.6,8.8,8.5,8.8,8.5,8.3,8.4,/images/S._V._Agricultural_College.png
Andhra Loyola College ,Andhra pradesh,Agriculture,--,--,8,8.5,7.4,8.5,8.6,7,8.2,/images/Andhra_Loyola_College.png
K L University ,Andhra pradesh,Agriculture,"2,05,000",--,8.3,8.5,7.6,8.3,8.8,8.3,8.2,/images/K_L_University.png
Acharya Nagarjuna University ,Andhra pradesh,Agriculture,--,--,7.3,7.7,7,7.2,8,5.7,8.2,/images/Acharya_Nagarjuna_University.png
Centurion University of Technology and Management ,Andhra pradesh,Agriculture,"60,000",--,7.8,8,7.2,8.3,7.6,7.4,8.3,/images/Centurion_University_of_Technology_and_Management.png
"Andhra University, College of Science & Technology, ",Andhra pradesh,Agriculture,--,--,8,8.6,6.4,8.8,8.3,7.1,8.7,"/images/Andhra_University,_College_of_Science_&_Technology,.png"
"Acharya N. G. Ranga Agricultural University, College ",Andhra pradesh,Agriculture,"23,550","27,800",6.2,6.7,7,5.5,6.7,5.3,6,"/images/Acharya_N._G._Ranga_Agricultural_University,_College.png"
"Besant Theosophical College, Madanapalle ",Andhra pradesh,Agriculture,--,--,8.3,8.5,8.5,8.5,8,8,8.5,"/images/Besant_Theosophical_College,_Madanapalle.png"
Dantuluri Narayana Raju college ,Andhra pradesh,Agriculture,--,--,8.5,8.5,8.3,8.7,9.2,6.7,9.3,/images/Dantuluri_Narayana_Raju_college.png
"Jawahar Bharati Degree & P.G College, Nellore ",Andhra pradesh,Agriculture,--,--,8.8,9.5,9,--,--,--,--,"/images/Jawahar_Bharati_Degree_&_P.G_College,_Nellore.png"
"Maharajah's College, Vizianagaram ",Andhra pradesh,Agriculture,"23,400",--,7,8,7,7,6,7,7,"/images/Maharajah's_College,_Vizianagaram.png"
"Osmania College, Kurnool ",Andhra pradesh,Agriculture,--,--,9.7,--,--,--,--,--,--,"/images/Osmania_College,_Kurnool.png"
"Sri Durga Malleswari Siddhartha Mahila Kalasala- [SDMSM], ",Andhra pradesh,Agriculture,--,--,7.1,7.2,6.8,6.5,7.8,6.6,7.5,"/images/Sri_Durga_Malleswari_Siddhartha_Mahila_Kalasala-_[SDMSM],.png"
"Visakha Government Degree College for Women, Visakhapatnam ",Andhra pradesh,Agriculture,"10,850",--,--,--,--,--,--,--,--,"/images/Visakha_Government_Degree_College_for_Women,_Visakhapatnam.png"
"Acharya NG Ranga Agricultural University, Agricultural College ",Andhra pradesh,Agriculture,"26,700","27,640",7.7,8.7,7.7,8.4,7,6.7,7.8,"/images/Acharya_NG_Ranga_Agricultural_University,_Agricultural_College.png"
Sri Padmavati Mahila Visvavidyalayam ,Andhra pradesh,Agriculture,"16,650",--,7.6,8.3,7.4,7.8,7.5,6.2,8.1,/images/Sri_Padmavati_Mahila_Visvavidyalayam.png
"Hindu College, Guntur ",Andhra pradesh,Agriculture,"5,610",--,7.7,8,7,9,8,7.5,6.7,"/images/Hindu_College,_Guntur.png"
Andhra University ,Andhra pradesh,Agriculture,"1,22,000",--,7.9,8.3,7.1,8.3,7.9,7.4,8.1,/images/Andhra_University.png
Sri Krishnadevaraya University ,Andhra pradesh,Agriculture,--,--,6.9,6.9,6.6,7.4,6.7,6.4,7.2,/images/Sri_Krishnadevaraya_University.png
"College of Veterinary Science, Tirupati ",Andhra pradesh,Agriculture,"22,410","42,195",8.3,8.5,8.3,9,9,8,6.8,"/images/College_of_Veterinary_Science,_Tirupati.png"
"Maris Stella College, Vijayawada ",Andhra pradesh,Agriculture,--,--,8.3,8.6,7.8,8.5,8.4,8.1,8.4,"/images/Maris_Stella_College,_Vijayawada.png"
Indus Institute of Hotel Management ,Andhra pradesh,Agriculture,--,--,--,--,--,--,--,--,--,/images/Indus_Institute_of_Hotel_Management.png
"Government College (Autonomous), Rajahmundhry ",Andhra pradesh,Agriculture,--,--,9.4,9.5,9,9,--,--,--,"/images/Government_College_(Autonomous),_Rajahmundhry.png"
Bharatiya Engineering Science & Technology Innovation University ,Andhra pradesh,Agriculture,"1,25,000",--,--,--,--,--,--,--,--,/images/Bharatiya_Engineering_Science_&_Technology_Innovation_University.png
Indian Institute of Horticultural Research ,Karnataka,Agriculture,"8,850",--,8.5,8.7,8.3,8.8,8.7,8.3,8.2,/images/Indian_Institute_of_Horticultural_Research.png
"Karnataka Veterinary Animal and Fisheries Sciences University, ",Karnataka,Agriculture,"46,320","46,788",7.8,8,6,8.3,8,8.2,8.2,"/images/Karnataka_Veterinary_Animal_and_Fisheries_Sciences_University,.png"
Indian Institute of Plantation Management ,Karnataka,Agriculture,"35,000","75,000",7.4,7.3,6.9,8.3,6.6,7.3,7.9,/images/Indian_Institute_of_Plantation_Management.png
University of Agricultural Sciences ,Karnataka,Agriculture,"21,700","15,500",8.3,8.3,7.8,8.7,8.7,8.2,8.1,/images/University_of_Agricultural_Sciences.png
University of Horticultural Sciences ,Karnataka,Agriculture,"52,490","39,385",8.4,8.8,7.7,8.5,9,7.8,8.3,/images/University_of_Horticultural_Sciences.png
Rai Technology University ,Karnataka,Agriculture,"1,50,000",--,8.1,8.2,7.8,8.7,7.3,7.9,8.6,/images/Rai_Technology_University.png
University of Agricultural and Horticultural Sciences ,Karnataka,Agriculture,"22,000","21,475",7.2,7.8,7.1,7.4,7.8,5.9,7.4,/images/University_of_Agricultural_and_Horticultural_Sciences.png
University of Agricultural Sciences ,Karnataka,Agriculture,"18,900","27,000",8.1,8.4,7.8,8.6,8.7,7,8.3,/images/University_of_Agricultural_Sciences.png
BMS College for Women ,Karnataka,Agriculture,--,--,8,8.4,6.6,8.5,7.8,8.4,8.4,/images/BMS_College_for_Women.png
"JSS College of Arts, Commerce and Science ",Karnataka,Agriculture,"11,420",--,7.7,8.5,7.5,8.1,7.9,6.6,7.7,"/images/JSS_College_of_Arts,_Commerce_and_Science.png"
Sri Siddartha First Grade College ,Karnataka,Agriculture,--,--,8.7,--,--,--,--,--,--,/images/Sri_Siddartha_First_Grade_College.png
"College of Agriculture, Hassan ",Karnataka,Agriculture,--,--,7.5,7.9,7.2,8.1,7.5,5.9,8.3,"/images/College_of_Agriculture,_Hassan.png"
"College of Agriculture, Raichur ",Karnataka,Agriculture,--,--,8.7,8.4,8.6,8.7,9.1,7.9,9.4,"/images/College_of_Agriculture,_Raichur.png"
"MVJ Medical College and Research Hospital, Hoskote ",Karnataka,Agriculture,--,--,6.9,7.2,6.4,7.6,6.6,6.8,6.6,"/images/MVJ_Medical_College_and_Research_Hospital,_Hoskote.png"
"Yuvaraja's College, Mysore ",Karnataka,Agriculture,"21,150",--,7.3,8.1,6.3,7.9,7.7,6.3,7.7,"/images/Yuvaraja's_College,_Mysore.png"
Bangalore University ,Karnataka,Agriculture,--,--,7.3,7.6,7.1,7.8,6.6,7,7.7,/images/Bangalore_University.png
Karnatak University ,Karnataka,Agriculture,"4,640",--,7.2,8.3,6.2,7.8,7.9,5.7,7.3,/images/Karnatak_University.png
University of Mysore ,Karnataka,Agriculture,"20,800",--,7.2,8.5,5.8,7.7,7.9,4.7,8.3,/images/University_of_Mysore.png
University of Agricultural Sciences ,Karnataka,Agriculture,"21,475","28,925",7.9,8.8,7.5,7.9,8.7,6.2,8.2,/images/University_of_Agricultural_Sciences.png
"Karnataka Janapada Vishwavidyalaya, Haveri ",Karnataka,Agriculture,"2,500",--,--,--,--,--,--,--,--,"/images/Karnataka_Janapada_Vishwavidyalaya,_Haveri.png"
Karnataka State Akkamahadevi Women's University ,Karnataka,Agriculture,"1,000",--,7.9,7.9,7.8,8.4,8.1,7.1,8.2,/images/Karnataka_State_Akkamahadevi_Women's_University.png
"Bharathi College, Mandya ",Karnataka,Agriculture,--,--,6.6,5,5.5,8,8,6.5,6.5,"/images/Bharathi_College,_Mandya.png"
"Maharani's Science College for Women, Mysore ",Karnataka,Agriculture,--,--,7,7.5,6.2,7.7,6.7,6,7.7,"/images/Maharani's_Science_College_for_Women,_Mysore.png"
"University of Mysore, Institute of Development Studies ",Karnataka,Agriculture,"22,920",--,6.5,8,4,8.3,6,5.7,7,"/images/University_of_Mysore,_Institute_of_Development_Studies.png"
"Bengaluru Central University, Bangalore ",Karnataka,Agriculture,"5,082",--,8.6,8.6,8,8.8,8.4,8.4,9.3,"/images/Bengaluru_Central_University,_Bangalore.png"
College of Horticulture ,Karnataka,Agriculture,--,--,8.3,9,9,8.3,--,--,--,/images/College_of_Horticulture.png
National Institute of Agricultural Extension Management ,Telangana,Agriculture,"5,000",--,8.6,8.8,7.8,8.9,8.4,9,8.7,/images/National_Institute_of_Agricultural_Extension_Management.png
"Indian Institute of Oilseeds Research, Hyderabad ",Telangana,Agriculture,--,--,8.2,--,--,8.7,--,7.9,7.9,"/images/Indian_Institute_of_Oilseeds_Research,_Hyderabad.png"
Indian Institute of Rice Research ,Telangana,Agriculture,"6,000",--,8.7,9,9,8.7,9,8,8.2,/images/Indian_Institute_of_Rice_Research.png
"Loyola Academy Degree and PG College, Secunderabad ",Telangana,Agriculture,"30,000",--,8.1,8.5,7.2,8.4,8.5,7.7,8.4,"/images/Loyola_Academy_Degree_and_PG_College,_Secunderabad.png"
Shri Shakti College of Hotel Management ,Telangana,Agriculture,--,--,7.8,8,8,8,7,8,7.7,/images/Shri_Shakti_College_of_Hotel_Management.png
Osmania University College for Women ,Telangana,Agriculture,--,--,8.2,8,8.4,8.7,8.5,6.5,9,/images/Osmania_University_College_for_Women.png
Pioneer Institute of Hotel Management ,Telangana,Agriculture,"75,000",--,8.1,8.3,7.3,8.7,7.7,8,8.3,/images/Pioneer_Institute_of_Hotel_Management.png
Regency College of Hotel Management and Catering ,Telangana,Agriculture,"78,000",--,8.1,7.6,8,--,--,--,--,/images/Regency_College_of_Hotel_Management_and_Catering.png
"SR University, Warangal ",Telangana,Agriculture,"2,01,000",--,7.8,8.1,7.2,8.3,7.9,7.7,7.8,"/images/SR_University,_Warangal.png"
Integrated Institute of Education Technology ,Telangana,Agriculture,--,--,--,--,--,--,--,--,--,/images/Integrated_Institute_of_Education_Technology.png
"Gesto Culinary & Hospitality Academy, Secunderabad ",Telangana,Agriculture,"40,000",--,9.1,9.3,8.3,--,--,--,--,"/images/Gesto_Culinary_&_Hospitality_Academy,_Secunderabad.png"
"R.K. Degree & PG College, Kamareddy ",Telangana,Agriculture,"21,100",--,7.8,8.8,6.2,8.3,8.6,7.7,7.4,"/images/R.K._Degree_&_PG_College,_Kamareddy.png"
Professor Jayashankar Telangana State Agricultural University ,Telangana,Agriculture,"46,370","45,170",7.8,8.3,7.1,8.5,7.8,7.3,7.9,/images/Professor_Jayashankar_Telangana_State_Agricultural_University.png
P. V. Narsimha Rao Telangana Veterinary University ,Telangana,Agriculture,--,--,9.1,9.3,8.5,9.6,8.8,8.7,9.4,/images/P._V._Narsimha_Rao_Telangana_Veterinary_University.png
John Bauer College of Hotel Management and ,Telangana,Agriculture,"50,000",--,--,--,--,--,--,--,--,/images/John_Bauer_College_of_Hotel_Management_and.png
"Trinity College of Hotel Management, Hyderabad ",Telangana,Agriculture,--,--,8.8,8,9,8,9,9,--,"/images/Trinity_College_of_Hotel_Management,_Hyderabad.png"
Sri Konda Laxman Telangana State Horticultural University ,Telangana,Agriculture,"14,480",--,7.9,8,8.3,8,7.5,7.5,8.3,/images/Sri_Konda_Laxman_Telangana_State_Horticultural_University.png
"Sarada College of Hotel Management-[SCHM], Hyderabad ",Telangana,Agriculture,--,--,7.8,7.7,8,7.7,7.7,8,7.7,"/images/Sarada_College_of_Hotel_Management-[SCHM],_Hyderabad.png"
"Westin College of Hotel Management, Hyderabad ",Telangana,Agriculture,--,--,8.9,9.3,8.9,8.9,8.7,8.8,8.9,"/images/Westin_College_of_Hotel_Management,_Hyderabad.png"
Global Institute of Hotel Management ,Telangana,Agriculture,"55,000",--,9.2,9.5,9,9.5,9,9,9,/images/Global_Institute_of_Hotel_Management.png
Malla Reddy University ,Telangana,Agriculture,"1,20,000",--,--,--,--,--,--,--,--,/images/Malla_Reddy_University.png
"Central Institute of Agricultural Engineering- [CIAE], Bhopal ",Madhya pradesh,Agriculture,--,--,--,--,--,--,--,--,--,"/images/Central_Institute_of_Agricultural_Engineering-_[CIAE],_Bhopal.png"
Jawaharlal Nehru Krishi Vishwa Vidyalaya ,Madhya pradesh,Agriculture,"49,411","36,752",7.9,8.2,7.5,8.7,7.7,7,8.4,/images/Jawaharlal_Nehru_Krishi_Vishwa_Vidyalaya.png
"RKDF University, Bhopal ",Madhya pradesh,Agriculture,"60,000","1,50,000",7.6,8,7,7.8,8,6.5,8.2,"/images/RKDF_University,_Bhopal.png"
Rajmata Vijayaraje Scindia Krishi Vishwa Vidyalaya ,Madhya pradesh,Agriculture,"27,620","20,795",8.2,9,7,8.5,8,8,8.6,/images/Rajmata_Vijayaraje_Scindia_Krishi_Vishwa_Vidyalaya.png
Rabindranath Tagore University ,Madhya pradesh,Agriculture,"55,000","55,000",7.7,8,7.4,7.8,8.6,6.4,7.8,/images/Rabindranath_Tagore_University.png
Barkatullah University ,Madhya pradesh,Agriculture,--,--,6.9,7.3,6.1,7.4,6.9,6,7.5,/images/Barkatullah_University.png
Atal Bihari Vajpayee Hindi Vishwavidyalaya ,Madhya pradesh,Agriculture,"6,600",--,7.7,8.3,6.3,8.7,7.3,7.8,7.9,/images/Atal_Bihari_Vajpayee_Hindi_Vishwavidyalaya.png
Madhya Pradesh Bhoj (Open) University ,Madhya pradesh,Agriculture,"10,380",--,7.8,8.6,7.4,8.7,7.5,7.6,7.2,/images/Madhya_Pradesh_Bhoj_(Open)_University.png
LNCT University ,Madhya pradesh,Agriculture,"60,000",--,9,9,8.8,9.3,8.8,8.9,8.9,/images/LNCT_University.png
"SAGE University, Bhopal ",Madhya pradesh,Agriculture,"95,000",--,8.7,8.8,8.4,8.8,8.7,8.7,8.9,"/images/SAGE_University,_Bhopal.png"
"SAGE University, Indore ",Madhya pradesh,Agriculture,"85,000",--,8.7,8.7,7.9,8.8,9.2,8.5,9,"/images/SAGE_University,_Indore.png"
Sardar Patel University ,Madhya pradesh,Agriculture,"61,500","68,300",7.9,7.9,7.4,8.4,8,7.7,8,/images/Sardar_Patel_University.png
Oriental University ,Madhya pradesh,Agriculture,"50,000",--,7.2,7.5,6.7,7.2,7.7,7.1,7.1,/images/Oriental_University.png
Shri Krishna University ,Madhya pradesh,Agriculture,"1,06,000","94,000",8.1,8.1,7.4,8.3,8.5,8,8,/images/Shri_Krishna_University.png
AKS University ,Madhya pradesh,Agriculture,"59,000","54,000",7.3,7.8,5.9,8.2,7.6,6.9,7.4,/images/AKS_University.png
"ITM University, Gwalior ",Madhya pradesh,Agriculture,"1,30,000","85,000",7.6,7.9,7,7.6,8.1,7.2,8,"/images/ITM_University,_Gwalior.png"
"Medi-Caps University, Indore ",Madhya pradesh,Agriculture,"85,000",--,7.4,7.6,6.3,7.5,7.9,7.4,7.6,"/images/Medi-Caps_University,_Indore.png"
"Swami Vivekanand University, Sagar ",Madhya pradesh,Agriculture,"54,500","59,500",6.3,6.9,5,7,6.4,5.6,6.6,"/images/Swami_Vivekanand_University,_Sagar.png"
Pioneer Institute of Professional Studies ,Madhya pradesh,Agriculture,"31,500",--,7,7.5,5.9,8.6,6.8,5.4,7.6,/images/Pioneer_Institute_of_Professional_Studies.png
Bhabha University ,Madhya pradesh,Agriculture,"43,000","55,000",9,9.4,8.8,9,9.3,8.7,8.9,/images/Bhabha_University.png
Sarvepalli Radhakrishnan University ,Madhya pradesh,Agriculture,"73,000","17,000",7.4,7.9,6.3,7.8,7.1,7.4,8.1,/images/Sarvepalli_Radhakrishnan_University.png
"Renaissance University, Indore ",Madhya pradesh,Agriculture,"60,000","58,000",8.9,9,8.9,9,9.1,9,8.4,"/images/Renaissance_University,_Indore.png"
Madhyanchal Professional University ,Madhya pradesh,Agriculture,"50,000",--,6.5,7,5.6,7.2,6.8,5.4,6.8,/images/Madhyanchal_Professional_University.png
"IES University, Bhopal ",Madhya pradesh,Agriculture,"60,000",--,7.3,8,4,8.1,7,7.9,9,"/images/IES_University,_Bhopal.png"
P.K. University ,Madhya pradesh,Agriculture,"45,400","40,000",9.3,--,--,--,--,--,--,/images/P.K._University.png
"Mansarovar Group of Institutions, Bhopal ",Madhya pradesh,Agriculture,--,--,--,--,--,--,--,--,--,"/images/Mansarovar_Group_of_Institutions,_Bhopal.png"
Dr. C.V. Raman University ,Madhya pradesh,Agriculture,"70,000",--,--,--,--,--,--,--,--,/images/Dr._C.V._Raman_University.png
"Medi-Caps Institute Of Science & Technology- [MIST], ",Madhya pradesh,Agriculture,--,--,6.3,8,6,5,8,6,5,"/images/Medi-Caps_Institute_Of_Science_&_Technology-_[MIST],.png"
Central India Institute of Management Studies ,Madhya pradesh,Agriculture,"11,500",--,--,--,--,--,--,--,--,/images/Central_India_Institute_of_Management_Studies.png
Cochin University of Science and Technology ,Kerala,Agriculture,"16,815","8,525",7.9,8.4,7.5,7.8,7.8,7.7,8.1,/images/Cochin_University_of_Science_and_Technology.png
Kerala Veterinary and Animal Sciences University ,Kerala,Agriculture,"1,08,350","67,650",8.1,8.7,7,8.4,8,8.2,8,/images/Kerala_Veterinary_and_Animal_Sciences_University.png
"Kerala Agricultural University, College of Horticulture Vellanikkara, ",Kerala,Agriculture,--,--,9.3,9.2,9.5,9.4,9.3,8.7,9.6,"/images/Kerala_Agricultural_University,_College_of_Horticulture_Vellanikkara,.png"
Kerala University of Fisheries and Ocean Studies ,Kerala,Agriculture,"80,050",--,7.6,7.9,7.7,7.9,7.2,7,7.9,/images/Kerala_University_of_Fisheries_and_Ocean_Studies.png
"Kerala Agricultural University, College of Forestry Vellanikkara ",Kerala,Agriculture,--,--,6.3,6,8.5,6,5.5,4,7.5,"/images/Kerala_Agricultural_University,_College_of_Forestry_Vellanikkara.png"
Kerala Agricultural University ,Kerala,Agriculture,"19,600","30,700",7.4,7.3,6.4,8.5,7.3,7.2,7.8,/images/Kerala_Agricultural_University.png
"KVASU, College of Veterinary and Animal Sciences ",Kerala,Agriculture,"46,200","54,100",8.4,8.9,8.4,8.5,8.1,7.9,8.4,"/images/KVASU,_College_of_Veterinary_and_Animal_Sciences.png"
"Kerala Agricultural University, College of Agriculture Padanakkad, ",Kerala,Agriculture,--,--,8.7,9,9.3,9.5,7.3,8,9,"/images/Kerala_Agricultural_University,_College_of_Agriculture_Padanakkad,.png"
Mahatma Gandhi University ,Kerala,Agriculture,"5,100","8,100",7.7,8,7.5,8,8,6.2,8.2,/images/Mahatma_Gandhi_University.png
Calicut University ,Kerala,Agriculture,"2,460",--,7,7.5,6.2,7.5,7.4,5.4,7.9,/images/Calicut_University.png
"Christ College Irinjalakuda, Thrissur ",Kerala,Agriculture,--,--,8,8.3,7.7,8.2,8.4,7.2,8.3,"/images/Christ_College_Irinjalakuda,_Thrissur.png"
School of Industrial Fisheries ,Kerala,Agriculture,"16,815",--,--,--,--,--,--,--,--,/images/School_of_Industrial_Fisheries.png
"Christian College, Chengannur ",Kerala,Agriculture,--,--,8,8.8,7.5,8.3,9,6.3,8.3,"/images/Christian_College,_Chengannur.png"
Deva Matha College ,Kerala,Agriculture,--,--,7.8,8.8,7.5,8.3,8,7.1,6.9,/images/Deva_Matha_College.png
"NSS College, Manjeri ",Kerala,Agriculture,"3,720",--,7.6,8.9,6,8.5,7.5,6.4,8.1,"/images/NSS_College,_Manjeri.png"
Nehru Arts and Science College ,Kerala,Agriculture,--,--,5.2,6,5,8,4,1,7,/images/Nehru_Arts_and_Science_College.png
"Nirmala College, Muvattupuzha ",Kerala,Agriculture,--,--,8.1,8.7,7.6,8.6,8.3,6.8,8.4,"/images/Nirmala_College,_Muvattupuzha.png"
Pazhassi Raja NSS College ,Kerala,Agriculture,"7,385",--,8.8,9,9,--,--,--,--,/images/Pazhassi_Raja_NSS_College.png
"St. Xavier's College for Women, Aluva ",Kerala,Agriculture,--,--,8.4,8.3,8,9,8.2,8.3,8.8,"/images/St._Xavier's_College_for_Women,_Aluva.png"
Thunchan Memorial Government College ,Kerala,Agriculture,--,--,7.7,8.3,7.5,8,8,6.3,8.3,/images/Thunchan_Memorial_Government_College.png
"Kerala Agricultural University, College of Agriculture Vellayani, ",Kerala,Agriculture,"23,900","33,500",7.4,8.1,6.8,7.8,7.6,6,8.1,"/images/Kerala_Agricultural_University,_College_of_Agriculture_Vellayani,.png"
"KVASU, College of Veterinary and Animal Sciences ",Kerala,Agriculture,"1,52,350","54,100",--,--,--,--,--,--,--,"/images/KVASU,_College_of_Veterinary_and_Animal_Sciences.png"
Holy Cross College of Management and Technology ,Kerala,Agriculture,"5,500",--,8,9,8,9,7,8,7,/images/Holy_Cross_College_of_Management_and_Technology.png
Kannur University ,Kerala,Agriculture,"24,645",--,6.1,6.3,5.5,6.9,6.7,5,5.9,/images/Kannur_University.png
Kerala University ,Kerala,Agriculture,--,--,6.3,7.5,4.8,7.2,6.6,5.1,6.3,/images/Kerala_University.png
"Kerala Veterinary and Animal Sciences University, Distance ",Kerala,Agriculture,"46,200","54,100",10,--,--,--,--,--,--,"/images/Kerala_Veterinary_and_Animal_Sciences_University,_Distance.png"
"Kerala Agricultural University, College of Co-Operation, Banking ",Kerala,Agriculture,--,--,6,8,7,6,6,2,7,"/images/Kerala_Agricultural_University,_College_of_Co-Operation,_Banking.png"
"St Mary's College, Thrissur ",Kerala,Agriculture,--,--,7.4,8.1,6.6,7.9,7.7,6.7,7.5,"/images/St_Mary's_College,_Thrissur.png"
"College of Food Technology, Kerala Veterinary And ",Kerala,Agriculture,"1,08,350","67,150",--,--,--,--,--,--,--,"/images/College_of_Food_Technology,_Kerala_Veterinary_And.png"
"Banasthali Vidyapith, Jaipur ",Rajasthan,Agriculture,"1,63,500",--,8.5,8.8,8.2,8.9,8.6,7.9,8.8,"/images/Banasthali_Vidyapith,_Jaipur.png"
College of Veterinary and Animal Sciences ,Rajasthan,Agriculture,"15,740",--,7.8,8.4,7.5,7.7,8.2,7.8,7.3,/images/College_of_Veterinary_and_Animal_Sciences.png
Mahatma Jyoti Rao Phoole University ,Rajasthan,Agriculture,"82,500","42,500",6.8,6.9,6.2,7.4,7.7,6.4,6.4,/images/Mahatma_Jyoti_Rao_Phoole_University.png
College of Veterinary and Animal Sciences ,Rajasthan,Agriculture,"15,740","16,000",8.8,9,8,9,8.5,8.5,9.5,/images/College_of_Veterinary_and_Animal_Sciences.png
Mewar University ,Rajasthan,Agriculture,"58,000","60,000",8,7.9,7.1,8.1,8.8,7.3,8.6,/images/Mewar_University.png
"Swami Keshwanand Rajasthan Agricultural University, Bikaner ",Rajasthan,Agriculture,"16,000","20,000",8.1,8.4,7.6,8.5,7.6,7.7,8.5,"/images/Swami_Keshwanand_Rajasthan_Agricultural_University,_Bikaner.png"
"National Research Centre Seed Spices, Ajmer ",Rajasthan,Agriculture,--,--,--,--,--,--,--,--,--,"/images/National_Research_Centre_Seed_Spices,_Ajmer.png"
"National Research Centre on Camel, Bikaner ",Rajasthan,Agriculture,--,--,--,--,--,--,--,--,--,"/images/National_Research_Centre_on_Camel,_Bikaner.png"
"Jagannath University, Jaipur ",Rajasthan,Agriculture,"70,000","27,000",7.3,7.1,6.7,7.9,7.7,6.9,7.4,"/images/Jagannath_University,_Jaipur.png"
Central Institute for Arid Horticulture ,Rajasthan,Agriculture,--,--,--,--,--,--,--,--,--,/images/Central_Institute_for_Arid_Horticulture.png
"Directorate of Rapeseed Mustard Research, Bharatpur ",Rajasthan,Agriculture,--,--,--,--,--,--,--,--,--,"/images/Directorate_of_Rapeseed_Mustard_Research,_Bharatpur.png"
"SKN College of Agriculture, Jaipur ",Rajasthan,Agriculture,"53,790","72,010",8.4,9.3,8.3,8.8,8.3,8.3,7.5,"/images/SKN_College_of_Agriculture,_Jaipur.png"
Institute of Hotel Management and Catering ,Rajasthan,Agriculture,"60,000",--,8.4,8.5,8.5,8.5,7.5,8.8,8.8,/images/Institute_of_Hotel_Management_and_Catering.png
Madhav University ,Rajasthan,Agriculture,"50,000","75,000",7.8,7.9,7.5,8.2,7.9,7.3,7.8,/images/Madhav_University.png
Janardan Rai Nagar Rajasthan Vidyapeeth University ,Rajasthan,Agriculture,"55,000",--,7.8,8.3,7.5,8.3,7.9,7.3,7.5,/images/Janardan_Rai_Nagar_Rajasthan_Vidyapeeth_University.png
Career Point University ,Rajasthan,Agriculture,"70,000","76,000",8.3,8.4,7.9,8.4,8.4,7.6,8.9,/images/Career_Point_University.png
Institute of Agri Business Management ,Rajasthan,Agriculture,"88,000",--,7.8,8.3,7.8,8.3,8.3,6.8,7.5,/images/Institute_of_Agri_Business_Management.png
"Singhania University, Jhunjhunu ",Rajasthan,Agriculture,"12,000","22,000",7.1,7.1,6.7,7.1,7.1,7,7.3,"/images/Singhania_University,_Jhunjhunu.png"
"Kanoria PG Mahila Mahavidyalaya, Jaipur ",Rajasthan,Agriculture,"2,000",--,7.7,8,7.9,7.8,8.3,5.8,8.2,"/images/Kanoria_PG_Mahila_Mahavidyalaya,_Jaipur.png"
Jaipur National University ,Rajasthan,Agriculture,"79,000",--,7.5,7.9,7,7.7,7.8,6.7,7.6,/images/Jaipur_National_University.png
"Tantia University, Sriganganagar ",Rajasthan,Agriculture,"65,000","50,000",8.6,8.8,8.4,9.3,8.8,7.1,9.1,"/images/Tantia_University,_Sriganganagar.png"
JECRC University ,Rajasthan,Agriculture,"90,000",--,8.1,8.1,7.4,8.2,8.2,8.1,8.7,/images/JECRC_University.png
SunRise University ,Rajasthan,Agriculture,"69,200","32,200",8.1,8.1,7.3,8.7,8.1,7.9,8.4,/images/SunRise_University.png
"OPJS University, Churu ",Rajasthan,Agriculture,"30,000","13,200",7.2,7.1,7.6,7.6,7.7,6.3,6.8,"/images/OPJS_University,_Churu.png"
"Mody University, Sikar ",Rajasthan,Agriculture,"1,84,000",--,8.3,8.3,8.5,8,9,7.9,8.2,"/images/Mody_University,_Sikar.png"
Institute of Advanced Studies in Education ,Rajasthan,Agriculture,"55,000",--,8.2,8.9,8,8.3,8.4,7.5,7.9,/images/Institute_of_Advanced_Studies_in_Education.png
Jayoti Vidyapeeth Women's University ,Rajasthan,Agriculture,"50,000",--,7.6,7.7,8.4,7.9,7.7,6.4,7.4,/images/Jayoti_Vidyapeeth_Women's_University.png
RNB Global University ,Rajasthan,Agriculture,"70,000","70,000",7.7,8.1,7.3,7.6,8.1,7.4,7.8,/images/RNB_Global_University.png
"Apex University, Jaipur ",Rajasthan,Agriculture,"50,000","60,000",8.7,8.9,8.9,8.6,8.7,8.5,8.7,"/images/Apex_University,_Jaipur.png"
Suresh Gyan Vihar University ,Rajasthan,Agriculture,"90,000","1,20,000",7.5,7.8,6.7,7.5,8.8,6.3,8,/images/Suresh_Gyan_Vihar_University.png
National Dairy Research Institute ,Haryana,Agriculture,"15,200","17,800",9,8.8,8.7,9.1,9.4,9.1,8.9,/images/National_Dairy_Research_Institute.png
Panjab University ,Haryana,Agriculture,"34,923",--,7.7,8.2,7.7,8,7.7,6.5,8.2,/images/Panjab_University.png
Maharshi Dayanand University ,Haryana,Agriculture,"11,315","3,084",7.8,8,7.7,8,8.4,6.6,8,/images/Maharshi_Dayanand_University.png
Chandigarh University ,Haryana,Agriculture,"1,70,000",--,8.6,8.6,8.2,8.4,9,8.6,8.8,/images/Chandigarh_University.png
Kurukshetra University ,Haryana,Agriculture,"5,898",--,7.5,8.1,7,8,7.7,6.5,7.7,/images/Kurukshetra_University.png
"SRM University Delhi NCR, Sonepat ",Haryana,Agriculture,"1,86,000",--,7.8,8,7.5,7.9,8.1,7.6,7.9,"/images/SRM_University_Delhi_NCR,_Sonepat.png"
"PDM University, Bahadurgarh, Bahadurgarh ",Haryana,Agriculture,"1,04,200","1,35,000",7.4,7.1,7.6,7.4,7.5,7.1,7.7,"/images/PDM_University,_Bahadurgarh,_Bahadurgarh.png"
"Starex University, Gurgaon ",Haryana,Agriculture,"70,000","25,000",8.8,9.1,9.1,8.7,8.6,8.5,8.7,"/images/Starex_University,_Gurgaon.png"
Modern Vidya Niketan ,Haryana,Agriculture,"95,000","1,05,000",7,7.2,6.4,7.7,7,6.8,6.8,/images/Modern_Vidya_Niketan.png
"KR Mangalam University, Gurgaon ",Haryana,Agriculture,"1,20,000",--,7.7,8.1,7.5,7.3,8.6,7.2,7.4,"/images/KR_Mangalam_University,_Gurgaon.png"
"NIILM University, Kaithal ",Haryana,Agriculture,"32,000","70,000",8.1,8.6,7.9,8.5,7.9,7.8,8.1,"/images/NIILM_University,_Kaithal.png"
G D Goenka University ,Haryana,Agriculture,"1,55,000","1,29,000",8.2,7.7,8.3,8.3,8.9,7.6,8.4,/images/G_D_Goenka_University.png
"Jagannath University, Bahadurgarh ",Haryana,Agriculture,"75,000",--,8,8.3,8,7.8,8.7,7.4,7.9,"/images/Jagannath_University,_Bahadurgarh.png"
"SGT University, Gurgaon ",Haryana,Agriculture,"1,62,500","1,62,500",8,8,7.6,8.1,8.4,7.5,8.1,"/images/SGT_University,_Gurgaon.png"
Geeta Group of Institutions ,Haryana,Agriculture,"30,000",--,9.2,9.4,8.8,9.3,9.4,9.2,9.3,/images/Geeta_Group_of_Institutions.png
"Guru Nanak Girls College, Yamuna Nagar ",Haryana,Agriculture,--,--,7.3,7,8,7,6,8,8,"/images/Guru_Nanak_Girls_College,_Yamuna_Nagar.png"
"College of Veterinary Sciences, Hisar ",Haryana,Agriculture,"65,570",--,7.7,8,8,8,8,7,7,"/images/College_of_Veterinary_Sciences,_Hisar.png"
National Research Centre on Equines ,Haryana,Agriculture,--,--,--,--,--,--,--,--,--,/images/National_Research_Centre_on_Equines.png
Chaudhary Charan Singh Haryana Agricultural University ,Haryana,Agriculture,"14,205","15,061",8.6,8.9,8.3,8.5,8.9,7.9,8.8,/images/Chaudhary_Charan_Singh_Haryana_Agricultural_University.png
Lala Lajpat Rai University of Veterinary and ,Haryana,Agriculture,"65,570",--,8,8.7,7,8.8,8.3,7.8,7.6,/images/Lala_Lajpat_Rai_University_of_Veterinary_and.png
Maharishi Markandeshwar sadopur Campus ,Haryana,Agriculture,"71,500","71,500",6.6,6,5.2,6.3,7,7,8.2,/images/Maharishi_Markandeshwar_sadopur_Campus.png
Maharana Pratap Horticultural University ,Haryana,Agriculture,--,--,8.3,--,--,8.6,--,7.8,8.5,/images/Maharana_Pratap_Horticultural_University.png
Guru Nanak Khalsa Institute of Technology and ,Haryana,Agriculture,--,--,--,--,--,--,--,--,--,/images/Guru_Nanak_Khalsa_Institute_of_Technology_and.png
Om Sterling Global University ,Haryana,Agriculture,"65,000","70,000",--,--,--,--,--,--,--,/images/Om_Sterling_Global_University.png
"Government Industrial Training Institute Gudha, Jhajjar ",Haryana,Agriculture,460,--,--,--,--,--,--,--,--,"/images/Government_Industrial_Training_Institute_Gudha,_Jhajjar.png"
Swami Vivekanand Group Of Institutes ,Haryana,Agriculture,"70,000",--,8.5,9,7.8,--,9,8.1,--,/images/Swami_Vivekanand_Group_Of_Institutes.png
"Junagadh Agricultural University, Junagadh ",Gujarat,Agriculture,"29,190","39,140",7.9,8,7.9,7.7,8.2,6.9,8.6,"/images/Junagadh_Agricultural_University,_Junagadh.png"
Anand Agricultural University ,Gujarat,Agriculture,"27,400","2,020",8.3,9,7.8,8.4,9.1,7.7,7.9,/images/Anand_Agricultural_University.png
Sardarkrushinagar Dantiwada Agricultural University ,Gujarat,Agriculture,"26,370","50,880",8.3,8.3,8.3,8.6,8.1,8.1,8.5,/images/Sardarkrushinagar_Dantiwada_Agricultural_University.png
Rai University ,Gujarat,Agriculture,"1,10,600",--,7.1,7.2,7.1,7,6.9,6.8,7.7,/images/Rai_University.png
"BA College of Agriculture, Anand ",Gujarat,Agriculture,"1,10,000",--,8.1,8.5,8,8.2,8.4,7.5,8.2,"/images/BA_College_of_Agriculture,_Anand.png"
"Navsari Agricultural University, Navsari ",Gujarat,Agriculture,"45,100","42,900",8,8.3,7.4,8.4,7.8,7.8,8.2,"/images/Navsari_Agricultural_University,_Navsari.png"
Gujarat Vidyapith ,Gujarat,Agriculture,--,--,8.4,9,7.9,9.1,8.4,7.6,8.1,/images/Gujarat_Vidyapith.png
Asia Pacific Institute of Management ,Gujarat,Agriculture,"90,000",--,6.8,7.7,6,7.3,6.3,6.3,7.3,/images/Asia_Pacific_Institute_of_Management.png
Marwadi University ,Gujarat,Agriculture,"75,000",--,8.3,8.2,8.3,8.2,9.1,7.7,8.2,/images/Marwadi_University.png
RK University ,Gujarat,Agriculture,"61,000","1,00,000",8.5,9,7.9,8.6,9,7.8,8.5,/images/RK_University.png
Gokul Global University ,Gujarat,Agriculture,"20,000","16,000",8.5,9,7,9.3,8.7,8,8.7,/images/Gokul_Global_University.png
Parul Institute of Engineering and Technology ,Gujarat,Agriculture,"45,150",--,7.9,7.8,7.3,7.9,8.5,7.3,8.6,/images/Parul_Institute_of_Engineering_and_Technology.png
Noble Group of Institution ,Gujarat,Agriculture,"35,250",--,8.4,8.8,8,8.8,9.2,6.8,8.5,/images/Noble_Group_of_Institution.png
"Lords Institute of Management, Surat ",Gujarat,Agriculture,"71,980","80,358",7.3,--,--,8,--,7,7,"/images/Lords_Institute_of_Management,_Surat.png"
Cambay Institute of Hospitality Management ,Gujarat,Agriculture,"1,10,000",--,--,--,--,--,--,--,--,/images/Cambay_Institute_of_Hospitality_Management.png
"Swarrnim Startup & Innovation University, Gandhi Nagar ",Gujarat,Agriculture,"70,000",--,6.5,7,6,6.6,6.5,5.6,7.4,"/images/Swarrnim_Startup_&_Innovation_University,_Gandhi_Nagar.png"
Parul Institute of Technology ,Gujarat,Agriculture,"50,000",--,7.9,7.9,6.9,8,8.6,7.7,8.2,/images/Parul_Institute_of_Technology.png
"Shri Saraswati Gramvidyapith, Patan ",Gujarat,Agriculture,--,--,--,--,--,--,--,--,--,"/images/Shri_Saraswati_Gramvidyapith,_Patan.png"
"College of Veterinary Science and Animal Husbandry, ",Gujarat,Agriculture,--,--,8.3,8.5,8,8.5,8,8,8.5,"/images/College_of_Veterinary_Science_and_Animal_Husbandry,.png"
"AIMS College of Management and Technology, Anand ",Gujarat,Agriculture,--,--,--,--,--,--,--,--,--,"/images/AIMS_College_of_Management_and_Technology,_Anand.png"
"Gujarat Institute of Hotel Management, Vadodara ",Gujarat,Agriculture,--,--,7.2,6.8,6.3,8.5,6.8,7.8,7,"/images/Gujarat_Institute_of_Hotel_Management,_Vadodara.png"
"Maharaja Krishnakumarsinhji Bhavnagar University, Bhavnagar ",Gujarat,Agriculture,"21,450","16,450",8.6,8.6,7.9,9.3,9.1,7.6,9,"/images/Maharaja_Krishnakumarsinhji_Bhavnagar_University,_Bhavnagar.png"
Hemchandracharya North Gujarat University ,Gujarat,Agriculture,--,--,7.9,8.8,5.5,8.2,8.5,7.6,8.5,/images/Hemchandracharya_North_Gujarat_University.png
"Saurashtra University, Rajkot ",Gujarat,Agriculture,--,--,7.2,7.8,5.3,8,7.5,6.7,7.7,"/images/Saurashtra_University,_Rajkot.png"
Veer Narmad South Gujarat University ,Gujarat,Agriculture,"8,830","6,220",7.3,7.8,6.3,7.7,7.5,6.6,7.7,/images/Veer_Narmad_South_Gujarat_University.png
College of Veterinary Science & Animal Husbandry ,Gujarat,Agriculture,"39,140",--,8.6,8.5,8.5,8.5,9.5,9,7.5,/images/College_of_Veterinary_Science_&_Animal_Husbandry.png
"School of Agriculture, Rai University ",Gujarat,Agriculture,"1,10,600",--,--,--,--,--,--,--,--,"/images/School_of_Agriculture,_Rai_University.png"
"Faculty of Animal Husbandry, Noble Group of ",Gujarat,Agriculture,"35,250",--,--,--,--,--,--,--,--,"/images/Faculty_of_Animal_Husbandry,_Noble_Group_of.png"
"Kamdhenu University, Gandhi Nagar ",Gujarat,Agriculture,--,--,8.1,8.3,7.7,8.3,8.3,7.9,8,"/images/Kamdhenu_University,_Gandhi_Nagar.png"
Punjab Agricultural University ,Punjab,Agriculture,"70,770","77,470",7.8,8.5,7.5,8.1,8.5,6,8.1,/images/Punjab_Agricultural_University.png
"Khalsa College, Amritsar ",Punjab,Agriculture,"72,740","89,740",7.9,8.3,7.7,7.9,8.3,6.5,8.4,"/images/Khalsa_College,_Amritsar.png"
"RIMT University, Gobindgarh ",Punjab,Agriculture,"1,14,800","1,14,800",7.6,7.9,7.3,7.8,8,6.7,7.8,"/images/RIMT_University,_Gobindgarh.png"
Guru Angad Dev Veterinary and Animal Sciences ,Punjab,Agriculture,"1,37,855","1,45,655",8.6,8.6,8.3,9,8.6,8.3,8.6,/images/Guru_Angad_Dev_Veterinary_and_Animal_Sciences.png
Panjab University ,Punjab,Agriculture,"34,923",--,7.7,8.2,7.7,8,7.7,6.5,8.2,/images/Panjab_University.png
Chandigarh University ,Punjab,Agriculture,"1,70,000",--,8.6,8.6,8.2,8.4,9,8.6,8.8,/images/Chandigarh_University.png
"CT Institute of Hotel Management, Jalandhar ",Punjab,Agriculture,"60,000",--,5.3,6,5,5,6,3,7,"/images/CT_Institute_of_Hotel_Management,_Jalandhar.png"
Desh Bhagat Institute of Hotel Management & ,Punjab,Agriculture,--,--,7.8,8,8,7,9,7,8,/images/Desh_Bhagat_Institute_of_Hotel_Management_&.png
Punjab Institute of Management and Technology ,Punjab,Agriculture,"50,850",--,8.9,9.4,8.4,9.4,8.8,8.6,8.6,/images/Punjab_Institute_of_Management_and_Technology.png
Kanya Mahavidyalaya ,Punjab,Agriculture,--,--,9.8,9.8,9.7,9.8,9.7,9.6,9.9,/images/Kanya_Mahavidyalaya.png
"RIMT College of Architecture, Fatehgarh Sahib ",Punjab,Agriculture,--,--,5.6,6,7,6,6.5,3,5,"/images/RIMT_College_of_Architecture,_Fatehgarh_Sahib.png"
"Guru Kashi University, Bathinda ",Punjab,Agriculture,"38,400",--,7.5,7.4,7.2,8,7.2,7.2,7.8,"/images/Guru_Kashi_University,_Bathinda.png"
"DAV University, Jalandhar ",Punjab,Agriculture,"75,000","95,000",7.9,8.4,7,8.4,7,8,8.5,"/images/DAV_University,_Jalandhar.png"
Sant Baba Bhag Singh University ,Punjab,Agriculture,"49,250","82,500",8.5,9,8.2,8.6,8,8.5,8.6,/images/Sant_Baba_Bhag_Singh_University.png
"Rayat Bahra University, Mohali ",Punjab,Agriculture,"70,000","40,000",7.7,7.8,7.4,8,7.7,7.4,7.6,"/images/Rayat_Bahra_University,_Mohali.png"
Sri Guru Granth Sahib World University ,Punjab,Agriculture,"52,000","80,000",8.8,8.6,9,9,9.1,8.4,8.7,/images/Sri_Guru_Granth_Sahib_World_University.png
Global Institute of Management ,Punjab,Agriculture,"50,850",--,--,--,--,--,--,--,--,/images/Global_Institute_of_Management.png
"Global Institute, Amritsar ",Punjab,Agriculture,"2,05,000",--,8.3,8,8.2,8.7,8.8,7.9,8.3,"/images/Global_Institute,_Amritsar.png"
CT University ,Punjab,Agriculture,"1,18,700","1,04,700",8.8,8.9,8.5,8.7,9.3,8.8,8.5,/images/CT_University.png
"Maharaja Ranjit Singh Punjab Technical University, Bathinda ",Punjab,Agriculture,--,--,8.2,8.6,7.8,8.4,8.2,8.1,8.2,"/images/Maharaja_Ranjit_Singh_Punjab_Technical_University,_Bathinda.png"
"PCTE Group of Institutes, Ludhiana ",Punjab,Agriculture,"57,250",--,7.7,8,7.2,8,8,6.8,8.3,"/images/PCTE_Group_of_Institutes,_Ludhiana.png"
Amritsar Group of Colleges ,Punjab,Agriculture,"3,16,089",--,8.8,8.7,8.9,9,8.8,8.6,9,/images/Amritsar_Group_of_Colleges.png
"CT Group of Institutions, Jalandhar ",Punjab,Agriculture,"47,700",--,7.6,7.5,7,8.2,7.5,7.9,7.4,"/images/CT_Group_of_Institutions,_Jalandhar.png"
"Aryans Group of Colleges, Rajpura ",Punjab,Agriculture,"1,10,000","51,000",7.5,7.6,7,7.9,7.6,7.3,7.6,"/images/Aryans_Group_of_Colleges,_Rajpura.png"
Doaba Group of Colleges ,Punjab,Agriculture,--,--,5.8,5.8,5.5,6.5,6,5.8,5.3,/images/Doaba_Group_of_Colleges.png
"Rayat Bahra Hoshiarpur Campus, Hoshiarpur ",Punjab,Agriculture,"50,000","40,000",8.9,9.2,8.5,9.2,8.3,8.8,9.1,"/images/Rayat_Bahra_Hoshiarpur_Campus,_Hoshiarpur.png"
Akal University ,Punjab,Agriculture,"88,000",--,7.7,8.3,7,8,7.8,7.3,7.5,/images/Akal_University.png
"Modern Group Of Colleges- [MGC], Hoshiarpur ",Punjab,Agriculture,"1,41,989",--,8.2,9,8,8,9,7,8,"/images/Modern_Group_Of_Colleges-_[MGC],_Hoshiarpur.png"
"University of Calcutta, Kolkata ",West bengal,Agriculture,"13,114",--,7.7,8.6,6.9,8.5,7.7,6.5,7.7,"/images/University_of_Calcutta,_Kolkata.png"
Uttar Banga Krishi Vishwavidyalaya ,West bengal,Agriculture,"4,000","6,000",7.3,7.9,6.6,8,7.3,5.5,8.2,/images/Uttar_Banga_Krishi_Vishwavidyalaya.png
Bidhan Chandra Krishi Viswavidyalaya ,West bengal,Agriculture,"10,580","12,220",8.3,8.8,8.6,8.7,8,6.7,8.7,/images/Bidhan_Chandra_Krishi_Viswavidyalaya.png
Sister Nivedita University ,West bengal,Agriculture,"1,16,000",--,8.2,8.2,7.6,8.9,7.9,7.8,8.7,/images/Sister_Nivedita_University.png
"Brainware University, Kolkata ",West bengal,Agriculture,"3,79,600",--,7.9,8.3,7.6,7.9,8.2,7.8,7.3,"/images/Brainware_University,_Kolkata.png"
Seacom Skills University ,West bengal,Agriculture,"60,000","70,000",7.5,8.4,6.4,8.9,7.4,6.7,7.3,/images/Seacom_Skills_University.png
The Neotia University ,West bengal,Agriculture,"1,32,000","80,000",8.2,8.7,7.5,8.5,8.2,7.8,8.6,/images/The_Neotia_University.png
Ghani Khan Choudhury Institute Of Engineering and ,West bengal,Agriculture,--,--,8.2,8.6,8.5,7.9,8.6,7.1,8.2,/images/Ghani_Khan_Choudhury_Institute_Of_Engineering_and.png
"JIS University, Kolkata ",West bengal,Agriculture,"3,91,600",--,8,8.3,7.7,8,8.2,7.8,7.8,"/images/JIS_University,_Kolkata.png"
Nightingale Institute of Management Studies ,West bengal,Agriculture,--,--,8.6,8.3,9.3,8.3,8.7,8,8.7,/images/Nightingale_Institute_of_Management_Studies.png
Darjeeling Tea Research and Management Association ,West bengal,Agriculture,--,--,--,--,--,--,--,--,--,/images/Darjeeling_Tea_Research_and_Management_Association.png
"Mahishadal Girl's College, Medinipur ",West bengal,Agriculture,--,--,9.3,9.5,9,9.5,--,--,--,"/images/Mahishadal_Girl's_College,_Medinipur.png"
"Elitte Hotel School (The Hospitality Institute), Kolkata ",West bengal,Agriculture,"25,000",--,--,--,--,--,--,--,--,"/images/Elitte_Hotel_School_(The_Hospitality_Institute),_Kolkata.png"
National Institute of Hotel Management ,West bengal,Agriculture,"60,000",--,7.7,8,7.5,8,7.5,8,7,/images/National_Institute_of_Hotel_Management.png
Netaji Subhas Open University ,West bengal,Agriculture,"8,000","6,000",5.8,5.9,4,6.9,6.1,5,6.6,/images/Netaji_Subhas_Open_University.png
Ramakrishna Mission Vivekananda University ,West bengal,Agriculture,--,--,9,9,8.6,9,9.6,8.5,9.3,/images/Ramakrishna_Mission_Vivekananda_University.png
"University of Kalyani, Kalyani ",West bengal,Agriculture,"14,810",--,7.4,7.6,7.3,8.1,7.1,6.1,7.9,"/images/University_of_Kalyani,_Kalyani.png"
"University of North Bengal, Darjeeling ",West bengal,Agriculture,"9,315","44,040",7.9,8.7,7.8,8.1,8.1,6.9,7.9,"/images/University_of_North_Bengal,_Darjeeling.png"
"Vidyasagar University, Midnapore ",West bengal,Agriculture,"43,185",--,7,7.9,6.8,6.9,8,5.5,7,"/images/Vidyasagar_University,_Midnapore.png"
Visva Bharati University ,West bengal,Agriculture,"10,190","12,130",7.6,8.4,7,8.4,7.7,5.8,8.4,/images/Visva_Bharati_University.png
West Bengal State University ,West bengal,Agriculture,"19,000",--,7.9,8,7.5,8.6,7.9,7.6,8,/images/West_Bengal_State_University.png
Falakata Polytechnic ,West bengal,Agriculture,885,--,--,--,--,--,--,--,--,/images/Falakata_Polytechnic.png
Krishnath College ,West bengal,Agriculture,"4,100",--,6.7,7.2,6.6,7.5,6.6,5.1,7.3,/images/Krishnath_College.png
Ramakrishna Mission Vivekananda Centenary College Rahara ,West bengal,Agriculture,"3,800",--,8,9.3,6.9,8.9,8.5,6.4,7.7,/images/Ramakrishna_Mission_Vivekananda_Centenary_College_Rahara.png
"Raiganj University, Raiganj ",West bengal,Agriculture,"36,200",--,7.8,8.3,7.4,8.2,8,6.9,7.8,"/images/Raiganj_University,_Raiganj.png"
Swami Vivekananda University ,West bengal,Agriculture,"1,16,000",--,--,--,--,--,--,--,--,/images/Swami_Vivekananda_University.png
Diamond Harbour Government Polytechnic ,West bengal,Agriculture,885,--,--,--,--,--,--,--,--,/images/Diamond_Harbour_Government_Polytechnic.png
"A.P.C. Ray Polytechnic- [APCRP], Kolkata ",West bengal,Agriculture,835,--,9.2,9.4,8,9.7,9.6,9.2,9,"/images/A.P.C._Ray_Polytechnic-_[APCRP],_Kolkata.png"
"Malda Polytechnic, Malda ",West bengal,Agriculture,885,--,--,--,--,--,--,--,--,"/images/Malda_Polytechnic,_Malda.png"
"Jiaganj College of Engineering & Technology, Murshidabad ",West bengal,Agriculture,"33,000",--,--,--,--,--,--,--,--,"/images/Jiaganj_College_of_Engineering_&_Technology,_Murshidabad.png"
Central Institute of Freshwater Aquaculture ,Orissa,Agriculture,--,--,--,--,--,--,--,--,--,/images/Central_Institute_of_Freshwater_Aquaculture.png
Orissa University of Agriculture and Technology ,Orissa,Agriculture,"53,064","35,071",7.5,8.1,7.6,8.1,7.1,6,8.3,/images/Orissa_University_of_Agriculture_and_Technology.png
"Central Rice Research Institute, Cuttack ",Orissa,Agriculture,--,--,8.3,--,--,8.6,--,8.3,8,"/images/Central_Rice_Research_Institute,_Cuttack.png"
Siksha 'O' Anusandhan University ,Orissa,Agriculture,"1,25,000","40,000",8.3,8.6,7.6,8.3,8.7,8,8.5,/images/Siksha_'O'_Anusandhan_University.png
Institute of Hotel Management Catering Technology & ,Orissa,Agriculture,"19,450",--,8.6,8.5,9,8.5,8.6,8.4,8.5,/images/Institute_of_Hotel_Management_Catering_Technology_&.png
BJB Autonomous College ,Orissa,Agriculture,--,--,7.4,8.3,6.8,7.9,7.4,5.9,7.9,/images/BJB_Autonomous_College.png
Sri Sri University ,Orissa,Agriculture,"1,44,890",--,7.1,7.3,6.7,7,7.3,6.3,8.2,/images/Sri_Sri_University.png
Centurion University of Technology and Management ,Orissa,Agriculture,"1,50,000","2,00,000",8.1,8.3,7.6,8.5,8.4,7.4,8.5,/images/Centurion_University_of_Technology_and_Management.png
College of Agricultural Engineering and Technology ,Orissa,Agriculture,"35,195",--,8,9.8,8.5,8.2,7.5,6,8,/images/College_of_Agricultural_Engineering_and_Technology.png
"Salipur Autonomous College, Cuttack ",Orissa,Agriculture,"7,000",--,6.8,7.4,6.6,7.4,6.4,6,6.8,"/images/Salipur_Autonomous_College,_Cuttack.png"
"Utkal University, Bhubaneswar ",Orissa,Agriculture,"9,500","30,000",7.5,7.9,7.1,7.8,7.4,6.6,7.9,"/images/Utkal_University,_Bhubaneswar.png"
"College of Veterinary Science and Animal Husbandry, ",Orissa,Agriculture,"32,389",--,7.7,8.8,6.3,8.2,6.3,8.3,8.3,"/images/College_of_Veterinary_Science_and_Animal_Husbandry,.png"
Trytoon Academy ,Orissa,Agriculture,--,--,8.8,--,--,--,--,--,--,/images/Trytoon_Academy.png
"IMB School of Hospitality, Bhubaneswar ",Orissa,Agriculture,--,--,--,--,--,--,--,--,--,"/images/IMB_School_of_Hospitality,_Bhubaneswar.png"
Govind Ballabh Pant University of Agriculture and ,Uttarakhand,Agriculture,"41,736","49,108",7.3,8,7.6,7.4,7.7,6,6.8,/images/Govind_Ballabh_Pant_University_of_Agriculture_and.png
"Directorate of Coldwater Fisheries Research, Nainital ",Uttarakhand,Agriculture,--,--,--,--,--,--,--,--,--,"/images/Directorate_of_Coldwater_Fisheries_Research,_Nainital.png"
Dolphin PG Institute of BioMedical & Natural ,Uttarakhand,Agriculture,"75,000","75,000",7.7,8.4,6.5,7.9,7.8,6.7,8.6,/images/Dolphin_PG_Institute_of_BioMedical_&_Natural.png
Forest Research Institute ,Uttarakhand,Agriculture,"65,100",--,7.7,8,8,8,7.7,6.8,7.7,/images/Forest_Research_Institute.png
Wildlife Institute of India ,Uttarakhand,Agriculture,"2,60,000","3,52,000",9.1,9.5,9.3,9.1,9,8.6,9.2,/images/Wildlife_Institute_of_India.png
Doon Post Graduate College of Agriculture Science ,Uttarakhand,Agriculture,"70,000","80,000",6.7,7.5,6.4,7.6,7,4.9,6.8,/images/Doon_Post_Graduate_College_of_Agriculture_Science.png
Doon Business School ,Uttarakhand,Agriculture,"1,12,000","1,05,000",7.6,8,7,8.1,7.4,7.4,7.7,/images/Doon_Business_School.png
"College of Technology, GB Pant University of ",Uttarakhand,Agriculture,"46,056","55,756",7,7.1,6.7,6.9,7.3,6,7.7,"/images/College_of_Technology,_GB_Pant_University_of.png"
University of Petroleum and Energy Studies ,Uttarakhand,Agriculture,"6,73,000","4,66,000",8.1,8.1,7.8,7.9,8.6,7.7,8.2,/images/University_of_Petroleum_and_Energy_Studies.png
"Institute of Media Management , Technology & ",Uttarakhand,Agriculture,"70,000",--,--,--,--,--,--,--,--,"/images/Institute_of_Media_Management_,_Technology_&.png"
"MotherHood University, Roorkee ",Uttarakhand,Agriculture,"77,130",--,8,8.3,7.9,7.6,8,8,8.3,"/images/MotherHood_University,_Roorkee.png"
"Uttaranchal University, Dehradun ",Uttarakhand,Agriculture,"1,20,200","1,55,000",7.5,7.8,6.8,7.7,8.6,6.5,7.5,"/images/Uttaranchal_University,_Dehradun.png"
Graphic Era University ,Uttarakhand,Agriculture,"52,950",--,8.3,8.2,7.9,8.4,8.6,8.1,8.4,/images/Graphic_Era_University.png
"Quantum University, Roorkee ",Uttarakhand,Agriculture,"69,000","73,500",8.3,8.4,7.8,8.6,8.3,8.4,8.4,"/images/Quantum_University,_Roorkee.png"
Graphic Era Hill University ,Uttarakhand,Agriculture,"1,20,200","1,12,100",8.1,7.9,7.8,8.1,8.4,7.7,8.4,/images/Graphic_Era_Hill_University.png
Shri Guru Ram Rai University ,Uttarakhand,Agriculture,"71,500","68,500",7.6,7.8,7.1,7.9,7.9,7.3,7.7,/images/Shri_Guru_Ram_Rai_University.png
Himgiri Zee University ,Uttarakhand,Agriculture,"80,000","1,40,000",7.9,8.5,5.5,9,8,7.7,8.8,/images/Himgiri_Zee_University.png
Dev Bhoomi Group of Institutions ,Uttarakhand,Agriculture,"75,500","72,500",7.8,8.1,7.1,7.8,8,8,7.8,/images/Dev_Bhoomi_Group_of_Institutions.png
"Tula's Institute, Dehradun ",Uttarakhand,Agriculture,"68,000",--,7.8,8,7.2,7.7,8.5,7.4,8.2,"/images/Tula's_Institute,_Dehradun.png"
JB Institute of Technology ,Uttarakhand,Agriculture,"56,000",--,7.5,8,6.7,7.7,7.3,7.8,7.4,/images/JB_Institute_of_Technology.png
College of Engineering ,Uttarakhand,Agriculture,"67,850",--,8.3,8.4,8.1,8.1,8.7,7.5,8.8,/images/College_of_Engineering.png
Roorkee Institute of Technology ,Uttarakhand,Agriculture,"65,000",--,8.5,8.5,8.5,8.6,8.7,8.4,8.5,/images/Roorkee_Institute_of_Technology.png
Roorkee College of Engineering ,Uttarakhand,Agriculture,"69,200",--,9.4,9.3,9.2,9.4,9.4,9.3,9.5,/images/Roorkee_College_of_Engineering.png
BFIT Group of Institutions ,Uttarakhand,Agriculture,"59,500","59,500",7.5,7.7,7.1,7.7,7.6,7.1,8,/images/BFIT_Group_of_Institutions.png
Graphic Era Hill University Bhimtal Campus ,Uttarakhand,Agriculture,"1,15,200",--,8.1,8.2,7.6,7.9,8.8,7.8,8,/images/Graphic_Era_Hill_University_Bhimtal_Campus.png
Phonics Group of Institutions ,Uttarakhand,Agriculture,"49,800","54,800",7.6,7.8,6.8,7.7,7.9,7.4,7.7,/images/Phonics_Group_of_Institutions.png
Sardar Bhagwan Singh University ,Uttarakhand,Agriculture,"78,500",--,8.7,8.7,8.3,9.3,9,8.3,8.7,/images/Sardar_Bhagwan_Singh_University.png
Uttaranchal College of Science & Technology ,Uttarakhand,Agriculture,"40,000",--,7.6,8.1,7.9,8,7.9,6.1,7.8,/images/Uttaranchal_College_of_Science_&_Technology.png
Himalayan Institute of Technology ,Uttarakhand,Agriculture,"85,000","70,000",8.6,9.2,8.6,8.7,8.8,8.6,7.8,/images/Himalayan_Institute_of_Technology.png
"Maya Group of Colleges, Dehradun ",Uttarakhand,Agriculture,"85,800","1,21,400",7.3,6.8,7.2,8.3,7.2,6.7,7.3,"/images/Maya_Group_of_Colleges,_Dehradun.png"
Christian Medical College ,Tamil nadu,Medical,"38,405","23,280",9,9.3,8.4,9.3,9.3,9.2,8.7,/images/Christian_Medical_College.png
Sri Ramachandra Institute of Higher Education and ,Tamil nadu,Medical,"1,25,000","1,25,000",8.5,8.5,7.8,8.7,9.1,7.9,8.7,/images/Sri_Ramachandra_Institute_of_Higher_Education_and.png
SRM Institute of Technology ,Tamil nadu,Medical,"1,10,000","2,60,000",8,8,7.1,7.6,8.7,8.2,8.6,/images/SRM_Institute_of_Technology.png
"Saveetha Medical College, Chennai ",Tamil nadu,Medical,"1,00,000","1,45,000",8.8,9,8.4,8.8,9,8.6,8.7,"/images/Saveetha_Medical_College,_Chennai.png"
Annamalai University ,Tamil nadu,Medical,"1,24,460","64,410",7.4,8.1,6.7,8,7.9,6.5,7.2,/images/Annamalai_University.png
Madras Medical College ,Tamil nadu,Medical,"2,78,000","6,00,000",7,7.2,6,7.7,7.2,6.8,7,/images/Madras_Medical_College.png
PSG Institute of Medical Sciences and Research ,Tamil nadu,Medical,"4,00,000",--,8.2,8.9,7.9,8.7,8.4,7.9,7.1,/images/PSG_Institute_of_Medical_Sciences_and_Research.png
"Sri Ramachandra Medical College, Chennai ",Tamil nadu,Medical,"1,00,000","1,25,000",8.5,8.5,8.5,8.6,8.8,8.2,8.2,"/images/Sri_Ramachandra_Medical_College,_Chennai.png"
"College of Engineering, Anna University ",Tamil nadu,Medical,--,--,8.4,8.7,7.7,8.1,8.7,8.3,8.7,"/images/College_of_Engineering,_Anna_University.png"
Madras Christian College ,Tamil nadu,Medical,"19,000","21,000",8.6,8.5,7.9,8.6,8.7,8.4,9.2,/images/Madras_Christian_College.png
Women's Christian College ,Tamil nadu,Medical,"5,000",--,8.7,9,7.9,8.8,9.1,8.5,8.9,/images/Women's_Christian_College.png
"Saveetha Dental College & Hospital, Chennai ",Tamil nadu,Medical,"7,00,000","6,00,000",7.9,7.7,7,8.8,7.3,8.5,8,"/images/Saveetha_Dental_College_&_Hospital,_Chennai.png"
Bishop Heber College ,Tamil nadu,Medical,--,--,8.3,8.5,7.8,8.2,8.9,8.1,8.4,/images/Bishop_Heber_College.png
Dr. N.G.P. Arts and Science College ,Tamil nadu,Medical,--,--,7.6,7.8,7.1,7.5,8.4,7.7,7,/images/Dr._N.G.P._Arts_and_Science_College.png
Anna University ,Tamil nadu,Medical,--,--,7.7,8,7.2,7.6,8.1,7.7,7.8,/images/Anna_University.png
"Lady Doak College, Madurai ",Tamil nadu,Medical,"15,000",--,8.4,9.1,7.2,8.7,8.6,8.4,8.2,"/images/Lady_Doak_College,_Madurai.png"
Sree Balaji Medical College and Hospital ,Tamil nadu,Medical,"1,25,000","1,25,000",8.6,8.9,8.3,9.1,8.1,8.9,8.5,/images/Sree_Balaji_Medical_College_and_Hospital.png
"Holy Cross College (Autonomous), Tiruchirappalli ",Tamil nadu,Medical,"50,530",--,8.7,9.3,8.4,9,9.1,7.9,8.7,"/images/Holy_Cross_College_(Autonomous),_Tiruchirappalli.png"
"Vels Institute of Science, Technology & Advanced ",Tamil nadu,Medical,"57,800","54,550",8.1,8.4,7.5,8.4,8.1,7.8,8.3,"/images/Vels_Institute_of_Science,_Technology_&_Advanced.png"
Sri Chandrasekharendra Saraswathi Viswa Mahavidyalaya ,Tamil nadu,Medical,"3,77,500",--,7.2,7.7,6.4,7.6,7.6,6.6,7.3,/images/Sri_Chandrasekharendra_Saraswathi_Viswa_Mahavidyalaya.png
Hindustan Institute of Technology and Science ,Tamil nadu,Medical,--,--,7.6,7.8,6.9,7.8,7.9,6.9,8,/images/Hindustan_Institute_of_Technology_and_Science.png
"Mohamed Sathak College of Arts and Science, ",Tamil nadu,Medical,--,--,7.9,8,7.9,8.3,7.7,7.3,8,"/images/Mohamed_Sathak_College_of_Arts_and_Science,.png"
"Dr. M.G.R. Educational and Research Institute, Chennai ",Tamil nadu,Medical,"95,000","35,000",7.4,7.6,7.4,7.1,7.8,6.8,7.5,"/images/Dr._M.G.R._Educational_and_Research_Institute,_Chennai.png"
"Hindusthan College of Arts and Science- [HICAS], ",Tamil nadu,Medical,--,--,7.5,7.7,6.5,7.4,8.4,7.5,7.3,"/images/Hindusthan_College_of_Arts_and_Science-_[HICAS],.png"
"Alagappa University, Karaikudi ",Tamil nadu,Medical,"5,500",--,8.5,8.9,7.9,8.9,8.4,8.2,8.4,"/images/Alagappa_University,_Karaikudi.png"
Avinashilingam Institute For Home Science and Higher ,Tamil nadu,Medical,"52,275",--,7.9,8.3,6.9,8.3,8.3,7.7,8,/images/Avinashilingam_Institute_For_Home_Science_and_Higher.png
Bharathiar University ,Tamil nadu,Medical,--,--,7.8,8,7.6,8.1,7.7,7.5,7.9,/images/Bharathiar_University.png
Bharath University ,Tamil nadu,Medical,--,--,7.6,7.9,7.1,8.1,7.6,7.8,7,/images/Bharath_University.png
Vinayaka Missions University ,Tamil nadu,Medical,"75,700","35,400",8,8.2,7.2,8.7,7.6,7.8,8.4,/images/Vinayaka_Missions_University.png
All India Institute of Management Studies ,Tamil nadu,Medical,"25,000",--,9.3,9.3,9.7,9,9.3,9.3,9,/images/All_India_Institute_of_Management_Studies.png
Dr DY Patil Vidyapeeth ,Maharashtra,Medical,"3,95,000","1,90,000",8.4,8.9,8.4,8.4,8.6,7.3,9,/images/Dr_DY_Patil_Vidyapeeth.png
Armed Forces Medical College ,Maharashtra,Medical,"34,000","31,870",9.7,9.4,9.7,9.7,9.6,9.9,9.9,/images/Armed_Forces_Medical_College.png
Grant Medical College and Sir J. J. ,Maharashtra,Medical,--,--,8.8,8.5,8.2,8.4,9.1,9.1,9.7,/images/Grant_Medical_College_and_Sir_J._J..png
Seth GS Medical College ,Maharashtra,Medical,"67,230","67,230",8,8.8,6.7,7.6,8,8.2,8.4,/images/Seth_GS_Medical_College.png
Mahatma Gandhi Institute of Medical Sciences ,Maharashtra,Medical,"75,200","92,900",8.1,8.7,7.9,7.9,7.7,8.6,7.5,/images/Mahatma_Gandhi_Institute_of_Medical_Sciences.png
"Lokmanya Tilak Municipal Medical College-[LTMMC], Mumbai ",Maharashtra,Medical,"44,335","44,335",7.2,8.2,5,7.7,6.3,8.3,7.7,"/images/Lokmanya_Tilak_Municipal_Medical_College-[LTMMC],_Mumbai.png"
Byramjee Jeejeebhoy Government Medical College ,Maharashtra,Medical,"47,500","1,04,400",8.2,8.2,7.4,8.5,7.8,8.4,8.8,/images/Byramjee_Jeejeebhoy_Government_Medical_College.png
K.J. Somaiya Medical College & Research Centre ,Maharashtra,Medical,"10,25,000","8,00,000",7.6,8.3,6.5,8.6,6,8.8,7.6,/images/K.J._Somaiya_Medical_College_&_Research_Centre.png
Dr DY Patil Medical College Hospital and ,Maharashtra,Medical,"19,00,000","25,00,000",7.6,7.9,6.6,7.6,7.9,7.5,8,/images/Dr_DY_Patil_Medical_College_Hospital_and.png
"Government Medical College and Hospital, Aurangabad ",Maharashtra,Medical,"1,07,710",--,8.1,8.8,7.4,8.4,7.6,8.6,7.7,"/images/Government_Medical_College_and_Hospital,_Aurangabad.png"
"Government Medical College, Latur ",Maharashtra,Medical,"98,830","71,230",7.9,7.5,7.5,8.2,7.5,8.7,7.8,"/images/Government_Medical_College,_Latur.png"
"MGM Medical College, Navi Mumbai ",Maharashtra,Medical,"95,000","25,00,000",7.2,7.8,6,7.7,7,7.5,7,"/images/MGM_Medical_College,_Navi_Mumbai.png"
"D Y Patil Medical College, Kolhapur ",Maharashtra,Medical,"22,00,000","32,20,000",6.7,7,5.6,7.4,6.4,6.6,7,"/images/D_Y_Patil_Medical_College,_Kolhapur.png"
"St. Xavier's College, Mumbai ",Maharashtra,Medical,"65,000",--,8.2,8.7,7.3,8.3,8.8,7.6,8.7,"/images/St._Xavier's_College,_Mumbai.png"
"Shailesh J. Mehta School of Management, IIT ",Maharashtra,Medical,"23,600",--,8,8.3,7.9,8.5,8.5,8.4,6.6,"/images/Shailesh_J._Mehta_School_of_Management,_IIT.png"
Savitribai Phule Pune University ,Maharashtra,Medical,--,--,7.6,8.1,7.1,7.9,7.9,6.8,7.5,/images/Savitribai_Phule_Pune_University.png
"DY Patil University, Navi Mumbai ",Maharashtra,Medical,"6,00,000","6,15,000",7.5,7.3,7.1,7.7,7.5,7.4,7.8,"/images/DY_Patil_University,_Navi_Mumbai.png"
Narsee Monjee Institute of Management Studies ,Maharashtra,Medical,"3,27,000",--,8.1,8.4,7.6,8.5,8.1,7.9,8.2,/images/Narsee_Monjee_Institute_of_Management_Studies.png
Mumbai University ,Maharashtra,Medical,"44,000","3,450",7.2,7.6,6.5,7.9,7.4,6.6,7,/images/Mumbai_University.png
Maharashtra Institute of Medical Education and Research ,Maharashtra,Medical,"9,56,025","8,00,000",8.1,8.8,8.3,8,8.5,7.6,7.5,/images/Maharashtra_Institute_of_Medical_Education_and_Research.png
Smt Kashibai Navale Medical College and General ,Maharashtra,Medical,"13,40,000","10,55,000",7.2,7.4,6.4,8,7.6,7,7,/images/Smt_Kashibai_Navale_Medical_College_and_General.png
Rashtrasant Tukadoji Maharaj Nagpur University ,Maharashtra,Medical,"27,030","27,030",7.5,8,7.2,7.7,7.9,6.9,7.4,/images/Rashtrasant_Tukadoji_Maharaj_Nagpur_University.png
Dr. Vithalrao Vikhe Patil Foundation's Medical College ,Maharashtra,Medical,"8,15,000","8,00,000",8.3,8.5,7.4,8.6,9.4,8.3,7.4,/images/Dr._Vithalrao_Vikhe_Patil_Foundation's_Medical_College.png
Bharati Vidyapeeth Deemed University ,Maharashtra,Medical,"1,00,000","25,000",7.8,8.1,6.8,7.9,8.1,7.7,8.2,/images/Bharati_Vidyapeeth_Deemed_University.png
"Yashwantrao Chavan Maharashtra Open University- [YCMOU], Nashik ",Maharashtra,Medical,"14,500","25,000",7.4,8.5,6.3,7.6,7.9,7.5,6.4,"/images/Yashwantrao_Chavan_Maharashtra_Open_University-_[YCMOU],_Nashik.png"
Krishna Institute of Medical Sciences University ,Maharashtra,Medical,"1,05,000","21,00,000",8.1,8.4,7,7.8,9.1,8.2,8.3,/images/Krishna_Institute_of_Medical_Sciences_University.png
Indira Gandhi Government Medical College & Hospital ,Maharashtra,Medical,"84,150","84,150",8,8.9,8.1,8,7.5,8.3,7.4,/images/Indira_Gandhi_Government_Medical_College_&_Hospital.png
Shivaji University ,Maharashtra,Medical,--,--,7.6,7.9,7.2,8.1,8.1,6.3,8,/images/Shivaji_University.png
MIT World Peace University ,Maharashtra,Medical,"1,50,000",--,8,8.1,7,8,8.5,7.7,8.4,/images/MIT_World_Peace_University.png
Tata Institute of Social Sciences ,Maharashtra,Medical,"64,500","1,20,000",8.6,9,8.1,8.9,8.6,8.4,8.6,/images/Tata_Institute_of_Social_Sciences.png
Sanjay Gandhi Postgraduate Institute of Medical Sciences ,Uttar pradesh,Medical,"72,800","75,900",7.5,7,6.2,8.2,8.2,7.8,7.8,/images/Sanjay_Gandhi_Postgraduate_Institute_of_Medical_Sciences.png
Banaras Hindu University ,Uttar pradesh,Medical,"8,368","30,000",8.3,8.7,8.1,8.4,8.8,7.2,8.6,/images/Banaras_Hindu_University.png
King George's Medical University ,Uttar pradesh,Medical,"73,000","73,000",8.9,9.3,8.2,9.1,9.4,9.1,8.4,/images/King_George's_Medical_University.png
Aligarh Muslim University ,Uttar pradesh,Medical,"47,570","47,570",8.3,8.8,7.9,8.5,8.8,7.2,8.6,/images/Aligarh_Muslim_University.png
"Era's Lucknow Medical College and Hospital, Lucknow ",Uttar pradesh,Medical,"16,60,000","1,45,000",7,7.7,6.2,7.5,7.7,7,5.8,"/images/Era's_Lucknow_Medical_College_and_Hospital,_Lucknow.png"
Institute of Medical Sciences ,Uttar pradesh,Medical,"50,000","29,748",8.6,9.2,7.5,8.9,8.2,9.2,8.4,/images/Institute_of_Medical_Sciences.png
Shri Ram Murti Smarak Institute of Medical ,Uttar pradesh,Medical,"13,52,000","1,26,000",5.7,6,3,7,6,6,6,/images/Shri_Ram_Murti_Smarak_Institute_of_Medical.png
Jawahar Lal Nehru Medical College ,Uttar pradesh,Medical,"32,445","32,445",8.4,9.1,8,8.8,8.5,9,7,/images/Jawahar_Lal_Nehru_Medical_College.png
"Amity University, Noida ",Uttar pradesh,Medical,"84,000","1,20,000",8.2,8,7.9,8.1,8.9,7.6,8.7,"/images/Amity_University,_Noida.png"
"Amity University, Lucknow ",Uttar pradesh,Medical,"1,82,000",--,8.1,8,7.6,8.1,8.8,7.1,8.8,"/images/Amity_University,_Lucknow.png"
Baba Raghav Das Medical College ,Uttar pradesh,Medical,"42,000","42,000",8.4,8.6,7.7,8.3,8.5,8.7,8.3,/images/Baba_Raghav_Das_Medical_College.png
Sam Higginbottom University of Agriculture Technology and ,Uttar pradesh,Medical,"1,04,000","10,000",7.2,7.6,6.6,7.5,7.5,6,7.9,/images/Sam_Higginbottom_University_of_Agriculture_Technology_and.png
Ewing Christian College ,Uttar pradesh,Medical,"35,000",--,7,8.2,5.7,7.9,7.5,5.1,7.8,/images/Ewing_Christian_College.png
Teerthanker Mahaveer University ,Uttar pradesh,Medical,"60,500","1,03,000",8.1,8.3,7.6,8.2,8.7,7.3,8.3,/images/Teerthanker_Mahaveer_University.png
Mangalayatan University ,Uttar pradesh,Medical,"50,000","80,000",7.9,7.8,7.8,8.2,8.4,7.1,8.1,/images/Mangalayatan_University.png
Institute of Technology and Science ,Uttar pradesh,Medical,"86,000","95,000",8.2,8.6,7.5,8.3,8.6,7.9,8.1,/images/Institute_of_Technology_and_Science.png
DAV College ,Uttar pradesh,Medical,"8,350",--,6.7,7.5,5.6,7.3,7,5.8,7.1,/images/DAV_College.png
"Teerthanker Mahaveer University, College of Architecture ",Uttar pradesh,Medical,--,--,--,--,--,--,--,--,--,"/images/Teerthanker_Mahaveer_University,_College_of_Architecture.png"
Chhatrapati Shahu Ji Maharaj University ,Uttar pradesh,Medical,"30,500","89,143",7.1,7.2,6.6,7.5,8,5.8,7.7,/images/Chhatrapati_Shahu_Ji_Maharaj_University.png
University of Lucknow ,Uttar pradesh,Medical,"56,160","15,080",7.4,7.9,7,7.8,7.7,6.1,7.6,/images/University_of_Lucknow.png
Narendra Deva University of Agriculture and Technology ,Uttar pradesh,Medical,"88,000",--,7.1,7.4,7.1,7.9,7.1,6.2,7,/images/Narendra_Deva_University_of_Agriculture_and_Technology.png
J.S. University ,Uttar pradesh,Medical,"10,500","10,500",8.5,8.5,7.8,8.7,9,8.2,8.6,/images/J.S._University.png
Institute of Applied Medicines and Research ,Uttar pradesh,Medical,"70,000","85,000",9.6,--,--,--,--,--,--,/images/Institute_of_Applied_Medicines_and_Research.png
Sharda University ,Uttar pradesh,Medical,"1,23,600","1,50,380",7.9,7.7,7.6,7.9,8.6,6.9,8.6,/images/Sharda_University.png
Galgotias University ,Uttar pradesh,Medical,"60,000","60,000",7.6,7.9,6.9,7.9,7.5,7.7,7.8,/images/Galgotias_University.png
Annie Besant College of Engineering And Management ,Uttar pradesh,Medical,--,--,7,8,6,7,9,7,5,/images/Annie_Besant_College_of_Engineering_And_Management.png
"Rama University, Kanpur ",Uttar pradesh,Medical,"70,000","54,000",6.7,6.6,6.1,7.3,6.5,6.6,7.1,"/images/Rama_University,_Kanpur.png"
"Integral University, Lucknow ",Uttar pradesh,Medical,"70,000","50,000",7.4,7.6,7.3,7.4,8,6.5,7.4,"/images/Integral_University,_Lucknow.png"
"GLA University, Mathura ",Uttar pradesh,Medical,"1,35,000","57,000",8.2,8.2,7.9,8.3,8.3,8.2,8.1,"/images/GLA_University,_Mathura.png"
Sanskriti University ,Uttar pradesh,Medical,"50,000","50,000",7,7.2,6.7,7,7.5,6.9,6.8,/images/Sanskriti_University.png
All India Institute of Medical Sciences Delhi,Delhi ncr,Medical,"1,145","1,465",8.7,9,8,9.1,9,8.2,8.8,/images/All_India_Institute_of_Medical_Sciences_Delhi.png
Institute of Liver and Biliary Sciences ,Delhi ncr,Medical,"70,000","80,000",8.8,9.4,9,8.8,9.1,8.2,8.5,/images/Institute_of_Liver_and_Biliary_Sciences.png
Maulana Azad Medical College ,Delhi ncr,Medical,"15,450",--,8.8,9.4,8,9.1,8.6,9.1,8.8,/images/Maulana_Azad_Medical_College.png
"Jamia Hamdard University, New Delhi ",Delhi ncr,Medical,"1,35,000","1,45,000",7.5,8.1,7.3,7.8,8.1,6.5,7.4,"/images/Jamia_Hamdard_University,_New_Delhi.png"
Vardhman Mahavir Medical College ,Delhi ncr,Medical,"41,000","33,500",8.9,8.6,8.8,9.4,8.6,9.7,8,/images/Vardhman_Mahavir_Medical_College.png
University College of Medical Sciences ,Delhi ncr,Medical,"6,445","7,045",8.7,8.8,8.2,9,8.5,9.2,8.5,/images/University_College_of_Medical_Sciences.png
Lady Hardinge Medical College ,Delhi ncr,Medical,"1,400","18,600",8.4,8.7,7.8,8.8,8.2,8.6,8,/images/Lady_Hardinge_Medical_College.png
Army College of Medical Science ,Delhi ncr,Medical,"4,57,000",--,8.5,8.5,7.9,8.8,8.6,8.7,8.4,/images/Army_College_of_Medical_Science.png
Pt Bhagwat Dayal Sharma Post Graduate Institute ,Delhi ncr,Medical,"12,395","21,153",7.5,8.4,7.5,8.1,7.5,7.6,6.1,/images/Pt_Bhagwat_Dayal_Sharma_Post_Graduate_Institute.png
Jawaharlal Nehru University ,Delhi ncr,Medical,"1,381",--,8.5,9,8.2,9,8.7,7.2,9.1,/images/Jawaharlal_Nehru_University.png
"Jamia Millia Islamia University-[JMI], New Delhi ",Delhi ncr,Medical,"49,150","21,800",8,8.4,7.6,8.3,8.4,7.2,8.2,"/images/Jamia_Millia_Islamia_University-[JMI],_New_Delhi.png"
Guru Gobind Singh Indraprastha University ,Delhi ncr,Medical,"93,100",--,7.8,8.1,7.5,8,8.1,6.9,8.1,/images/Guru_Gobind_Singh_Indraprastha_University.png
Delhi University ,Delhi ncr,Medical,--,--,7.9,8.4,7.4,8.4,7.9,7.2,8.3,/images/Delhi_University.png
Maharshi Dayanand University ,Delhi ncr,Medical,"28,424",--,7.8,8,7.7,8,8.4,6.6,8,/images/Maharshi_Dayanand_University.png
"Amity University, Noida ",Delhi ncr,Medical,"84,000","1,20,000",8.2,8,7.9,8.1,8.9,7.6,8.7,"/images/Amity_University,_Noida.png"
Hamdard Institute of Medical Sciences and Research ,Delhi ncr,Medical,"1,34,500","2,04,500",8.6,8.6,8.1,8.8,8.7,8.6,8.8,/images/Hamdard_Institute_of_Medical_Sciences_and_Research.png
Apeejay Stya University ,Delhi ncr,Medical,"1,30,200",--,7.9,8.2,7.5,7.9,7.5,7.7,8.3,/images/Apeejay_Stya_University.png
Indira Gandhi National Open University ,Delhi ncr,Medical,"60,000","6,500",7.1,7.7,5.7,8.1,7.3,6.3,7.3,/images/Indira_Gandhi_National_Open_University.png
Institute of Technology and Science ,Delhi ncr,Medical,"86,000","95,000",8.2,8.6,7.5,8.3,8.6,7.9,8.1,/images/Institute_of_Technology_and_Science.png
"Ashoka University, Sonepat ",Delhi ncr,Medical,"45,000",--,8.6,8.6,8.6,8.9,8.7,8.3,8.5,"/images/Ashoka_University,_Sonepat.png"
"Gurugram University, Gurgaon ",Delhi ncr,Medical,"40,000","50,000",8.2,8.6,7.4,8.4,8.6,8,8.1,"/images/Gurugram_University,_Gurgaon.png"
Institute of Applied Medicines and Research ,Delhi ncr,Medical,"70,000","85,000",9.6,--,--,--,--,--,--,/images/Institute_of_Applied_Medicines_and_Research.png
Sharda University ,Delhi ncr,Medical,"1,23,600","1,50,380",7.9,7.7,7.6,7.9,8.6,6.9,8.6,/images/Sharda_University.png
Galgotias University ,Delhi ncr,Medical,"60,000","60,000",7.6,7.9,6.9,7.9,7.5,7.7,7.8,/images/Galgotias_University.png
"Amity University, Gurgaon ",Delhi ncr,Medical,"1,06,000","84,000",7.7,7.8,7.1,7.6,8.6,7.1,8.1,"/images/Amity_University,_Gurgaon.png"
Delhi Pharmaceutical Sciences and Research University ,Delhi ncr,Medical,"44,050","57,050",9,9.6,8.8,8.8,9.4,8.6,8.8,/images/Delhi_Pharmaceutical_Sciences_and_Research_University.png
Manav Rachna International Institute of Research and ,Delhi ncr,Medical,"1,36,000","1,71,000",7.5,7.4,7.3,7.5,8.3,6.6,7.6,/images/Manav_Rachna_International_Institute_of_Research_and.png
"Starex University, Gurgaon ",Delhi ncr,Medical,"75,000","60,000",8.8,9.1,9.1,8.7,8.6,8.5,8.7,"/images/Starex_University,_Gurgaon.png"
SunRise University ,Delhi ncr,Medical,"19,200","20,200",8.1,8.1,7.3,8.7,8.1,7.9,8.4,/images/SunRise_University.png
"Nehru Homeopathic Medical College & Hospital, New ",Delhi ncr,Medical,"3,120",--,7.1,8.5,5.8,8.5,7.6,5.1,7.3,"/images/Nehru_Homeopathic_Medical_College_&_Hospital,_New.png"
Sri Venkateswara Institute of Medical Sciences ,Andhra pradesh,Medical,"52,900","27,700",7.8,8.2,7.9,8.1,7.5,7.5,7.5,/images/Sri_Venkateswara_Institute_of_Medical_Sciences.png
Maharajah's Institute of Medical Sciences ,Andhra pradesh,Medical,"15,000","26,68,050",8,8.6,7.2,8.7,8.3,7.4,8,/images/Maharajah's_Institute_of_Medical_Sciences.png
Konaseema Institute of Medical Sciences & Research ,Andhra pradesh,Medical,--,--,7.9,8,7.2,8,8.2,7.8,8.4,/images/Konaseema_Institute_of_Medical_Sciences_&_Research.png
PES Institute of Medical Sciences and Research ,Andhra pradesh,Medical,"46,550","4,32,000",7.9,8.3,6.5,8.4,8.4,7.6,8.3,/images/PES_Institute_of_Medical_Sciences_and_Research.png
Dr. Pinnamaneni Siddhartha Institute of Medical Sciences ,Andhra pradesh,Medical,"1,40,000","17,90,500",6.3,7,6,6,7,6,6,/images/Dr._Pinnamaneni_Siddhartha_Institute_of_Medical_Sciences.png
"Guntur Medical College, Guntur ",Andhra pradesh,Medical,--,--,8,8.3,7.4,8.3,7.3,8.5,8,"/images/Guntur_Medical_College,_Guntur.png"
Alluri Sitarama Raju Academy of Medical Sciences ,Andhra pradesh,Medical,"7,60,725","26,68,050",9.1,9.3,8.7,9.3,9.3,9,9,/images/Alluri_Sitarama_Raju_Academy_of_Medical_Sciences.png
"Great Eastern Medical School and Hospital, Srikakulam ",Andhra pradesh,Medical,"71,576","4,71,363",7,8.3,6.7,6,8.7,5.7,6.3,"/images/Great_Eastern_Medical_School_and_Hospital,_Srikakulam.png"
"GITAM, Visakhapatnam ",Andhra pradesh,Medical,"2,00,000","20,75,700",8.3,8.3,8,8.1,8.8,8.1,8.5,"/images/GITAM,_Visakhapatnam.png"
Acharya Nagarjuna University ,Andhra pradesh,Medical,"5,200",--,7.3,7.7,7,7.2,8,5.7,8.2,/images/Acharya_Nagarjuna_University.png
Centurion University of Technology and Management ,Andhra pradesh,Medical,"60,000",--,7.8,8,7.2,8.3,7.6,7.4,8.3,/images/Centurion_University_of_Technology_and_Management.png
"Risali Institute of Management, Visakhapatnam ",Andhra pradesh,Medical,"1,30,000",--,8.4,8.2,8.3,8.3,8.8,8.4,8.4,"/images/Risali_Institute_of_Management,_Visakhapatnam.png"
Alwar School of Business ,Andhra pradesh,Medical,"1,45,000",--,8,8,8,8,8,6.8,9,/images/Alwar_School_of_Business.png
Dantuluri Narayana Raju college ,Andhra pradesh,Medical,--,--,8.5,8.5,8.3,8.7,9.2,6.7,9.3,/images/Dantuluri_Narayana_Raju_college.png
Government Degree College (Men) ,Andhra pradesh,Medical,--,--,7.8,8.5,5.5,--,--,--,--,/images/Government_Degree_College_(Men).png
"Govt Degree College Women, Srikakulam ",Andhra pradesh,Medical,--,--,8.5,9,8,--,--,--,--,"/images/Govt_Degree_College_Women,_Srikakulam.png"
Sri Padmavati Mahila Visvavidyalayam ,Andhra pradesh,Medical,"6,000",--,7.6,8.3,7.4,7.8,7.5,6.2,8.1,/images/Sri_Padmavati_Mahila_Visvavidyalayam.png
GITAM Institute of Pharmacy ,Andhra pradesh,Medical,--,--,6.2,7,4,7,7,4,8,/images/GITAM_Institute_of_Pharmacy.png
"GSL Medical College and General Hospital, Rajahmundhry ",Andhra pradesh,Medical,"24,20,000","24,20,000",7.9,8.1,6.8,8,8.2,8.2,8.3,"/images/GSL_Medical_College_and_General_Hospital,_Rajahmundhry.png"
"Fathima Institute of Medical Sciences, Kadapa ",Andhra pradesh,Medical,--,--,8.2,8,8,7.5,8.3,9,8.5,"/images/Fathima_Institute_of_Medical_Sciences,_Kadapa.png"
"Katuri Medical College and Hospital, Guntur ",Andhra pradesh,Medical,"1,50,000","7,60,625",8.4,8.6,7.9,8.5,8.7,8.3,8.6,"/images/Katuri_Medical_College_and_Hospital,_Guntur.png"
Kurnool Medical College ,Andhra pradesh,Medical,"23,155",--,7.9,8.1,8.4,7.9,7.2,8.4,7.6,/images/Kurnool_Medical_College.png
NRI Medical College ,Andhra pradesh,Medical,"3,19,725","3,19,725",8.4,8.7,7.3,8.8,8.4,8.8,8.3,/images/NRI_Medical_College.png
"Narayana Medical College and Hospital, Nellore ",Andhra pradesh,Medical,"7,50,000","1,70,000",8.2,8.6,7.9,7.8,9.3,7.4,7.9,"/images/Narayana_Medical_College_and_Hospital,_Nellore.png"
"Siddhartha Medical College, Vijayawada ",Andhra pradesh,Medical,"25,100","11,000",7.4,7.7,6.8,7.7,7,7.8,7.2,"/images/Siddhartha_Medical_College,_Vijayawada.png"
"Swatantra Institute of Physiotherapy and Rehabilitation, Rajahmundhry ",Andhra pradesh,Medical,--,--,9.3,--,--,--,--,--,--,"/images/Swatantra_Institute_of_Physiotherapy_and_Rehabilitation,_Rajahmundhry.png"
Thammineni Institute of Medical Science ,Andhra pradesh,Medical,"24,000",--,--,--,--,--,--,--,--,/images/Thammineni_Institute_of_Medical_Science.png
Narayana Nursing Institution ,Andhra pradesh,Medical,--,--,--,--,--,--,--,--,--,/images/Narayana_Nursing_Institution.png
Bhagavantham Gupta Bangaru Seshavatharam Women's College ,Andhra pradesh,Medical,--,--,--,--,--,--,--,--,--,/images/Bhagavantham_Gupta_Bangaru_Seshavatharam_Women's_College.png
Andhra University ,Andhra pradesh,Medical,"36,000",--,7.9,8.3,7.1,8.3,7.9,7.4,8.1,/images/Andhra_University.png
Kasturba Medical College ,Karnataka,Medical,"1,24,000","16,60,000",9,9,8.1,9,9.5,8.9,9.3,/images/Kasturba_Medical_College.png
"St John's Medical College, Bangalore ",Karnataka,Medical,"9,10,450","5,00,000",8.6,8.2,8.8,8.3,9.2,8.5,8.6,"/images/St_John's_Medical_College,_Bangalore.png"
Kasturba Medical College ,Karnataka,Medical,"2,30,000","2,30,000",8.5,9.2,8.2,9.1,8.1,8.2,8.3,/images/Kasturba_Medical_College.png
JSS Medical College and Hospital ,Karnataka,Medical,"94,300","14,75,000",7.9,8.4,7.1,8.3,8.4,8,7,/images/JSS_Medical_College_and_Hospital.png
"Ramaiah Medical College, Bangalore ",Karnataka,Medical,"4,26,350","67,000",8.8,9.3,7.9,9.4,9.3,8.6,8.1,"/images/Ramaiah_Medical_College,_Bangalore.png"
Bangalore Medical College and Research Institute ,Karnataka,Medical,"17,970","34,720",8.4,8.6,7.7,8.2,7.9,9.3,8.5,/images/Bangalore_Medical_College_and_Research_Institute.png
KS Hegde Medical Academy ,Karnataka,Medical,"1,18,000","1,17,500",8.6,9,8.4,9.6,8.4,8.2,8.2,/images/KS_Hegde_Medical_Academy.png
Belagavi Institute of Medical Sciences ,Karnataka,Medical,"65,780","1,18,500",8.6,9.1,8,9,7.4,9.8,8,/images/Belagavi_Institute_of_Medical_Sciences.png
"Jawaharlal Nehru Medical College, Belagavi ",Karnataka,Medical,"14,30,000","33,10,000",8,8.6,7.3,8.3,8.5,7.6,7.9,"/images/Jawaharlal_Nehru_Medical_College,_Belagavi.png"
Manipal College of Dental Sciences ,Karnataka,Medical,"30,000",--,8.7,9,7.2,9.1,9.4,8.2,9.3,/images/Manipal_College_of_Dental_Sciences.png
Manipal Academy of Higher Education ,Karnataka,Medical,"2,30,000","2,62,000",8.4,8.5,8.2,8.6,8.8,7.8,8.4,/images/Manipal_Academy_of_Higher_Education.png
"JSS Academy of Higher Education & Research, ",Karnataka,Medical,"75,590","1,14,300",8.2,8.3,7.5,8.6,8.5,8,8,"/images/JSS_Academy_of_Higher_Education_&_Research,.png"
Yenepoya Dental College ,Karnataka,Medical,"6,00,000","2,90,000",7.4,8,6.2,7.8,7.8,7.2,7.6,/images/Yenepoya_Dental_College.png
"The Oxford College of Business Management, Bangalore ",Karnataka,Medical,"26,400",--,6.6,7,6.2,7.8,7,5.8,5.9,"/images/The_Oxford_College_of_Business_Management,_Bangalore.png"
Dayananda Sagar University ,Karnataka,Medical,"39,600","1,57,750",7.3,7.7,6.3,8,7.7,7.6,6.7,/images/Dayananda_Sagar_University.png
Garden City University ,Karnataka,Medical,"1,19,000","90,100",7.8,7.7,7.5,7.8,8.2,7.3,8.5,/images/Garden_City_University.png
Indian Institute of Science ,Karnataka,Medical,"35,200",--,9,9.6,8.5,9.4,9.5,8.4,8.4,/images/Indian_Institute_of_Science.png
Jain University ,Karnataka,Medical,--,--,7.8,7.9,7.2,7.9,7.6,7.9,8,/images/Jain_University.png
"REVA University, Bangalore ",Karnataka,Medical,--,--,8.4,8.3,8.1,8.3,9.3,7.8,8.4,"/images/REVA_University,_Bangalore.png"
"KLE University, Belgaum ",Karnataka,Medical,"71,000","71,000",7.2,7.4,7,7.6,7.9,6.1,7.4,"/images/KLE_University,_Belgaum.png"
"Yenepoya University, Mangalore ",Karnataka,Medical,"60,000","75,000",7.8,8.3,6.9,8.2,8.6,7.6,6.9,"/images/Yenepoya_University,_Mangalore.png"
Nitte University ,Karnataka,Medical,"1,27,500","1,06,000",7.6,7.1,7.1,7.8,7.8,7.8,7.8,/images/Nitte_University.png
"Srinivas University, Mangalore ",Karnataka,Medical,"1,78,000","90,000",8.2,8.7,7.1,8.6,8.2,8.1,8.7,"/images/Srinivas_University,_Mangalore.png"
Adichunchanagiri University ,Karnataka,Medical,"1,12,850","5,21,000",7.5,7.3,6.7,8.2,7.7,7.6,7.7,/images/Adichunchanagiri_University.png
"BLDE University, Bijapur ",Karnataka,Medical,"62,000","1,01,000",8.1,8.3,7.8,8.4,8.1,7.7,8.1,"/images/BLDE_University,_Bijapur.png"
M.S. Ramaiah University of Applied Sciences ,Karnataka,Medical,"98,250",--,7.6,8.2,6.3,8.2,7.9,7.2,7.8,/images/M.S._Ramaiah_University_of_Applied_Sciences.png
"Krupanidhi Group of Institutions, Bangalore ",Karnataka,Medical,"1,30,000","4,02,000",8.7,8.8,8.2,8.8,8.9,8.8,8.9,"/images/Krupanidhi_Group_of_Institutions,_Bangalore.png"
Dayananda Sagar Institutions ,Karnataka,Medical,--,--,7.8,7.8,7.3,7.6,8.8,7.3,7.7,/images/Dayananda_Sagar_Institutions.png
Institute of Clinical Research ,Karnataka,Medical,--,--,8.6,9,8.3,9,8.7,8.7,8,/images/Institute_of_Clinical_Research.png
"Oxford Medical College Hospital and Research Centre, ",Karnataka,Medical,--,--,7.6,8.3,5.3,8.7,7,7.3,8.7,"/images/Oxford_Medical_College_Hospital_and_Research_Centre,.png"
Osmania Medical College ,Telangana,Medical,"26,600","28,100",8.4,8.6,7.6,8.6,7.8,9.1,8.5,/images/Osmania_Medical_College.png
"Gandhi Medical College, Secunderabad ",Telangana,Medical,--,--,7.3,7.9,7.6,7.7,7,6.9,6.7,"/images/Gandhi_Medical_College,_Secunderabad.png"
University of Hyderabad ,Telangana,Medical,"1,03,365",--,8.4,8.7,7.6,8.5,9,7.5,8.8,/images/University_of_Hyderabad.png
"SVS Medical College, Mahabub Nagar ",Telangana,Medical,"3,19,725","3,19,725",8.1,8.2,8,8.7,7.6,8.1,7.8,"/images/SVS_Medical_College,_Mahabub_Nagar.png"
"Dr VRK Women's Medical College, Hyderabad ",Telangana,Medical,"60,000",--,7.7,8,7,8,8,7,8,"/images/Dr_VRK_Women's_Medical_College,_Hyderabad.png"
Bhaskar Medical College ,Telangana,Medical,"11,55,000",--,7.9,8.1,7.1,8.3,7.9,7.8,7.9,/images/Bhaskar_Medical_College.png
Osmania University College for Women ,Telangana,Medical,--,--,8.2,8,8.4,8.7,8.5,6.5,9,/images/Osmania_University_College_for_Women.png
Osmania University ,Telangana,Medical,--,--,7.9,8.3,7.5,8,8,7.7,7.9,/images/Osmania_University.png
Kohinoor Technical Institute ,Telangana,Medical,--,--,6.7,7,--,--,6,7,--,/images/Kohinoor_Technical_Institute.png
Indian Institute of Public Health ,Telangana,Medical,"2,25,000","2,00,000",6.7,5.8,5.6,7.4,6.7,7.7,7,/images/Indian_Institute_of_Public_Health.png
Dr CC Mattei Electro Homoeopathic Alternative Medical ,Telangana,Medical,--,--,--,--,--,--,--,--,--,/images/Dr_CC_Mattei_Electro_Homoeopathic_Alternative_Medical.png
"Sri Sai College of Dental Surgery, Hyderabad ",Telangana,Medical,--,--,8,8.3,7.8,8,8,7.8,8,"/images/Sri_Sai_College_of_Dental_Surgery,_Hyderabad.png"
"Apollo Physiotherapy College, Hyderabad ",Telangana,Medical,--,--,8.6,--,--,--,--,--,--,"/images/Apollo_Physiotherapy_College,_Hyderabad.png"
Chalmeda Anand Rao Institute of Medical Sciences ,Telangana,Medical,"50,00,000","72,00,000",6.8,7.8,6.5,7,7,6.6,5.8,/images/Chalmeda_Anand_Rao_Institute_of_Medical_Sciences.png
"Deccan College of Medical Sciences, Hyderabad ",Telangana,Medical,--,--,7.7,7.5,7,8.1,7.8,7.9,7.7,"/images/Deccan_College_of_Medical_Sciences,_Hyderabad.png"
"Kamineni Institute of Medical Sciences, Nalgonda ",Telangana,Medical,"1,33,200","3,45,000",7.7,8.5,7.3,8.2,8,6.8,7.1,"/images/Kamineni_Institute_of_Medical_Sciences,_Nalgonda.png"
LV Prasad Eye Institute ,Telangana,Medical,--,--,8.3,8.2,7.8,8.7,8.4,8.8,7.9,/images/LV_Prasad_Eye_Institute.png
"Mamata Medical College, Khammam ",Telangana,Medical,"95,000",--,7.8,7.8,7.1,8.2,8.1,7.8,7.8,"/images/Mamata_Medical_College,_Khammam.png"
Mediciti Institute of Medical Sciences ,Telangana,Medical,--,--,7.1,7.8,6,7.3,7,7.5,7.2,/images/Mediciti_Institute_of_Medical_Sciences.png
"Mamata Nursing College, Khammam ",Telangana,Medical,"95,000",--,6.3,7.5,6.5,7,6,5,5.5,"/images/Mamata_Nursing_College,_Khammam.png"
Nizam's Institute of Medical Sciences ,Telangana,Medical,"19,000","1,66,000",8.5,9.2,8.2,8.6,8.4,8.1,8.3,/images/Nizam's_Institute_of_Medical_Sciences.png
Kakatiya Medical College ,Telangana,Medical,"10,250",--,7.7,7.6,7,7.9,7.1,7.9,8.7,/images/Kakatiya_Medical_College.png
Shadan Institute of Medical Sciences ,Telangana,Medical,"60,000",--,7.9,8.1,7.4,8.4,7.8,7.6,7.8,/images/Shadan_Institute_of_Medical_Sciences.png
Apollo Institute of Medical Science & Research ,Telangana,Medical,"60,000",--,6.7,7.2,6.3,8.4,8,5.5,5,/images/Apollo_Institute_of_Medical_Science_&_Research.png
"ESIC Medical College, Hyderabad ",Telangana,Medical,"4,50,000",--,8.2,8.7,8.2,8.3,8.4,8.3,7.5,"/images/ESIC_Medical_College,_Hyderabad.png"
"Malla Reddy Institute of Medical Sciences-[MRIMS], Hyderabad ",Telangana,Medical,--,--,8.7,9,8.1,9.1,8.7,8.6,8.7,"/images/Malla_Reddy_Institute_of_Medical_Sciences-[MRIMS],_Hyderabad.png"
Sri Raja Rajeshwara Government Arts & Science ,Telangana,Medical,--,--,--,--,--,--,--,--,--,/images/Sri_Raja_Rajeshwara_Government_Arts_&_Science.png
"Kaloji Narayana Rao University of Health Sciences, ",Telangana,Medical,"24,20,000","2,25,000",8.3,8.8,8,8.4,8.7,8,8.1,"/images/Kaloji_Narayana_Rao_University_of_Health_Sciences,.png"
"Government Medical College, Mahabub Nagar ",Telangana,Medical,"36,560",--,--,--,--,--,--,--,--,"/images/Government_Medical_College,_Mahabub_Nagar.png"
Malla Reddy University ,Telangana,Medical,"1,00,000",--,--,--,--,--,--,--,--,/images/Malla_Reddy_University.png
Sri Aurobindo Institute of Medical Sciences ,Madhya pradesh,Medical,"8,67,000","16,50,000",7.8,8.7,6.9,8.2,8.7,8.1,6.2,/images/Sri_Aurobindo_Institute_of_Medical_Sciences.png
Rabindranath Tagore University ,Madhya pradesh,Medical,"15,000","60,000",7.7,8,7.4,7.8,8.6,6.4,7.8,/images/Rabindranath_Tagore_University.png
"Rajeev Gandhi College, Bhopal ",Madhya pradesh,Medical,--,--,6.7,7,5.9,7.3,7.1,5.6,7.2,"/images/Rajeev_Gandhi_College,_Bhopal.png"
Institute for Excellence in Higher Education ,Madhya pradesh,Medical,"8,000",--,7.2,7.9,6.5,7.9,7,6.7,7.4,/images/Institute_for_Excellence_in_Higher_Education.png
Government M L B Girls PG College ,Madhya pradesh,Medical,--,--,6.9,7.1,6.5,7.4,6.5,5.8,7.8,/images/Government_M_L_B_Girls_PG_College.png
"Devi Ahilya Vishwavidyalaya, Indore ",Madhya pradesh,Medical,"34,500",--,7.5,8,6.5,7.8,7.5,7,7.9,"/images/Devi_Ahilya_Vishwavidyalaya,_Indore.png"
Barkatullah University ,Madhya pradesh,Medical,"14,450","7,450",6.9,7.3,6.1,7.4,6.9,6,7.5,/images/Barkatullah_University.png
Atal Bihari Vajpayee Hindi Vishwavidyalaya ,Madhya pradesh,Medical,"6,600","9,500",7.7,8.3,6.3,8.7,7.3,7.8,7.9,/images/Atal_Bihari_Vajpayee_Hindi_Vishwavidyalaya.png
"Career College, Bhopal ",Madhya pradesh,Medical,"56,000","75,000",8.3,8.4,7.6,8.7,8.3,8.4,8.3,"/images/Career_College,_Bhopal.png"
"RKDF University, Bhopal ",Madhya pradesh,Medical,"40,000","1,50,000",7.6,8,7,7.8,8,6.5,8.2,"/images/RKDF_University,_Bhopal.png"
LNCT University ,Madhya pradesh,Medical,"1,10,000","26,000",9,9,8.8,9.3,8.8,8.9,8.9,/images/LNCT_University.png
Sardar Patel University ,Madhya pradesh,Medical,"16,000",--,7.9,7.9,7.4,8.4,8,7.7,8,/images/Sardar_Patel_University.png
Shri Krishna University ,Madhya pradesh,Medical,"17,500",--,8.1,8.1,7.4,8.3,8.5,8,8,/images/Shri_Krishna_University.png
AKS University ,Madhya pradesh,Medical,"40,000",--,7.3,7.8,5.9,8.2,7.6,6.9,7.4,/images/AKS_University.png
"ITM University, Gwalior ",Madhya pradesh,Medical,"25,000","35,000",7.6,7.9,7,7.6,8.1,7.2,8,"/images/ITM_University,_Gwalior.png"
"People's University, Bhopal ",Madhya pradesh,Medical,"40,000","80,000",7,6.7,6.6,7.5,7.2,6.6,7.4,"/images/People's_University,_Bhopal.png"
"Swami Vivekanand University, Sagar ",Madhya pradesh,Medical,"23,100","22,600",6.3,6.9,5,7,6.4,5.6,6.6,"/images/Swami_Vivekanand_University,_Sagar.png"
Sarvepalli Radhakrishnan University ,Madhya pradesh,Medical,"34,000","1,29,400",7.4,7.9,6.3,7.8,7.1,7.4,8.1,/images/Sarvepalli_Radhakrishnan_University.png
"Malwanchal University, Indore ",Madhya pradesh,Medical,"60,650","12,50,700",7.4,7.7,7.3,7.3,7.3,7.7,7,"/images/Malwanchal_University,_Indore.png"
"IES University, Bhopal ",Madhya pradesh,Medical,"45,000",--,7.3,8,4,8.1,7,7.9,9,"/images/IES_University,_Bhopal.png"
Vikrant Group of Institutions ,Madhya pradesh,Medical,"30,000",--,9,9.4,8.5,9.1,9.6,8.7,8.9,/images/Vikrant_Group_of_Institutions.png
"VISM Group of Studies, Gwalior ",Madhya pradesh,Medical,"1,50,000",--,--,--,--,--,--,--,--,"/images/VISM_Group_of_Studies,_Gwalior.png"
P.K. University ,Madhya pradesh,Medical,"40,000","30,000",9.3,--,--,--,--,--,--,/images/P.K._University.png
"Mansarovar Group of Institutions, Bhopal ",Madhya pradesh,Medical,"2,14,000",--,--,--,--,--,--,--,--,"/images/Mansarovar_Group_of_Institutions,_Bhopal.png"
Dr. C.V. Raman University ,Madhya pradesh,Medical,"50,000","22,000",--,--,--,--,--,--,--,/images/Dr._C.V._Raman_University.png
"LNCT Group of Colleges -[LNCT], Bhopal ",Madhya pradesh,Medical,--,--,7.7,7.8,7,7.8,7.8,8,7.6,"/images/LNCT_Group_of_Colleges_-[LNCT],_Bhopal.png"
Shri Ramnath Singh Group of Colleges ,Madhya pradesh,Medical,--,--,5.4,7,4.5,7.5,6.5,3,4,/images/Shri_Ramnath_Singh_Group_of_Colleges.png
"NRI Vidyadayini Institute of Science, Management, and ",Madhya pradesh,Medical,"65,000","65,000",7.2,7.8,6.5,7.3,7.8,6.5,7.3,"/images/NRI_Vidyadayini_Institute_of_Science,_Management,_and.png"
Mansarovar Global University ,Madhya pradesh,Medical,"56,000","56,000",7.6,7.8,6.3,7.3,8.5,8,7.7,/images/Mansarovar_Global_University.png
"Hawabagh Women's College, Jabalpur ",Madhya pradesh,Medical,--,--,--,--,--,--,--,--,--,"/images/Hawabagh_Women's_College,_Jabalpur.png"
"Amrita School of Medicine, Kochi ",Kerala,Medical,"18,68,000","28,98,400",8.3,8.8,7.3,8.5,9,8.5,7.5,"/images/Amrita_School_of_Medicine,_Kochi.png"
Mahatma Gandhi University ,Kerala,Medical,"8,100",--,7.7,8,7.5,8,8,6.2,8.2,/images/Mahatma_Gandhi_University.png
Calicut University ,Kerala,Medical,"1,01,000","7,130",7,7.5,6.2,7.5,7.4,5.4,7.9,/images/Calicut_University.png
St. Berchmans College ,Kerala,Medical,"1,20,000",--,8.4,8.6,8.2,8.6,8.6,7.7,8.5,/images/St._Berchmans_College.png
"St Teresa's College (Autonomous), Ernakulam ",Kerala,Medical,--,--,8.4,8.9,7.4,9,8.2,7.7,9.3,"/images/St_Teresa's_College_(Autonomous),_Ernakulam.png"
Kerala Veterinary and Animal Sciences University ,Kerala,Medical,"68,350","68,350",8.1,8.7,7,8.4,8,8.2,8,/images/Kerala_Veterinary_and_Animal_Sciences_University.png
"Amrita Vishwa Vidyapeetham Amritapuri Campus, Kollam ",Kerala,Medical,"2,87,850","3,00,000",7.4,8,5.3,7.8,8.3,7.8,7.2,"/images/Amrita_Vishwa_Vidyapeetham_Amritapuri_Campus,_Kollam.png"
"A.J. College of Science and Technology Thonnakkal, ",Kerala,Medical,"17,500",--,7.4,8.2,6.5,8.8,7.8,5.6,7.5,"/images/A.J._College_of_Science_and_Technology_Thonnakkal,.png"
"Catholicate College, Pathanamthitta ",Kerala,Medical,--,--,7.9,8.2,7.7,8.3,8.3,6.3,8.7,"/images/Catholicate_College,_Pathanamthitta.png"
"Government College for Women, Thiruvananthapuram ",Kerala,Medical,--,--,8.2,9,6.8,8.8,9,7.1,8.6,"/images/Government_College_for_Women,_Thiruvananthapuram.png"
"National Institute of Speech and Hearing, Thiruvananthapuram ",Kerala,Medical,"15,000",--,--,--,--,--,--,--,--,"/images/National_Institute_of_Speech_and_Hearing,_Thiruvananthapuram.png"
"Sree Narayana College for Women, Kollam ",Kerala,Medical,--,--,8.5,8.5,7,--,--,--,--,"/images/Sree_Narayana_College_for_Women,_Kollam.png"
The Zamorins Guruvayurappan College ,Kerala,Medical,"12,050",--,7.7,8,7,8.3,9,5.4,8.4,/images/The_Zamorins_Guruvayurappan_College.png
VNS College of Arts and Science ,Kerala,Medical,"33,000",--,8.2,9,6,8,8,--,--,/images/VNS_College_of_Arts_and_Science.png
"ANSS Homeo Medical College, Kottayam ",Kerala,Medical,"2,087",--,--,--,--,--,--,--,--,"/images/ANSS_Homeo_Medical_College,_Kottayam.png"
Dr. Padiyar Memorial Homoeopathic Medical College Chottanikkara ,Kerala,Medical,"2,087",--,9.3,--,--,--,--,--,--,/images/Dr._Padiyar_Memorial_Homoeopathic_Medical_College_Chottanikkara.png
"Government Homoeopathic Medical College, Calicut ",Kerala,Medical,"4,850","15,250",8.5,7.8,7.8,9.3,9.5,8.3,8,"/images/Government_Homoeopathic_Medical_College,_Calicut.png"
Ahalia Ayurveda Medical College ,Kerala,Medical,"2,78,465",--,8.3,9,8,8.5,8.5,8,7.5,/images/Ahalia_Ayurveda_Medical_College.png
"Amala Ayurvedic Hospital and Research Centre, Thrissur ",Kerala,Medical,"3,500",--,--,--,--,--,--,--,--,"/images/Amala_Ayurvedic_Hospital_and_Research_Centre,_Thrissur.png"
"Anugraha School of Ayurveda Nursing, Pathanamthitta ",Kerala,Medical,--,--,--,--,--,--,--,--,--,"/images/Anugraha_School_of_Ayurveda_Nursing,_Pathanamthitta.png"
"KMCT Ayurveda Medical College Manassery, Kozhikode ",Kerala,Medical,"1,99,415",--,--,--,--,--,--,--,--,"/images/KMCT_Ayurveda_Medical_College_Manassery,_Kozhikode.png"
"Nangelil Ayurveda Medical College, Ernakulam ",Kerala,Medical,"75,000",--,7.8,7,8,8,9,8,7,"/images/Nangelil_Ayurveda_Medical_College,_Ernakulam.png"
"PN Panicker Souhruda Ayurveda Medical College, Kasaragod ",Kerala,Medical,"2,82,821",--,7.4,7,6,8.5,--,--,--,"/images/PN_Panicker_Souhruda_Ayurveda_Medical_College,_Kasaragod.png"
Poomulli Neelakandan Namboodiripad Memorial Ayurveda Medical College ,Kerala,Medical,"1,99,415","20,700",8.8,9,8,9,8,--,--,/images/Poomulli_Neelakandan_Namboodiripad_Memorial_Ayurveda_Medical_College.png
Pankajakasthuri Ayurveda Medical College ,Kerala,Medical,"1,99,415","20,700",7.9,9,8,8.7,8,6,7.7,/images/Pankajakasthuri_Ayurveda_Medical_College.png
"Santhigiri Ayurveda & Siddha Vaidyasala, Palakkad ",Kerala,Medical,"1,99,415",--,--,--,--,--,--,--,--,"/images/Santhigiri_Ayurveda_&_Siddha_Vaidyasala,_Palakkad.png"
Santhigiri Ayurveda Medical College ,Kerala,Medical,"1,99,415",--,7.8,8.5,7.3,7.8,8.3,7.3,7.3,/images/Santhigiri_Ayurveda_Medical_College.png
"Al Shifa College of Paramedical Sciences, Perinthalmanna ",Kerala,Medical,"1,44,500",--,8.1,9,9,8.5,7.5,7,7.5,"/images/Al_Shifa_College_of_Paramedical_Sciences,_Perinthalmanna.png"
"Ananthapuri Hospitals and Research Institute, Thiruvananthapuram ",Kerala,Medical,"2,50,000",--,--,--,--,--,--,--,--,"/images/Ananthapuri_Hospitals_and_Research_Institute,_Thiruvananthapuram.png"
Azeezia Medical College ,Kerala,Medical,"7,02,979",--,7.9,8.3,7,8.8,8,8,7.5,/images/Azeezia_Medical_College.png
All India Institute of Medical Sciences Jodhpur,Rajasthan,Medical,"2,147","2,147",8,8.3,7.9,8.4,8.8,7.7,7.1,/images/All_India_Institute_of_Medical_Sciences_Jodhpur.png
College of Veterinary and Animal Sciences ,Rajasthan,Medical,"15,740",--,7.8,8.4,7.5,7.7,8.2,7.8,7.3,/images/College_of_Veterinary_and_Animal_Sciences.png
Madhav University ,Rajasthan,Medical,"40,000","25,000",7.8,7.9,7.5,8.2,7.9,7.3,7.8,/images/Madhav_University.png
"Dr SN Medical College & Hospital, Jodhpur ",Rajasthan,Medical,"36,850",--,7.9,8.1,6.8,8.5,8,7.8,7.9,"/images/Dr_SN_Medical_College_&_Hospital,_Jodhpur.png"
Janardan Rai Nagar Rajasthan Vidyapeeth University ,Rajasthan,Medical,"55,000","95,000",7.8,8.3,7.5,8.3,7.9,7.3,7.5,/images/Janardan_Rai_Nagar_Rajasthan_Vidyapeeth_University.png
"Amity University, Jaipur ",Rajasthan,Medical,"84,000",--,8,7.8,7.6,7.8,8.9,7.4,8.7,"/images/Amity_University,_Jaipur.png"
"Poddar Group of Institutions, Jaipur ",Rajasthan,Medical,"65,000","15,000",7.7,8.3,7.1,8.6,7.4,6.9,8,"/images/Poddar_Group_of_Institutions,_Jaipur.png"
Jai Narain Vyas University ,Rajasthan,Medical,"12,000",--,6.2,6.9,5.2,7.1,6.4,4.9,6.4,/images/Jai_Narain_Vyas_University.png
Mahatma Jyoti Rao Phoole University ,Rajasthan,Medical,"37,000","51,000",6.8,6.9,6.2,7.4,7.7,6.4,6.4,/images/Mahatma_Jyoti_Rao_Phoole_University.png
"NIMS University, Jaipur ",Rajasthan,Medical,"1,15,000","80,000",7.8,7.9,7.2,7.9,8.5,7,8,"/images/NIMS_University,_Jaipur.png"
Career Point University ,Rajasthan,Medical,"84,000","94,000",8.3,8.4,7.9,8.4,8.4,7.6,8.9,/images/Career_Point_University.png
"IIHMR University, Jaipur ",Rajasthan,Medical,"16,27,505",--,8.5,8.6,8.1,8.5,8.8,8.5,8.2,"/images/IIHMR_University,_Jaipur.png"
"SPC Education Center, Jaipur ",Rajasthan,Medical,"25,000",--,10,--,--,--,--,--,--,"/images/SPC_Education_Center,_Jaipur.png"
Mewar University ,Rajasthan,Medical,"60,000","53,000",8,7.9,7.1,8.1,8.8,7.3,8.6,/images/Mewar_University.png
University of Rajasthan ,Rajasthan,Medical,--,--,7.6,8.1,7.1,8.1,7.9,6.5,7.8,/images/University_of_Rajasthan.png
"Singhania University, Jhunjhunu ",Rajasthan,Medical,"42,000","92,000",7.1,7.1,6.7,7.1,7.1,7,7.3,"/images/Singhania_University,_Jhunjhunu.png"
Jaipur National University ,Rajasthan,Medical,"37,000","52,000",7.5,7.9,7,7.7,7.8,6.7,7.6,/images/Jaipur_National_University.png
Manipal University ,Rajasthan,Medical,--,--,8.4,8.2,8.3,8.2,9.2,7.7,9,/images/Manipal_University.png
"Tantia University, Sriganganagar ",Rajasthan,Medical,"1,25,000","70,000",8.6,8.8,8.4,9.3,8.8,7.1,9.1,"/images/Tantia_University,_Sriganganagar.png"
JECRC University ,Rajasthan,Medical,"70,000","70,000",8.1,8.1,7.4,8.2,8.2,8.1,8.7,/images/JECRC_University.png
SunRise University ,Rajasthan,Medical,"19,200","20,200",8.1,8.1,7.3,8.7,8.1,7.9,8.4,/images/SunRise_University.png
"OPJS University, Churu ",Rajasthan,Medical,"25,200","82,000",7.2,7.1,7.6,7.6,7.7,6.3,6.8,"/images/OPJS_University,_Churu.png"
Geetanjali University ,Rajasthan,Medical,"30,000","7,10,200",7.3,7.2,6.9,7.3,8.1,7,7.1,/images/Geetanjali_University.png
Poornima University ,Rajasthan,Medical,"1,72,000","1,72,000",7.9,8.2,7.4,8,7.9,7.9,7.7,/images/Poornima_University.png
"Mody University, Sikar ",Rajasthan,Medical,"1,84,000",--,8.3,8.3,8.5,8,9,7.9,8.2,"/images/Mody_University,_Sikar.png"
Jayoti Vidyapeeth Women's University ,Rajasthan,Medical,"50,000","65,000",7.6,7.7,8.4,7.9,7.7,6.4,7.4,/images/Jayoti_Vidyapeeth_Women's_University.png
"Apex University, Jaipur ",Rajasthan,Medical,"48,000","30,000",8.7,8.9,8.9,8.6,8.7,8.5,8.7,"/images/Apex_University,_Jaipur.png"
Suresh Gyan Vihar University ,Rajasthan,Medical,"1,20,000",--,7.5,7.8,6.7,7.5,8.8,6.3,8,/images/Suresh_Gyan_Vihar_University.png
"Jagannath University, Jaipur ",Rajasthan,Medical,"75,000","75,000",7.3,7.1,6.7,7.9,7.7,6.9,7.4,"/images/Jagannath_University,_Jaipur.png"
"Pacific University, Udaipur ",Rajasthan,Medical,"25,000",--,7.7,7.8,7.3,8.1,7.8,7.2,8,"/images/Pacific_University,_Udaipur.png"
Post Graduate Institute of Medical Education & ,Haryana,Medical,"3,470","3,470",8,8.3,6.8,8.8,8.2,8,8,/images/Post_Graduate_Institute_of_Medical_Education_&.png
Government Medical College and Hospital ,Haryana,Medical,"25,000","22,000",7.9,8.7,7,8.5,8.2,6.9,8.3,/images/Government_Medical_College_and_Hospital.png
Pt Bhagwat Dayal Sharma Post Graduate Institute ,Haryana,Medical,"12,395","21,153",7.5,8.4,7.5,8.1,7.5,7.6,6.1,/images/Pt_Bhagwat_Dayal_Sharma_Post_Graduate_Institute.png
Panjab University ,Haryana,Medical,"53,800","95,800",7.7,8.2,7.7,8,7.7,6.5,8.2,/images/Panjab_University.png
Maharshi Dayanand University ,Haryana,Medical,"28,424",--,7.8,8,7.7,8,8.4,6.6,8,/images/Maharshi_Dayanand_University.png
Chandigarh University ,Haryana,Medical,"85,000","1,10,000",8.6,8.6,8.2,8.4,9,8.6,8.8,/images/Chandigarh_University.png
"Lord Shiva College of Pharmacy, Sirsa ",Haryana,Medical,"45,000",--,7.9,8.3,8,8,8.3,8,7,"/images/Lord_Shiva_College_of_Pharmacy,_Sirsa.png"
Apeejay Stya University ,Haryana,Medical,"1,30,200",--,7.9,8.2,7.5,7.9,7.5,7.7,8.3,/images/Apeejay_Stya_University.png
"Sri Guru Gobind Singh College of Pharmacy, ",Haryana,Medical,"2,575",--,8.8,9.3,8.3,9.7,8.3,7.7,9.3,"/images/Sri_Guru_Gobind_Singh_College_of_Pharmacy,.png"
Kurukshetra University ,Haryana,Medical,"23,600",--,7.5,8.1,7,8,7.7,6.5,7.7,/images/Kurukshetra_University.png
Guru Jambheshwar University of Science and Technology ,Haryana,Medical,"30,000","22,600",7.7,7.7,7.3,7.5,8.9,6.5,8,/images/Guru_Jambheshwar_University_of_Science_and_Technology.png
Maharishi Markandeshwar ,Haryana,Medical,"87,000","72,000",7.5,7.6,7.2,7.7,8.3,6.8,7.6,/images/Maharishi_Markandeshwar.png
DAV College ,Haryana,Medical,"23,510",--,8,8.4,7.4,8.3,8,6.8,8.8,/images/DAV_College.png
Goswami Ganesh Dutt Sanatan Dharama College ,Haryana,Medical,--,--,8.1,8.6,7.6,8.5,8.1,7.1,8.8,/images/Goswami_Ganesh_Dutt_Sanatan_Dharama_College.png
"Ashoka University, Sonepat ",Haryana,Medical,"45,000",--,8.6,8.6,8.6,8.9,8.7,8.3,8.5,"/images/Ashoka_University,_Sonepat.png"
"Gurugram University, Gurgaon ",Haryana,Medical,"40,000","50,000",8.2,8.6,7.4,8.4,8.6,8,8.1,"/images/Gurugram_University,_Gurgaon.png"
"PDM University, Bahadurgarh, Bahadurgarh ",Haryana,Medical,"84,200",--,7.4,7.1,7.6,7.4,7.5,7.1,7.7,"/images/PDM_University,_Bahadurgarh,_Bahadurgarh.png"
"Amity University, Gurgaon ",Haryana,Medical,"1,06,000","84,000",7.7,7.8,7.1,7.6,8.6,7.1,8.1,"/images/Amity_University,_Gurgaon.png"
Manav Rachna International Institute of Research and ,Haryana,Medical,"1,36,000","1,71,000",7.5,7.4,7.3,7.5,8.3,6.6,7.6,/images/Manav_Rachna_International_Institute_of_Research_and.png
"Starex University, Gurgaon ",Haryana,Medical,"75,000","60,000",8.8,9.1,9.1,8.7,8.6,8.5,8.7,"/images/Starex_University,_Gurgaon.png"
Modern Vidya Niketan ,Haryana,Medical,"70,000","1,05,000",7,7.2,6.4,7.7,7,6.8,6.8,/images/Modern_Vidya_Niketan.png
"Lingaya's Vidyapeeth, Faridabad ",Haryana,Medical,"74,500","1,03,500",7.8,8,7.5,8.1,7.7,7.3,8.1,"/images/Lingaya's_Vidyapeeth,_Faridabad.png"
Manav Rachna University ,Haryana,Medical,"1,71,000","1,36,000",7.8,7.6,7.5,7.7,8.8,7.3,7.9,/images/Manav_Rachna_University.png
"Sushant University / Ansal University, Gurgaon ",Haryana,Medical,"1,39,870","1,42,000",7.8,8,8,7.9,8.4,7,7.5,"/images/Sushant_University_/_Ansal_University,_Gurgaon.png"
G D Goenka University ,Haryana,Medical,"1,29,000","1,29,000",8.2,7.7,8.3,8.3,8.9,7.6,8.4,/images/G_D_Goenka_University.png
"Jagannath University, Bahadurgarh ",Haryana,Medical,"95,000","95,000",8,8.3,8,7.8,8.7,7.4,7.9,"/images/Jagannath_University,_Bahadurgarh.png"
Al-Falah university ,Haryana,Medical,"50,000","50,000",5.6,5.9,6,6.4,6.2,4,5.1,/images/Al-Falah_university.png
"SGT University, Gurgaon ",Haryana,Medical,"1,32,500","1,62,500",8,8,7.6,8.1,8.4,7.5,8.1,"/images/SGT_University,_Gurgaon.png"
RP Inderaprastha Institute of Technology ,Haryana,Medical,"1,00,000","78,000",7.1,7.7,6.5,7.5,7.6,6.1,6.9,/images/RP_Inderaprastha_Institute_of_Technology.png
B. J. Medical College ,Gujarat,Medical,"6,000","90,000",8.6,9,8.3,8.5,8.1,9.3,8.3,/images/B._J._Medical_College.png
Indian Institute of Technology Gandhinagar,Gujarat,Medical,"4,55,000",--,8.4,8.3,8.4,8.8,9.1,7.2,8.8,/images/Indian_Institute_of_Technology_Gandhinagar.png
National Institute of Pharmaceutical Education And Research ,Gujarat,Medical,"92,000",--,7.5,7.7,6.7,7.7,8,7.3,7.8,/images/National_Institute_of_Pharmaceutical_Education_And_Research.png
"Karnavati School of Dentistry, Karnavati University ",Gujarat,Medical,"1,39,000",--,9.1,9.7,8,8.7,--,--,--,"/images/Karnavati_School_of_Dentistry,_Karnavati_University.png"
Maharaja Sayajirao University of Baroda ,Gujarat,Medical,"27,500",--,7.9,8.3,7,8.4,8,7.2,8.4,/images/Maharaja_Sayajirao_University_of_Baroda.png
"Government Medical College, Surat ",Gujarat,Medical,"9,57,000","18,08,333",7.8,8.1,7.2,7.7,7.1,8.4,8.1,"/images/Government_Medical_College,_Surat.png"
"Smt. NHL Municipal Medical College, Ahmedabad ",Gujarat,Medical,"5,93,000","6,34,000",7.7,8.4,7.4,8.2,6.3,8.4,7.4,"/images/Smt._NHL_Municipal_Medical_College,_Ahmedabad.png"
Pandit Deendayal Upadhyay Medical College ,Gujarat,Medical,"25,000","90,000",8.3,9,8,8.4,8,8.7,7.6,/images/Pandit_Deendayal_Upadhyay_Medical_College.png
C. U. Shah Medical College ,Gujarat,Medical,"9,00,000","9,00,000",6.7,7.1,6.1,8,6.6,5.6,6.6,/images/C._U._Shah_Medical_College.png
Pramukhswami Medical College ,Gujarat,Medical,"8,22,000","25,000",8,8.7,6.2,8.8,8.3,8,8,/images/Pramukhswami_Medical_College.png
"GCS Medical College, Hospital & Research Centre, ",Gujarat,Medical,"6,48,000","10,50,000",8.1,8.5,7.3,8.5,8.5,7.8,7.9,"/images/GCS_Medical_College,_Hospital_&_Research_Centre,.png"
Smt. B.K. Shah Medical Institute and Research ,Gujarat,Medical,"15,95,000","12,50,000",7.1,7.7,6,7.8,5.7,7.8,7.7,/images/Smt._B.K._Shah_Medical_Institute_and_Research.png
Dr Babasaheb Ambedkar Open University ,Gujarat,Medical,"4,200","4,200",7.7,8.5,5.5,8.5,8,7.5,8.1,/images/Dr_Babasaheb_Ambedkar_Open_University.png
Sardar Patel University ,Gujarat,Medical,--,--,7.8,8.6,7,8.5,7.7,7.3,7.8,/images/Sardar_Patel_University.png
"Navsari Agricultural University, Navsari ",Gujarat,Medical,"45,100",--,8,8.3,7.4,8.4,7.8,7.8,8.2,"/images/Navsari_Agricultural_University,_Navsari.png"
Gujarat Vidyapith ,Gujarat,Medical,--,--,8.4,9,7.9,9.1,8.4,7.6,8.1,/images/Gujarat_Vidyapith.png
Karnavati University ,Gujarat,Medical,"1,44,000",--,8.9,8.6,8.2,9.3,9.4,8.6,9.3,/images/Karnavati_University.png
"Sumandeep Vidyapeeth, Vadodara ",Gujarat,Medical,"55,000","17,500",7.8,8,7,8.2,8,7.5,8,"/images/Sumandeep_Vidyapeeth,_Vadodara.png"
"Atmiya University, Rajkot ",Gujarat,Medical,"46,000",--,8.1,8.8,7.5,8.6,8.4,7.4,7.9,"/images/Atmiya_University,_Rajkot.png"
Ganpat University ,Gujarat,Medical,"35,000","1,00,000",8.1,8.2,7.2,8.1,8.5,7.8,8.6,/images/Ganpat_University.png
"C. U. Shah University, Wadhwan ",Gujarat,Medical,"34,100",--,7.7,7.6,7,8.2,7.8,7.4,7.9,"/images/C._U._Shah_University,_Wadhwan.png"
"P.P. Savani University, Surat ",Gujarat,Medical,"78,500","1,43,500",9.3,9.4,8.9,9.5,9.6,8.7,9.4,"/images/P.P._Savani_University,_Surat.png"
"Indus University, Ahmedabad ",Gujarat,Medical,"55,500",--,7.5,7.9,7,7.7,7.8,6.8,7.9,"/images/Indus_University,_Ahmedabad.png"
Marwadi University ,Gujarat,Medical,"75,000","70,000",8.3,8.2,8.3,8.2,9.1,7.7,8.2,/images/Marwadi_University.png
"Uka Tarsadia University, Bardoli ",Gujarat,Medical,"1,12,000","2,48,000",8.1,7.8,7.9,8.2,9.4,6.9,8.3,"/images/Uka_Tarsadia_University,_Bardoli.png"
RK University ,Gujarat,Medical,"61,000","2,70,000",8.5,9,7.9,8.6,9,7.8,8.5,/images/RK_University.png
Dharmsinh Desai University ,Gujarat,Medical,"7,85,000",--,7.7,8.5,7,8.3,7.1,8.1,6.9,/images/Dharmsinh_Desai_University.png
ITM Vocational University ,Gujarat,Medical,--,--,7.8,8.7,7.4,8,7.5,7.1,7.9,/images/ITM_Vocational_University.png
Charotar University of Science and Technology ,Gujarat,Medical,"1,65,000","2,00,000",8.5,8.5,8,8.4,9.3,8.1,8.6,/images/Charotar_University_of_Science_and_Technology.png
Post Graduate Institute of Medical Education & ,Punjab,Medical,"3,470","3,470",8,8.3,6.8,8.8,8.2,8,8,/images/Post_Graduate_Institute_of_Medical_Education_&.png
Christian Medical College ,Punjab,Medical,"3,90,000","3,90,000",8.5,9,7.8,8.8,8.5,8.5,8.3,/images/Christian_Medical_College.png
Dayanand Medical College and Hospital ,Punjab,Medical,"16,11,800","16,11,800",8.3,8.4,8.2,8.5,8.4,8,8.2,/images/Dayanand_Medical_College_and_Hospital.png
Government Medical College and Hospital ,Punjab,Medical,"25,000","22,000",7.9,8.7,7,8.5,8.2,6.9,8.3,/images/Government_Medical_College_and_Hospital.png
Panjab University ,Punjab,Medical,"53,800","95,800",7.7,8.2,7.7,8,7.7,6.5,8.2,/images/Panjab_University.png
Sri Guru Ram Das Institute of Dental ,Punjab,Medical,--,--,5.7,7,5,7,9,1,5,/images/Sri_Guru_Ram_Das_Institute_of_Dental.png
"Government Medical College / Rajindra Hospital-[GMCP], Patiala ",Punjab,Medical,"1,00,000","1,10,000",7.5,7.3,7.3,8.3,6.5,7.8,7.5,"/images/Government_Medical_College_/_Rajindra_Hospital-[GMCP],_Patiala.png"
Chandigarh University ,Punjab,Medical,"85,000","1,10,000",8.6,8.6,8.2,8.4,9,8.6,8.8,/images/Chandigarh_University.png
"Sri Guru Gobind Singh College of Pharmacy, ",Punjab,Medical,"2,575",--,8.8,9.3,8.3,9.7,8.3,7.7,9.3,"/images/Sri_Guru_Gobind_Singh_College_of_Pharmacy,.png"
"Khalsa College, Amritsar ",Punjab,Medical,"1,15,175","64,115",7.9,8.3,7.7,7.9,8.3,6.5,8.4,"/images/Khalsa_College,_Amritsar.png"
"BBK DAV College for Women, Amritsar ",Punjab,Medical,"21,760",--,8.8,9,8.5,9.5,8.2,7.8,9.5,"/images/BBK_DAV_College_for_Women,_Amritsar.png"
DAV College ,Punjab,Medical,"23,510",--,8,8.4,7.4,8.3,8,6.8,8.8,/images/DAV_College.png
Goswami Ganesh Dutt Sanatan Dharama College ,Punjab,Medical,--,--,8.1,8.6,7.6,8.5,8.1,7.1,8.8,/images/Goswami_Ganesh_Dutt_Sanatan_Dharama_College.png
"RIMT University, Gobindgarh ",Punjab,Medical,"1,04,000","60,000",7.6,7.9,7.3,7.8,8,6.7,7.8,"/images/RIMT_University,_Gobindgarh.png"
Chitkara University ,Punjab,Medical,"3,20,000","1,76,000",8.5,8.4,7.7,8.5,8.9,8.7,8.7,/images/Chitkara_University.png
"Guru Kashi University, Bathinda ",Punjab,Medical,--,--,7.5,7.4,7.2,8,7.2,7.2,7.8,"/images/Guru_Kashi_University,_Bathinda.png"
"DAV University, Jalandhar ",Punjab,Medical,"37,500",--,7.9,8.4,7,8.4,7,8,8.5,"/images/DAV_University,_Jalandhar.png"
"Adesh University, Bathinda ",Punjab,Medical,"1,29,000","73,000",8.6,8.8,8.8,8.5,9,8.3,8.3,"/images/Adesh_University,_Bathinda.png"
Sant Baba Bhag Singh University ,Punjab,Medical,"77,980",--,8.5,9,8.2,8.6,8,8.5,8.6,/images/Sant_Baba_Bhag_Singh_University.png
"Rayat Bahra University, Mohali ",Punjab,Medical,"40,000","1,25,000",7.7,7.8,7.4,8,7.7,7.4,7.6,"/images/Rayat_Bahra_University,_Mohali.png"
"GNA University, Phagwara ",Punjab,Medical,"70,200",--,7.7,8,7.6,7.9,7.8,7.2,7.7,"/images/GNA_University,_Phagwara.png"
Sri Guru Granth Sahib World University ,Punjab,Medical,"66,000","88,000",8.8,8.6,9,9,9.1,8.4,8.7,/images/Sri_Guru_Granth_Sahib_World_University.png
Sri Guru Ram Das University of Health ,Punjab,Medical,"25,000","40,000",8.8,8.7,8.7,9,9,8.4,8.8,/images/Sri_Guru_Ram_Das_University_of_Health.png
CT University ,Punjab,Medical,"1,14,700","72,700",8.8,8.9,8.5,8.7,9.3,8.8,8.5,/images/CT_University.png
"CT Group of Institutions, Jalandhar ",Punjab,Medical,"60,500","31,750",7.6,7.5,7,8.2,7.5,7.9,7.4,"/images/CT_Group_of_Institutions,_Jalandhar.png"
"Rayat Bahra Hoshiarpur Campus, Hoshiarpur ",Punjab,Medical,"78,000",--,8.9,9.2,8.5,9.2,8.3,8.8,9.1,"/images/Rayat_Bahra_Hoshiarpur_Campus,_Hoshiarpur.png"
"Rayat Bahra Patiala Campus, Patiala ",Punjab,Medical,"78,000","70,000",6,6.3,7.8,6,6,4,6,"/images/Rayat_Bahra_Patiala_Campus,_Patiala.png"
"KMS College of IT and Management, Dasuya ",Punjab,Medical,"45,700",--,8.2,8,8,8,9,8,8,"/images/KMS_College_of_IT_and_Management,_Dasuya.png"
"SBET Institute of Management and Technology, Mohali ",Punjab,Medical,"30,000","32,000",--,--,--,--,--,--,--,"/images/SBET_Institute_of_Management_and_Technology,_Mohali.png"
"Kolkata Medical College, Kolkata ",West bengal,Medical,"15,520","24,000",8.1,8.7,7.3,8,7.6,9,7.7,"/images/Kolkata_Medical_College,_Kolkata.png"
Institute of Post Graduate Medical Education And ,West bengal,Medical,"15,000","20,050",8,8.7,7.4,7.9,8.3,8.5,7.2,/images/Institute_of_Post_Graduate_Medical_Education_And.png
R. G. Kar Medical College and Hospital ,West bengal,Medical,"12,000","15,250",8.6,8.8,7.4,9,8.5,9.4,8.7,/images/R._G._Kar_Medical_College_and_Hospital.png
Indian Institute of Technology Kharagpur,West bengal,Medical,"27,500",--,8.5,8.8,7.2,8.2,8.9,8.8,9,/images/Indian_Institute_of_Technology_Kharagpur.png
The West Bengal National University of Juridical ,West bengal,Medical,--,--,8.5,8.6,8.2,8.7,6.8,9.2,9.4,/images/The_West_Bengal_National_University_of_Juridical.png
"University of Calcutta, Kolkata ",West bengal,Medical,--,--,7.7,8.6,6.9,8.5,7.7,6.5,7.7,"/images/University_of_Calcutta,_Kolkata.png"
"NSHM Knowledge Campus, Kolkata ",West bengal,Medical,"1,56,000",--,7.8,8,6.8,8.1,8.2,7.7,8,"/images/NSHM_Knowledge_Campus,_Kolkata.png"
Nilratan Sircar Medical College & Hospital ,West bengal,Medical,"47,100",--,8.1,8.1,7.3,7.8,7.9,9.1,8.1,/images/Nilratan_Sircar_Medical_College_&_Hospital.png
"Annex College, Kolkata ",West bengal,Medical,--,--,7.9,7.7,8.3,8.3,7.8,7.5,8,"/images/Annex_College,_Kolkata.png"
Institute of Management Study ,West bengal,Medical,"95,000",--,7.3,7.8,6.4,7.7,7.6,7.3,6.8,/images/Institute_of_Management_Study.png
"George Group of Colleges, Kolkata ",West bengal,Medical,--,--,7.8,8.7,6.4,8.6,8,7.5,7.5,"/images/George_Group_of_Colleges,_Kolkata.png"
"Techno India University, Kolkata ",West bengal,Medical,--,--,8,8.2,7.4,8.2,8.1,7.8,8.4,"/images/Techno_India_University,_Kolkata.png"
"Brainware University, Kolkata ",West bengal,Medical,"3,39,600","1,84,800",7.9,8.3,7.6,7.9,8.2,7.8,7.3,"/images/Brainware_University,_Kolkata.png"
Vidyasagar College ,West bengal,Medical,"6,090",--,6.9,8.1,6.2,8.1,7.3,3.9,7.8,/images/Vidyasagar_College.png
"Rammohan College, Kolkata ",West bengal,Medical,"4,815",--,7.4,8,7.3,8.4,7,6.1,7.7,"/images/Rammohan_College,_Kolkata.png"
Haldia Institute of Management ,West bengal,Medical,"1,16,000",--,8,8.1,7.7,8.5,7.6,7.6,8.2,/images/Haldia_Institute_of_Management.png
IAS Academy ,West bengal,Medical,"40,000",--,7.9,8.2,8,8,7.8,7.6,7.8,/images/IAS_Academy.png
Syamaprasad Institute of Technology and Management ,West bengal,Medical,--,--,--,--,--,--,--,--,--,/images/Syamaprasad_Institute_of_Technology_and_Management.png
"Acharya Brojendra Nath Seal College, Cooch Behar ",West bengal,Medical,"2,745",--,7.5,8.8,6.9,8.2,7.7,5,8.1,"/images/Acharya_Brojendra_Nath_Seal_College,_Cooch_Behar.png"
"Ananda Chandra College, Jalpaiguri ",West bengal,Medical,"3,800",--,8,8.9,7.3,8,8,7.6,8.4,"/images/Ananda_Chandra_College,_Jalpaiguri.png"
Ananda Mohan College ,West bengal,Medical,"6,660",--,6.5,7,6.2,8.1,5.8,4.2,7.8,/images/Ananda_Mohan_College.png
"Bajkul Milani Mahavidyalaya, Medinipur ",West bengal,Medical,"6,870",--,7.5,7.1,7,8.3,7.3,6.9,8.1,"/images/Bajkul_Milani_Mahavidyalaya,_Medinipur.png"
Bankura Christian College ,West bengal,Medical,"4,145",--,7.8,8.5,7.4,8.4,8.3,6.3,8,/images/Bankura_Christian_College.png
"Basirhat College, North 24 Parganas ",West bengal,Medical,"2,320",--,6.9,7,6.5,7.7,7.5,5.2,7.6,"/images/Basirhat_College,_North_24_Parganas.png"
"Berhampore Girls College, Murshidabad ",West bengal,Medical,"6,090",--,7.9,8.3,7.4,8.3,7.6,7.7,8.2,"/images/Berhampore_Girls_College,_Murshidabad.png"
"Bhairab Ganguly College, Kolkata ",West bengal,Medical,"8,660",--,7.4,7.8,6.4,8.7,8.5,5.6,7.6,"/images/Bhairab_Ganguly_College,_Kolkata.png"
"Deshbandhu College for Girls, Kolkata ",West bengal,Medical,--,--,8.2,8.6,8.3,8.4,7.9,7.9,8,"/images/Deshbandhu_College_for_Girls,_Kolkata.png"
"Dr. Kanailal Bhattacharyya College, Howrah ",West bengal,Medical,"12,922",--,7,6.5,6.8,8.1,6.2,6.8,7.6,"/images/Dr._Kanailal_Bhattacharyya_College,_Howrah.png"
"Garhbeta College, Medinipur ",West bengal,Medical,--,--,7,7.7,6.7,7.8,7.5,4.9,7.5,"/images/Garhbeta_College,_Medinipur.png"
"Hiralal Mazumdar Memorial College for Women, Kolkata ",West bengal,Medical,"7,495",--,--,--,--,--,--,--,--,"/images/Hiralal_Mazumdar_Memorial_College_for_Women,_Kolkata.png"
Siksha 'O' Anusandhan University ,Orissa,Medical,"85,000","17,90,000",8.3,8.6,7.6,8.3,8.7,8,8.5,/images/Siksha_'O'_Anusandhan_University.png
Kalinga Institute of Industrial Technology ,Orissa,Medical,"10,000","2,25,000",8.6,8.4,8.1,8.2,9.2,8.6,9,/images/Kalinga_Institute_of_Industrial_Technology.png
Veer Surendra Sai Institute of Medical Sciences ,Orissa,Medical,"32,180","40,000",8.3,8.6,8,8.3,7.9,8.8,8.3,/images/Veer_Surendra_Sai_Institute_of_Medical_Sciences.png
Maharaja Krishna Chandra Gajapati Medical College and ,Orissa,Medical,"30,000","40,000",7.9,8.1,7.3,7.7,7.9,8.3,7.9,/images/Maharaja_Krishna_Chandra_Gajapati_Medical_College_and.png
Bhava Institute of Medical Science and Research ,Orissa,Medical,--,--,--,--,--,--,--,--,--,/images/Bhava_Institute_of_Medical_Science_and_Research.png
Sri Sri University ,Orissa,Medical,"1,800",--,7.1,7.3,6.7,7,7.3,6.3,8.2,/images/Sri_Sri_University.png
Centurion University of Technology and Management ,Orissa,Medical,"80,000","40,000",7.4,7.7,6.8,7.8,7.8,6.6,7.8,/images/Centurion_University_of_Technology_and_Management.png
Centurion University of Technology and Management ,Orissa,Medical,"1,00,000",--,8.1,8.3,7.6,8.5,8.4,7.4,8.5,/images/Centurion_University_of_Technology_and_Management.png
AIPH University ,Orissa,Medical,"1,10,000","1,60,000",8.3,8.5,7.5,8.5,8.5,8.5,8.5,/images/AIPH_University.png
"DRIEMS Group of Institutions, Cuttack ",Orissa,Medical,"1,03,000","1,03,000",7.6,8,7.2,7.2,9.2,6.9,6.8,"/images/DRIEMS_Group_of_Institutions,_Cuttack.png"
"Hi-tech Group of Institutions, Bhubaneswar ",Orissa,Medical,"5,58,500","5,00,000",8.1,9.5,7.5,8.3,8.5,6.7,8,"/images/Hi-tech_Group_of_Institutions,_Bhubaneswar.png"
"Dr. Abhin Chandra Homoeopathic Medical College, Bhubaneswar ",Orissa,Medical,--,--,7.7,8,8.1,7.1,8,7.1,7.6,"/images/Dr._Abhin_Chandra_Homoeopathic_Medical_College,_Bhubaneswar.png"
Kalinga Institute of Medical Sciences ,Orissa,Medical,"16,75,000","18,75,000",8.2,8.4,7.4,8.9,8,8.4,8.3,/images/Kalinga_Institute_of_Medical_Sciences.png
Swami Vivekanand National Institute of Rehabilitation Training ,Orissa,Medical,"26,370","26,370",8.3,8.6,7.2,8.6,8.6,8.5,8.1,/images/Swami_Vivekanand_National_Institute_of_Rehabilitation_Training.png
Sri Ram Chandra Bhanja Medical College and ,Orissa,Medical,"40,200","42,200",8.4,8.6,8.1,8.3,8.1,8.8,8.3,/images/Sri_Ram_Chandra_Bhanja_Medical_College_and.png
Lord Jagannath Mission's College and School of ,Orissa,Medical,--,--,--,--,--,--,--,--,--,/images/Lord_Jagannath_Mission's_College_and_School_of.png
National Institute of Medical and Management Studies ,Orissa,Medical,--,--,--,--,--,--,--,--,--,/images/National_Institute_of_Medical_and_Management_Studies.png
All India Institute of Medical Sciences Bhubaneswar,Orissa,Medical,"5,856",--,8.4,8.9,7.3,8.6,8.1,8.8,8.4,/images/All_India_Institute_of_Medical_Sciences_Bhubaneswar.png
Ravenshaw University ,Orissa,Medical,"50,000",--,7.8,8.1,7,8,8.5,6.9,8,/images/Ravenshaw_University.png
"Utkal University, Bhubaneswar ",Orissa,Medical,"9,500","25,000",7.5,7.9,7.1,7.8,7.4,6.6,7.9,"/images/Utkal_University,_Bhubaneswar.png"
Institute of Medical Sciences and SUM Hospital ,Orissa,Medical,"17,90,000","4,00,000",8.2,9,6,9.4,8.2,9.1,7.5,/images/Institute_of_Medical_Sciences_and_SUM_Hospital.png
Asian Institute of Public health ,Orissa,Medical,"1,10,000","1,60,000",6.9,7.5,6.5,7,7,6.5,7,/images/Asian_Institute_of_Public_health.png
"Berhampur University, HariHar Mardaraj Distance Education Centre ",Orissa,Medical,--,--,8.8,--,--,--,--,--,--,"/images/Berhampur_University,_HariHar_Mardaraj_Distance_Education_Centre.png"
Hi-Tech Medical College and Hospital ,Orissa,Medical,"11,00,000","7,15,000",7.9,8.5,6.9,8.6,7.3,7.9,8.4,/images/Hi-Tech_Medical_College_and_Hospital.png
"Gopabandhu Ayurveda Mahavidyalaya, Puri ",Orissa,Medical,"19,650","19,650",--,--,--,--,--,--,--,"/images/Gopabandhu_Ayurveda_Mahavidyalaya,_Puri.png"
"SLN Medical College and Hospital, Koraput ",Orissa,Medical,"30,000",--,7.2,7.7,6.7,7,7.3,7.7,6.7,"/images/SLN_Medical_College_and_Hospital,_Koraput.png"
Odisha State Open University ,Orissa,Medical,"2,500",--,7.5,8.1,7.2,8.1,8,6.7,7.1,/images/Odisha_State_Open_University.png
"Pandit Raghunath Murmu Medical College, Mayurbhanj ",Orissa,Medical,"20,000",--,6.7,6.7,6.7,7,6,7,7,"/images/Pandit_Raghunath_Murmu_Medical_College,_Mayurbhanj.png"
"Government Medical college and Hospital, Balasore ",Orissa,Medical,"30,000",--,8.6,8.6,8,8.3,9,9.3,8.3,"/images/Government_Medical_college_and_Hospital,_Balasore.png"
Shri Guru Ram Rai Institute of Medical ,Uttarakhand,Medical,"18,81,000","10,28,825",7.9,8,7.5,8.3,7.3,7.9,8.1,/images/Shri_Guru_Ram_Rai_Institute_of_Medical.png
Greenway Institute of Management Studies ,Uttarakhand,Medical,--,--,6.1,7,5.5,6.5,6.5,4,7,/images/Greenway_Institute_of_Management_Studies.png
University of Petroleum and Energy Studies ,Uttarakhand,Medical,"4,86,000",--,8.1,8.1,7.8,7.9,8.6,7.7,8.2,/images/University_of_Petroleum_and_Energy_Studies.png
Dolphin PG Institute of BioMedical & Natural ,Uttarakhand,Medical,"60,000","70,000",7.7,8.4,6.5,7.9,7.8,6.7,8.6,/images/Dolphin_PG_Institute_of_BioMedical_&_Natural.png
"Patanjali University, Haridwar ",Uttarakhand,Medical,"50,000","20,000",8.2,8.4,8.3,8.4,8.4,7.8,8.1,"/images/Patanjali_University,_Haridwar.png"
"MotherHood University, Roorkee ",Uttarakhand,Medical,"1,05,000",--,8,8.3,7.9,7.6,8,8,8.3,"/images/MotherHood_University,_Roorkee.png"
Swami Rama Himalayan University ,Uttarakhand,Medical,"1,26,500","67,500",7,7.1,6.6,6.9,7.4,7.1,6.7,/images/Swami_Rama_Himalayan_University.png
Shri Guru Ram Rai University ,Uttarakhand,Medical,"1,15,589","83,649",7.6,7.8,7.1,7.9,7.9,7.3,7.7,/images/Shri_Guru_Ram_Rai_University.png
Himgiri Zee University ,Uttarakhand,Medical,"1,00,000",--,7.9,8.5,5.5,9,8,7.7,8.8,/images/Himgiri_Zee_University.png
Dev Bhoomi Group of Institutions ,Uttarakhand,Medical,"2,97,000",--,7.8,8.1,7.1,7.8,8,8,7.8,/images/Dev_Bhoomi_Group_of_Institutions.png
Roorkee Institute of Technology ,Uttarakhand,Medical,--,--,8.5,8.5,8.5,8.6,8.7,8.4,8.5,/images/Roorkee_Institute_of_Technology.png
Sardar Bhagwan Singh University ,Uttarakhand,Medical,"1,17,500","1,26,500",8.7,8.7,8.3,9.3,9,8.3,8.7,/images/Sardar_Bhagwan_Singh_University.png
Institute of Clinical Research ,Uttarakhand,Medical,--,--,--,--,--,--,--,--,--,/images/Institute_of_Clinical_Research.png
"Sai group of institutions, Dehradun ",Uttarakhand,Medical,"87,600","97,600",8.8,9,8,9.3,9,9,8.7,"/images/Sai_group_of_institutions,_Dehradun.png"
"PAL College of Technology and Management, Haldwani ",Uttarakhand,Medical,--,--,8.2,8.3,8.3,8.2,8.3,7.7,8.3,"/images/PAL_College_of_Technology_and_Management,_Haldwani.png"
"Beehive College of Advanced Studies, Dehradun ",Uttarakhand,Medical,"46,000",--,--,--,--,--,--,--,--,"/images/Beehive_College_of_Advanced_Studies,_Dehradun.png"
"Sai Business and Media School, Dehradun ",Uttarakhand,Medical,"1,22,600",--,--,--,--,--,--,--,--,"/images/Sai_Business_and_Media_School,_Dehradun.png"
Swami Vivekanand Institute of Management ,Uttarakhand,Medical,--,--,9.2,8,--,--,--,--,--,/images/Swami_Vivekanand_Institute_of_Management.png
"DBS PG College, Dehradun ",Uttarakhand,Medical,--,--,6.9,7.8,6,8.8,5.8,4.4,8.4,"/images/DBS_PG_College,_Dehradun.png"
"Government Degree College, Dehradun ",Uttarakhand,Medical,--,--,8.6,--,--,--,--,--,--,"/images/Government_Degree_College,_Dehradun.png"
"Government Girl's Degree College, Nainital ",Uttarakhand,Medical,--,--,--,--,--,--,--,--,--,"/images/Government_Girl's_Degree_College,_Nainital.png"
"PNG Government PG College, Nainital ",Uttarakhand,Medical,--,--,7.8,8.8,7,9,8,5.4,8.6,"/images/PNG_Government_PG_College,_Nainital.png"
"Chandola Homoeopathic Medical College and Hospital, Udham ",Uttarakhand,Medical,"1,10,000","1,10,000",8.5,8.7,8,8.7,8.3,7.7,9.7,"/images/Chandola_Homoeopathic_Medical_College_and_Hospital,_Udham.png"
Sardar Bhagwan Singh Post Graduate Institute of ,Uttarakhand,Medical,"1,17,500","1,26,500",8.2,8.3,7.6,8.8,7.9,8,8.6,/images/Sardar_Bhagwan_Singh_Post_Graduate_Institute_of.png
Himalayan College of Nursing ,Uttarakhand,Medical,"84,750",--,8,8,--,--,8,8,--,/images/Himalayan_College_of_Nursing.png
Uttaranchal College of Technology and BioMedical Sciences ,Uttarakhand,Medical,"75,000","75,000",6.2,6.8,4.8,7.8,6,5.4,6.6,/images/Uttaranchal_College_of_Technology_and_BioMedical_Sciences.png
Jaspal Rana Institute of Education and Technology ,Uttarakhand,Medical,"24,000",--,--,--,--,--,--,--,--,/images/Jaspal_Rana_Institute_of_Education_and_Technology.png
All India Institute of Medical Sciences Rishikesh,Uttarakhand,Medical,"32,400","22,300",9.1,9.2,8.6,9.3,9.2,9.2,8.8,/images/All_India_Institute_of_Medical_Sciences_Rishikesh.png
Dev Sanskriti Vishwavidyalaya ,Uttarakhand,Medical,"30,000","60,000",9.2,9.6,9,9.3,9.1,9.1,9.3,/images/Dev_Sanskriti_Vishwavidyalaya.png
JSS College of Pharmacy ,Tamil nadu,Pharmacy,"2,53,250","1,44,500",8.5,8.9,7.6,9,8.7,8.1,8.8,/images/JSS_College_of_Pharmacy.png
Annamalai University ,Tamil nadu,Pharmacy,"16,380","1,03,260",7.4,8.1,6.7,8,7.9,6.5,7.2,/images/Annamalai_University.png
"SRM College of Pharmacy, Kanchipuram ",Tamil nadu,Pharmacy,"1,75,000","1,50,000",7.8,8,7.3,7.5,8,8,8,"/images/SRM_College_of_Pharmacy,_Kanchipuram.png"
Sri Ramachandra Institute of Higher Education and ,Tamil nadu,Pharmacy,"1,50,000","1,00,000",8.5,8.5,7.8,8.7,9.1,7.9,8.7,/images/Sri_Ramachandra_Institute_of_Higher_Education_and.png
PSG College of Pharmacy ,Tamil nadu,Pharmacy,"1,35,000","1,97,000",8.8,8.4,9.3,8.8,9,8.1,9.1,/images/PSG_College_of_Pharmacy.png
Madras Medical College ,Tamil nadu,Pharmacy,"6,46,400","4,70,000",7,7.2,6,7.7,7.2,6.8,7,/images/Madras_Medical_College.png
"Vels Institute of Science, Technology & Advanced ",Tamil nadu,Pharmacy,"78,800","3,53,800",8.1,8.4,7.5,8.4,8.1,7.8,8.3,"/images/Vels_Institute_of_Science,_Technology_&_Advanced.png"
"Sri Ramakrishna Institute of Paramedical Science, College ",Tamil nadu,Pharmacy,"43,000","75,000",8.1,9,9,8,8,7.5,7,"/images/Sri_Ramakrishna_Institute_of_Paramedical_Science,_College.png"
Christian Medical College ,Tamil nadu,Pharmacy,"1,66,900",--,9,9.3,8.4,9.3,9.3,9.2,8.7,/images/Christian_Medical_College.png
SRM Institute of Technology ,Tamil nadu,Pharmacy,"1,10,000","1,85,000",8,8,7.1,7.6,8.7,8.2,8.6,/images/SRM_Institute_of_Technology.png
"Mohamed Sathak A.J. College of Pharmacy, Chennai ",Tamil nadu,Pharmacy,--,--,--,--,--,--,--,--,--,"/images/Mohamed_Sathak_A.J._College_of_Pharmacy,_Chennai.png"
"Sathyabama Institute of Science and Technology, Chennai ",Tamil nadu,Pharmacy,"1,50,000","75,000",7.8,7.9,8.4,7.6,7.7,8,7.2,"/images/Sathyabama_Institute_of_Science_and_Technology,_Chennai.png"
"Sri Ramachandra Medical College, Chennai ",Tamil nadu,Pharmacy,"1,50,000","1,25,000",8.5,8.5,8.5,8.6,8.8,8.2,8.2,"/images/Sri_Ramachandra_Medical_College,_Chennai.png"
"Kalasalingam Academy of Research and Education, Krishnankovil ",Tamil nadu,Pharmacy,"30,000",--,7.7,8,7.4,7.9,8.3,7,7.6,"/images/Kalasalingam_Academy_of_Research_and_Education,_Krishnankovil.png"
The Erode College of Pharmacy & Research ,Tamil nadu,Pharmacy,"43,000","55,000",8.1,8.7,7.7,8.5,8.3,7.8,7.7,/images/The_Erode_College_of_Pharmacy_&_Research.png
Karpagam Academy of Higher Education ,Tamil nadu,Pharmacy,"1,45,500","2,05,500",7.4,7.8,6.8,7.5,7.5,7.1,7.5,/images/Karpagam_Academy_of_Higher_Education.png
Ponnaiyah Ramajayam Institute of Science and Technology ,Tamil nadu,Pharmacy,--,--,6.5,6.8,6.4,6.9,7,5.4,6.3,/images/Ponnaiyah_Ramajayam_Institute_of_Science_and_Technology.png
B.S. Abdur Rahman Crescent Institute of Science ,Tamil nadu,Pharmacy,"2,10,000",--,8.2,8.4,7.8,8.3,8.7,7.7,8.2,/images/B.S._Abdur_Rahman_Crescent_Institute_of_Science.png
"CL Baid Metha College of Pharmacy, Chennai ",Tamil nadu,Pharmacy,--,--,7.7,8.4,6.3,8.6,7.9,7.4,7.4,"/images/CL_Baid_Metha_College_of_Pharmacy,_Chennai.png"
"RVS College of Pharmaceutical Science, Coimbatore ",Tamil nadu,Pharmacy,"49,500","68,000",9,9,--,--,--,--,--,"/images/RVS_College_of_Pharmaceutical_Science,_Coimbatore.png"
"Dr. M.G.R. Educational and Research Institute, Chennai ",Tamil nadu,Pharmacy,"90,000","2,00,000",7.4,7.6,7.4,7.1,7.8,6.8,7.5,"/images/Dr._M.G.R._Educational_and_Research_Institute,_Chennai.png"
"Jaya College of Paramedical Sciences, College of ",Tamil nadu,Pharmacy,--,--,5,6.5,1,6,5.5,5,6,"/images/Jaya_College_of_Paramedical_Sciences,_College_of.png"
"Alagappa University, Karaikudi ",Tamil nadu,Pharmacy,"10,500",--,8.5,8.9,7.9,8.9,8.4,8.2,8.4,"/images/Alagappa_University,_Karaikudi.png"
"Annai Veilankanni Pharmacy College, Saidapet ",Tamil nadu,Pharmacy,"28,000",--,8.2,--,--,--,--,--,--,"/images/Annai_Veilankanni_Pharmacy_College,_Saidapet.png"
Bharath University ,Tamil nadu,Pharmacy,"40,000","1,20,000",7.6,7.9,7.1,8.1,7.6,7.8,7,/images/Bharath_University.png
Vinayaka Missions University ,Tamil nadu,Pharmacy,"50,500","51,000",8,8.2,7.2,8.7,7.6,7.8,8.4,/images/Vinayaka_Missions_University.png
"University VOC College of Engineering, Anna University ",Tamil nadu,Pharmacy,--,--,4,4,2,7,4,3,4,"/images/University_VOC_College_of_Engineering,_Anna_University.png"
"Jaya Group of Institutions, Chennai ",Tamil nadu,Pharmacy,--,--,--,--,--,--,--,--,--,"/images/Jaya_Group_of_Institutions,_Chennai.png"
"Excel Group of Institutions, Namakkal ",Tamil nadu,Pharmacy,--,--,6.5,6.5,6.3,6.5,7.3,5.3,7.3,"/images/Excel_Group_of_Institutions,_Namakkal.png"
"Aadhi Bhagawan College of Pharmacy, Tiruvannamalai ",Tamil nadu,Pharmacy,--,--,8.4,--,--,--,--,--,--,"/images/Aadhi_Bhagawan_College_of_Pharmacy,_Tiruvannamalai.png"
Institute of Chemical Technology ,Maharashtra,Pharmacy,"70,750","64,500",8.7,9.1,8.1,8.9,8.7,8.4,9.1,/images/Institute_of_Chemical_Technology.png
"Poona College of Pharmacy, Pune ",Maharashtra,Pharmacy,"1,25,000","50,000",8.1,9,7.5,8.1,8.5,7.5,8.2,"/images/Poona_College_of_Pharmacy,_Pune.png"
Bombay College of Pharmacy ,Maharashtra,Pharmacy,"2,16,568","41,633",8.7,9,8.4,8.9,9.2,8.2,8.5,/images/Bombay_College_of_Pharmacy.png
Rashtrasant Tukadoji Maharaj Nagpur University ,Maharashtra,Pharmacy,"17,696","16,335",7.5,8,7.2,7.7,7.9,6.9,7.4,/images/Rashtrasant_Tukadoji_Maharaj_Nagpur_University.png
"Dr. Bhanuben Nanavati College of Pharmacy, Mumbai ",Maharashtra,Pharmacy,"1,98,000","1,50,000",8.3,8.4,7.8,8.3,9.4,7.1,8.7,"/images/Dr._Bhanuben_Nanavati_College_of_Pharmacy,_Mumbai.png"
"Y. B. Chavan College of Pharmacy, Aurangabad ",Maharashtra,Pharmacy,"1,30,000","1,60,000",7.9,8.8,7.2,8.3,8,7,7.8,"/images/Y._B._Chavan_College_of_Pharmacy,_Aurangabad.png"
RC Patel Institute of Pharmacutical Education and ,Maharashtra,Pharmacy,"1,00,000","1,52,500",8.5,8.5,8.3,9.2,8.9,7.5,8.3,/images/RC_Patel_Institute_of_Pharmacutical_Education_and.png
Dr. D.Y. Patil Institute of Pharmaceutical Sciences ,Maharashtra,Pharmacy,"1,30,000","1,30,000",8.4,9,7.2,8.7,9.2,8.1,8.4,/images/Dr._D.Y._Patil_Institute_of_Pharmaceutical_Sciences.png
Bharati Vidyapeeth’s College of Pharmacy ,Maharashtra,Pharmacy,"1,55,000","2,00,000",7.7,9,7.7,8.5,7.8,6,7,/images/Bharati_Vidyapeeth’s_College_of_Pharmacy.png
Bharati Vidyapeeth College of Pharmacy ,Maharashtra,Pharmacy,"1,48,292","1,63,292",8.3,8,7.7,9,9.3,7.8,7.7,/images/Bharati_Vidyapeeth_College_of_Pharmacy.png
"Smt Kishoritai Bhoyar College of Pharmacy, Nagpur ",Maharashtra,Pharmacy,"1,24,000","1,55,000",8.3,--,--,9,--,8,8,"/images/Smt_Kishoritai_Bhoyar_College_of_Pharmacy,_Nagpur.png"
Principal K.M. Kundnani College of Pharmacy ,Maharashtra,Pharmacy,"18,210","36,000",7.6,8.5,6,9,6.8,8,7.4,/images/Principal_K.M._Kundnani_College_of_Pharmacy.png
Maeer's Maharashtra Institute of Pharmacy ,Maharashtra,Pharmacy,"2,61,758","1,95,000",8.8,8,8,8.5,9.5,9,9.5,/images/Maeer's_Maharashtra_Institute_of_Pharmacy.png
VES College of Pharmacy ,Maharashtra,Pharmacy,"1,81,208","1,82,731",9.1,9.4,8.6,9.4,9,8.8,9.5,/images/VES_College_of_Pharmacy.png
"Dr DY Patil College of Pharmacy Akurdi, ",Maharashtra,Pharmacy,"1,43,053","1,33,983",7.1,7,5,6.5,9,7,8,"/images/Dr_DY_Patil_College_of_Pharmacy_Akurdi,.png"
"MVP Samaj's College of Pharmacy, Nashik ",Maharashtra,Pharmacy,"90,000","80,500",7.7,8.7,6.7,9,7,7.7,7.3,"/images/MVP_Samaj's_College_of_Pharmacy,_Nashik.png"
"Modern College of Pharmacy Nigdi, Pune ",Maharashtra,Pharmacy,"1,15,000","1,15,000",7.7,8.4,7.2,8.3,8.2,6.8,7.5,"/images/Modern_College_of_Pharmacy_Nigdi,_Pune.png"
"Ramnarain Ruia Autonomous College, Mumbai ",Maharashtra,Pharmacy,--,--,7.9,8.4,7,8,8.4,6.6,8.9,"/images/Ramnarain_Ruia_Autonomous_College,_Mumbai.png"
Savitribai Phule Pune University ,Maharashtra,Pharmacy,"43,500",--,7.6,8.1,7.1,7.9,7.9,6.8,7.5,/images/Savitribai_Phule_Pune_University.png
"DY Patil University, Navi Mumbai ",Maharashtra,Pharmacy,"3,00,000","2,50,000",7.5,7.3,7.1,7.7,7.5,7.4,7.8,"/images/DY_Patil_University,_Navi_Mumbai.png"
Narsee Monjee Institute of Management Studies ,Maharashtra,Pharmacy,"1,21,500","3,52,000",8.1,8.4,7.6,8.5,8.1,7.9,8.2,/images/Narsee_Monjee_Institute_of_Management_Studies.png
Seth GS Medical College ,Maharashtra,Pharmacy,"12,550",--,8,8.8,6.7,7.6,8,8.2,8.4,/images/Seth_GS_Medical_College.png
Mumbai University ,Maharashtra,Pharmacy,--,--,7.2,7.6,6.5,7.9,7.4,6.6,7,/images/Mumbai_University.png
Mahatma Gandhi Institute of Medical Sciences ,Maharashtra,Pharmacy,"92,900",--,8.1,8.7,7.9,7.9,7.7,8.6,7.5,/images/Mahatma_Gandhi_Institute_of_Medical_Sciences.png
"Pravara Rural College of Pharmacy (Diploma), Ahmed ",Maharashtra,Pharmacy,"1,20,000","1,18,000",8.5,8.7,8.3,8.7,8.3,8,8.7,"/images/Pravara_Rural_College_of_Pharmacy_(Diploma),_Ahmed.png"
Rajgad Dnyanpeeth's College of Pharmacy ,Maharashtra,Pharmacy,"74,000","67,000",7.8,8,9.5,6.7,8,6.7,7.7,/images/Rajgad_Dnyanpeeth's_College_of_Pharmacy.png
Dr. Vithalrao Vikhe Patil Foundation's Medical College ,Maharashtra,Pharmacy,--,--,8.3,8.5,7.4,8.6,9.4,8.3,7.4,/images/Dr._Vithalrao_Vikhe_Patil_Foundation's_Medical_College.png
Bharati Vidyapeeth Deemed University ,Maharashtra,Pharmacy,"1,25,000","1,42,000",7.8,8.1,6.8,7.9,8.1,7.7,8.2,/images/Bharati_Vidyapeeth_Deemed_University.png
"P Wadhwani College of Pharmacy, Yavatmal ",Maharashtra,Pharmacy,"95,000","1,20,000",8.4,--,--,--,--,--,--,"/images/P_Wadhwani_College_of_Pharmacy,_Yavatmal.png"
"Amity University, Noida ",Uttar pradesh,Pharmacy,"1,20,000","1,20,000",8.2,8,7.9,8.1,8.9,7.6,8.7,"/images/Amity_University,_Noida.png"
"Integral University, Lucknow ",Uttar pradesh,Pharmacy,"1,40,000","1,30,000",7.4,7.6,7.3,7.4,8,6.5,7.4,"/images/Integral_University,_Lucknow.png"
Sam Higginbottom University of Agriculture Technology and ,Uttar pradesh,Pharmacy,"80,000","1,42,000",7.2,7.6,6.6,7.5,7.5,6,7.9,/images/Sam_Higginbottom_University_of_Agriculture_Technology_and.png
Banaras Hindu University ,Uttar pradesh,Pharmacy,"8,368","13,410",8.3,8.7,8.1,8.4,8.8,7.2,8.6,/images/Banaras_Hindu_University.png
Indian Institute of Technology BHU,Uttar pradesh,Pharmacy,"36,815","37,315",8.5,8.5,8.2,8.1,7.6,9.1,9.2,/images/Indian_Institute_of_Technology_BHU.png
Aligarh Muslim University ,Uttar pradesh,Pharmacy,--,--,8.3,8.8,7.9,8.5,8.8,7.2,8.6,/images/Aligarh_Muslim_University.png
"Amity University, Lucknow ",Uttar pradesh,Pharmacy,"1,50,000","1,82,000",8.1,8,7.6,8.1,8.8,7.1,8.8,"/images/Amity_University,_Lucknow.png"
"INMANTEC Institutions, Ghaziabad ",Uttar pradesh,Pharmacy,"90,000",--,8.6,9.1,7.9,9.2,8.6,8.2,8.7,"/images/INMANTEC_Institutions,_Ghaziabad.png"
Teerthanker Mahaveer University ,Uttar pradesh,Pharmacy,"1,73,700","2,11,500",8.1,8.3,7.6,8.2,8.7,7.3,8.3,/images/Teerthanker_Mahaveer_University.png
Nirmala Group of Institutions ,Uttar pradesh,Pharmacy,"1,05,000",--,--,--,--,--,--,--,--,/images/Nirmala_Group_of_Institutions.png
Sunder Deep Pharmacy College ,Uttar pradesh,Pharmacy,"1,15,000","1,05,950",9.2,9.1,8.8,9.9,9.2,8.7,9.3,/images/Sunder_Deep_Pharmacy_College.png
"SR College of Pharmacy, Jhansi ",Uttar pradesh,Pharmacy,"66,000","54,000",--,--,--,--,--,--,--,"/images/SR_College_of_Pharmacy,_Jhansi.png"
Institute of Technology and Science ,Uttar pradesh,Pharmacy,--,--,8.2,8.6,7.5,8.3,8.6,7.9,8.1,/images/Institute_of_Technology_and_Science.png
Spectrum Institute of Pharmaceutical Sciences & Research ,Uttar pradesh,Pharmacy,"80,000","1,17,200",--,--,--,--,--,--,--,/images/Spectrum_Institute_of_Pharmaceutical_Sciences_&_Research.png
"SD College of Pharmacy and Vocational studies, ",Uttar pradesh,Pharmacy,--,--,--,--,--,--,--,--,--,"/images/SD_College_of_Pharmacy_and_Vocational_studies,.png"
"Teerthanker Mahaveer University, College of Architecture ",Uttar pradesh,Pharmacy,--,--,--,--,--,--,--,--,--,"/images/Teerthanker_Mahaveer_University,_College_of_Architecture.png"
Dr MC Saxena College of Pharmacy ,Uttar pradesh,Pharmacy,"1,02,250","93,250",--,--,--,--,--,--,--,/images/Dr_MC_Saxena_College_of_Pharmacy.png
BBS Institute of Pharmaceutical and Allied Sciences ,Uttar pradesh,Pharmacy,--,--,4.7,7,4,7,6,2,2,/images/BBS_Institute_of_Pharmaceutical_and_Allied_Sciences.png
Dayanand Dinanath College ,Uttar pradesh,Pharmacy,"93,803","92,603",6.9,6,5.5,8.5,7.5,6.5,7.5,/images/Dayanand_Dinanath_College.png
Chhatrapati Shahu Ji Maharaj University ,Uttar pradesh,Pharmacy,"86,163","71,163",7.1,7.2,6.6,7.5,8,5.8,7.7,/images/Chhatrapati_Shahu_Ji_Maharaj_University.png
J.S. University ,Uttar pradesh,Pharmacy,"80,000",--,8.5,8.5,7.8,8.7,9,8.2,8.6,/images/J.S._University.png
"Advance Institute of Biotech and Paramedical Sciences, ",Uttar pradesh,Pharmacy,"63,300","68,750",7,7.7,4.3,8.5,6.7,7.5,7,"/images/Advance_Institute_of_Biotech_and_Paramedical_Sciences,.png"
"Monad University, Hapur ",Uttar pradesh,Pharmacy,"71,000",--,8,7.6,7.4,8.5,8,8.2,8.1,"/images/Monad_University,_Hapur.png"
Sharda University ,Uttar pradesh,Pharmacy,"1,10,000","75,000",7.9,7.7,7.6,7.9,8.6,6.9,8.6,/images/Sharda_University.png
Galgotias University ,Uttar pradesh,Pharmacy,"1,10,000","85,000",7.6,7.9,6.9,7.9,7.5,7.7,7.8,/images/Galgotias_University.png
"Rama University, Kanpur ",Uttar pradesh,Pharmacy,"1,10,000","1,00,000",6.7,6.6,6.1,7.3,6.5,6.6,7.1,"/images/Rama_University,_Kanpur.png"
"GLA University, Mathura ",Uttar pradesh,Pharmacy,"77,000","1,78,000",8.2,8.2,7.9,8.3,8.3,8.2,8.1,"/images/GLA_University,_Mathura.png"
Sanskriti University ,Uttar pradesh,Pharmacy,"1,25,000","1,10,000",7,7.2,6.7,7,7.5,6.9,6.8,/images/Sanskriti_University.png
"IFTM University, Moradabad ",Uttar pradesh,Pharmacy,"1,40,000","75,000",7.8,7.9,7.5,8.1,8,6.8,8.3,"/images/IFTM_University,_Moradabad.png"
"Jamia Hamdard University, New Delhi ",Delhi ncr,Pharmacy,"80,000","2,10,000",7.5,8.1,7.3,7.8,8.1,6.5,7.4,"/images/Jamia_Hamdard_University,_New_Delhi.png"
"Amity University, Noida ",Delhi ncr,Pharmacy,"1,20,000","1,20,000",8.2,8,7.9,8.1,8.9,7.6,8.7,"/images/Amity_University,_Noida.png"
Delhi Institute of Pharmaceutical Sciences and Research ,Delhi ncr,Pharmacy,"50,885","37,885",8,8.5,7.2,8.2,8,7.7,8.1,/images/Delhi_Institute_of_Pharmaceutical_Sciences_and_Research.png
Maharshi Dayanand University ,Delhi ncr,Pharmacy,"33,100","25,600",7.8,8,7.7,8,8.4,6.6,8,/images/Maharshi_Dayanand_University.png
All India Institute of Medical Sciences ,Delhi ncr,Pharmacy,"2,045",--,8.7,9,8,9.1,9,8.2,8.8,/images/All_India_Institute_of_Medical_Sciences.png
"Jamia Millia Islamia University-[JMI], New Delhi ",Delhi ncr,Pharmacy,"50,100",--,8,8.4,7.6,8.3,8.4,7.2,8.2,"/images/Jamia_Millia_Islamia_University-[JMI],_New_Delhi.png"
Guru Gobind Singh Indraprastha University ,Delhi ncr,Pharmacy,--,--,7.8,8.1,7.5,8,8.1,6.9,8.1,/images/Guru_Gobind_Singh_Indraprastha_University.png
Delhi University ,Delhi ncr,Pharmacy,--,--,7.9,8.4,7.4,8.4,7.9,7.2,8.3,/images/Delhi_University.png
Pt Bhagwat Dayal Sharma Post Graduate Institute ,Delhi ncr,Pharmacy,"30,730","10,730",7.5,8.4,7.5,8.1,7.5,7.6,6.1,/images/Pt_Bhagwat_Dayal_Sharma_Post_Graduate_Institute.png
Hamdard Institute of Medical Sciences and Research ,Delhi ncr,Pharmacy,"1,72,000",--,8.6,8.6,8.1,8.8,8.7,8.6,8.8,/images/Hamdard_Institute_of_Medical_Sciences_and_Research.png
Apeejay Stya University ,Delhi ncr,Pharmacy,"1,57,200","2,90,200",7.9,8.2,7.5,7.9,7.5,7.7,8.3,/images/Apeejay_Stya_University.png
"INMANTEC Institutions, Ghaziabad ",Delhi ncr,Pharmacy,"90,000",--,8.6,9.1,7.9,9.2,8.6,8.2,8.7,"/images/INMANTEC_Institutions,_Ghaziabad.png"
Shri Baba Mastnath Institute of Pharmaceutical Sciences ,Delhi ncr,Pharmacy,"79,000","80,000",8.4,8.5,8,8,9,8.5,8.5,/images/Shri_Baba_Mastnath_Institute_of_Pharmaceutical_Sciences.png
Sunder Deep Pharmacy College ,Delhi ncr,Pharmacy,"1,15,000","1,05,950",9.2,9.1,8.8,9.9,9.2,8.7,9.3,/images/Sunder_Deep_Pharmacy_College.png
Institute of Technology and Science ,Delhi ncr,Pharmacy,--,--,8.2,8.6,7.5,8.3,8.6,7.9,8.1,/images/Institute_of_Technology_and_Science.png
Spectrum Institute of Pharmaceutical Sciences & Research ,Delhi ncr,Pharmacy,"80,000","1,17,200",--,--,--,--,--,--,--,/images/Spectrum_Institute_of_Pharmaceutical_Sciences_&_Research.png
"Aditya College of Pharmacy and Science, New ",Delhi ncr,Pharmacy,--,--,7.5,7.5,7,8.2,8.1,6.6,7.5,"/images/Aditya_College_of_Pharmacy_and_Science,_New.png"
"SD College of Pharmacy and Vocational studies, ",Delhi ncr,Pharmacy,--,--,--,--,--,--,--,--,--,"/images/SD_College_of_Pharmacy_and_Vocational_studies,.png"
Ram Gopal College of Pharmacy ,Delhi ncr,Pharmacy,"65,000","1,10,000",7.6,8.3,7.3,8.7,7.5,6.7,7.3,/images/Ram_Gopal_College_of_Pharmacy.png
BBS Institute of Pharmaceutical and Allied Sciences ,Delhi ncr,Pharmacy,--,--,4.7,7,4,7,6,2,2,/images/BBS_Institute_of_Pharmaceutical_and_Allied_Sciences.png
"Gurugram University, Gurgaon ",Delhi ncr,Pharmacy,"40,000","50,000",8.2,8.6,7.4,8.4,8.6,8,8.1,"/images/Gurugram_University,_Gurgaon.png"
"Monad University, Hapur ",Delhi ncr,Pharmacy,"71,000",--,8,7.6,7.4,8.5,8,8.2,8.1,"/images/Monad_University,_Hapur.png"
Sharda University ,Delhi ncr,Pharmacy,"1,10,000","75,000",7.9,7.7,7.6,7.9,8.6,6.9,8.6,/images/Sharda_University.png
Galgotias University ,Delhi ncr,Pharmacy,"1,10,000","85,000",7.6,7.9,6.9,7.9,7.5,7.7,7.8,/images/Galgotias_University.png
"Amity University, Gurgaon ",Delhi ncr,Pharmacy,"1,70,000","84,000",7.7,7.8,7.1,7.6,8.6,7.1,8.1,"/images/Amity_University,_Gurgaon.png"
Delhi Pharmaceutical Sciences and Research University ,Delhi ncr,Pharmacy,"56,850","44,050",9,9.6,8.8,8.8,9.4,8.6,8.8,/images/Delhi_Pharmaceutical_Sciences_and_Research_University.png
"Starex University, Gurgaon ",Delhi ncr,Pharmacy,"1,10,000","1,00,000",8.8,9.1,9.1,8.7,8.6,8.5,8.7,"/images/Starex_University,_Gurgaon.png"
SunRise University ,Delhi ncr,Pharmacy,"1,07,200","3,00,000",8.1,8.1,7.3,8.7,8.1,7.9,8.4,/images/SunRise_University.png
"Shobhit University, Meerut ",Delhi ncr,Pharmacy,"1,22,400",--,7.8,8.4,7.3,7.8,8.3,7,7.9,"/images/Shobhit_University,_Meerut.png"
Modern Vidya Niketan ,Delhi ncr,Pharmacy,"95,000","1,25,000",7,7.2,6.4,7.7,7,6.8,6.8,/images/Modern_Vidya_Niketan.png
"Andhra University, College of Pharmaceutical Sciences, Visakhapatnam ",Andhra pradesh,Pharmacy,"3,29,988","3,15,483",8,8.8,7.4,7.3,9,7.5,8,"/images/Andhra_University,_College_of_Pharmaceutical_Sciences,_Visakhapatnam.png"
"Chalapathi Institute of Pharmaceutical Sciences, Guntur ",Andhra pradesh,Pharmacy,"36,100","67,800",8.1,8.7,8,8.3,8.8,7.9,7.1,"/images/Chalapathi_Institute_of_Pharmaceutical_Sciences,_Guntur.png"
Acharya Nagarjuna University ,Andhra pradesh,Pharmacy,"11,750","93,230",7.3,7.7,7,7.2,8,5.7,8.2,/images/Acharya_Nagarjuna_University.png
Sri Padmavati Mahila Visvavidyalayam ,Andhra pradesh,Pharmacy,"11,450","15,000",7.6,8.3,7.4,7.8,7.5,6.2,8.1,/images/Sri_Padmavati_Mahila_Visvavidyalayam.png
Sri Venkateswara College of Pharmacy ,Andhra pradesh,Pharmacy,"56,300","1,17,500",5.9,7,4.5,7.7,6,3.7,6.7,/images/Sri_Venkateswara_College_of_Pharmacy.png
Raghavendhra Institute of Pharmaceutical Education and Research ,Andhra pradesh,Pharmacy,"30,200","1,04,784",8,8.5,6.5,8.6,9,7.2,8.2,/images/Raghavendhra_Institute_of_Pharmaceutical_Education_and_Research.png
K L University ,Andhra pradesh,Pharmacy,"1,85,000","1,75,000",8.3,8.5,7.6,8.3,8.8,8.3,8.2,/images/K_L_University.png
Bapatla College of Pharmacy ,Andhra pradesh,Pharmacy,"52,000","1,10,000",7.6,9,7.8,8.6,9.8,4.2,6,/images/Bapatla_College_of_Pharmacy.png
Sri Venkateswara University ,Andhra pradesh,Pharmacy,"1,21,780","3,63,094",8.1,7.9,8.3,8.2,7.9,7.7,8.4,/images/Sri_Venkateswara_University.png
"Vignan’s Foundation for Science, Technology, and Research, ",Andhra pradesh,Pharmacy,"1,50,000",--,8.2,8.2,8.4,8.5,8.2,7.7,8.4,"/images/Vignan’s_Foundation_for_Science,_Technology,_and_Research,.png"
Shri Vishnu College of Pharmacy ,Andhra pradesh,Pharmacy,"80,020","1,07,900",8,8.1,8,8.1,8.4,7.7,7.8,/images/Shri_Vishnu_College_of_Pharmacy.png
Jawaharlal Nehru Technological University ,Andhra pradesh,Pharmacy,"1,80,000",--,7.4,7.7,6.8,7.1,7.7,7.1,7.8,/images/Jawaharlal_Nehru_Technological_University.png
Centurion University of Technology and Management ,Andhra pradesh,Pharmacy,"60,000",--,7.8,8,7.2,8.3,7.6,7.4,8.3,/images/Centurion_University_of_Technology_and_Management.png
Malineni Perumallu Educational Society's Group of Institutions ,Andhra pradesh,Pharmacy,"50,200",--,6.3,5.7,7.5,7.3,5.3,4.7,7.1,/images/Malineni_Perumallu_Educational_Society's_Group_of_Institutions.png
Kakinada Institute of Technology and Science ,Andhra pradesh,Pharmacy,--,--,6.9,7.4,7.1,6.8,7,5.9,7.1,/images/Kakinada_Institute_of_Technology_and_Science.png
AKRG College of Pharmacy ,Andhra pradesh,Pharmacy,"38,200","1,10,000",--,--,--,--,--,--,--,/images/AKRG_College_of_Pharmacy.png
"A.M.Reddy Memorial College of Pharmacy, Guntur ",Andhra pradesh,Pharmacy,"40,000","68,000",--,--,--,--,--,--,--,"/images/A.M.Reddy_Memorial_College_of_Pharmacy,_Guntur.png"
ASN Pharmacy College ,Andhra pradesh,Pharmacy,"31,000","1,10,000",8.7,9,8,9.3,--,--,--,/images/ASN_Pharmacy_College.png
"Balaji College of Pharmacy, Ananthapur ",Andhra pradesh,Pharmacy,"44,100","1,10,000",8.1,8,7.5,8.5,8,8,8.5,"/images/Balaji_College_of_Pharmacy,_Ananthapur.png"
Bellamkonda Institute of Technology and Sciences ,Andhra pradesh,Pharmacy,"2,40,000","2,20,000",--,--,--,--,--,--,--,/images/Bellamkonda_Institute_of_Technology_and_Sciences.png
GITAM Institute of Pharmacy ,Andhra pradesh,Pharmacy,"1,32,000","1,70,000",6.2,7,4,7,7,4,8,/images/GITAM_Institute_of_Pharmacy.png
"Hindu College of Pharmacy, Guntur ",Andhra pradesh,Pharmacy,"60,450","1,10,000",7.5,8,7.3,7,8.3,6.6,7.7,"/images/Hindu_College_of_Pharmacy,_Guntur.png"
"K.G.R.L College of Pharmacy, Bhimavaram ",Andhra pradesh,Pharmacy,"45,800","1,10,000",--,--,--,--,--,--,--,"/images/K.G.R.L_College_of_Pharmacy,_Bhimavaram.png"
KVSR Siddhartha College of Pharmaceutical Sciences ,Andhra pradesh,Pharmacy,"90,000","1,10,000",6.8,8.3,5.3,7.7,8.7,4.3,6.7,/images/KVSR_Siddhartha_College_of_Pharmaceutical_Sciences.png
"MAM College of Pharmacy, Narasaraopet ",Andhra pradesh,Pharmacy,"50,000","1,10,000",6.3,7,--,--,6,6,--,"/images/MAM_College_of_Pharmacy,_Narasaraopet.png"
Narasaraopeta Institute of Pharmaceutical Sciences ,Andhra pradesh,Pharmacy,"48,000","1,10,000",--,--,--,--,--,--,--,/images/Narasaraopeta_Institute_of_Pharmaceutical_Sciences.png
"Narayana Pharmacy College, Nellore ",Andhra pradesh,Pharmacy,"65,000","1,10,000",8.2,8.8,7.6,9,9,7,7.6,"/images/Narayana_Pharmacy_College,_Nellore.png"
Nimra College of Pharmacy ,Andhra pradesh,Pharmacy,"50,200","1,18,900",7.2,7.3,6.7,7.3,7.7,7,7.3,/images/Nimra_College_of_Pharmacy.png
"Pydah College of Pharmacy, Kakinada ",Andhra pradesh,Pharmacy,"35,000","1,10,000",--,--,--,--,--,--,--,"/images/Pydah_College_of_Pharmacy,_Kakinada.png"
Manipal College of Pharmaceutical Sciences ,Karnataka,Pharmacy,"4,25,000","3,13,000",8.6,8.8,7.9,8.8,8.8,8.5,8.6,/images/Manipal_College_of_Pharmaceutical_Sciences.png
"JSS Academy of Higher Education & Research, ",Karnataka,Pharmacy,"2,53,250","2,84,500",8.2,8.3,7.5,8.6,8.5,8,8,"/images/JSS_Academy_of_Higher_Education_&_Research,.png"
"KLE University's College of Pharmacy, Belgaum ",Karnataka,Pharmacy,"1,27,000","1,50,000",8.1,8,8,8.3,8.3,8,8,"/images/KLE_University's_College_of_Pharmacy,_Belgaum.png"
The Nitte Gulabi Shetty Memorial Institute of ,Karnataka,Pharmacy,"97,000","1,10,000",8.3,9.2,7.7,8.6,8.6,7.5,8.4,/images/The_Nitte_Gulabi_Shetty_Memorial_Institute_of.png
Acharya & BM Reddy College of Pharmacy ,Karnataka,Pharmacy,"2,30,175","3,76,175",8.3,8.1,7.4,8.5,9.1,8,8.4,/images/Acharya_&_BM_Reddy_College_of_Pharmacy.png
"Al- Ameen College of Pharmacy, Bangalore ",Karnataka,Pharmacy,--,--,8.5,8.7,8.3,8.4,9.3,8.1,8.1,"/images/Al-_Ameen_College_of_Pharmacy,_Bangalore.png"
Manipal Academy of Higher Education ,Karnataka,Pharmacy,"4,40,000","4,17,000",8.4,8.5,8.2,8.6,8.8,7.8,8.4,/images/Manipal_Academy_of_Higher_Education.png
KLE College of Pharmacy ,Karnataka,Pharmacy,"72,500","1,21,000",6.6,8,5.8,7.5,7.5,4.8,6,/images/KLE_College_of_Pharmacy.png
KS Hegde Medical Academy ,Karnataka,Pharmacy,"1,83,000","1,86,000",8.6,9,8.4,9.6,8.4,8.2,8.2,/images/KS_Hegde_Medical_Academy.png
"Maratha Mandal College of Pharmacy, Belgaum ",Karnataka,Pharmacy,--,--,5.4,8,1.5,7.5,7,4.2,4.3,"/images/Maratha_Mandal_College_of_Pharmacy,_Belgaum.png"
"SJM College of Pharmacy, Chitradurga ",Karnataka,Pharmacy,"1,20,000","1,45,000",8.7,9,8.5,9,8,9,8.5,"/images/SJM_College_of_Pharmacy,_Chitradurga.png"
"St John's Pharmacy College, Bangalore ",Karnataka,Pharmacy,"96,000",--,6.6,8,5.3,6.2,7.4,6.5,6,"/images/St_John's_Pharmacy_College,_Bangalore.png"
Farooqia College of Pharmacy ,Karnataka,Pharmacy,"1,40,000","2,50,000",7.8,8,7.4,8.4,6.9,7.8,8.3,/images/Farooqia_College_of_Pharmacy.png
"HKE Society's College of Pharmacy, Gulbarga ",Karnataka,Pharmacy,"75,000","1,00,000",5.2,5,5,8.5,4.5,4.5,3.5,"/images/HKE_Society's_College_of_Pharmacy,_Gulbarga.png"
St George College of Management Science and ,Karnataka,Pharmacy,--,--,6.4,7.5,5.5,8,6,5,6.3,/images/St_George_College_of_Management_Science_and.png
Krupanidhi College of Pharmacy ,Karnataka,Pharmacy,"1,03,500","2,00,000",8.4,8.9,7.6,8.3,8.5,8.3,8.5,/images/Krupanidhi_College_of_Pharmacy.png
BVV Sangha's Hangal Shri Kumareshwar College of ,Karnataka,Pharmacy,--,--,7.5,8,7,7.8,9.3,6.3,6.8,/images/BVV_Sangha's_Hangal_Shri_Kumareshwar_College_of.png
"RRK Samithi College of Pharmacy, Bidar ",Karnataka,Pharmacy,"4,85,000","98,000",5.8,6.5,4.5,5.5,6,4.5,7.5,"/images/RRK_Samithi_College_of_Pharmacy,_Bidar.png"
PES University ,Karnataka,Pharmacy,"2,00,000","1,20,000",8,8.5,7.7,8.1,8.1,8.1,7.6,/images/PES_University.png
T John Institute of Management and Science ,Karnataka,Pharmacy,"1,60,000","65,000",8.1,8.5,7.5,8.5,8,7.8,8.3,/images/T_John_Institute_of_Management_and_Science.png
Dayananda Sagar University ,Karnataka,Pharmacy,"1,88,950","2,13,450",7.3,7.7,6.3,8,7.7,7.6,6.7,/images/Dayananda_Sagar_University.png
"KLE University, Belgaum ",Karnataka,Pharmacy,"97,500","1,58,000",7.2,7.4,7,7.6,7.9,6.1,7.4,"/images/KLE_University,_Belgaum.png"
"Yenepoya University, Mangalore ",Karnataka,Pharmacy,"59,000","2,25,000",7.8,8.3,6.9,8.2,8.6,7.6,6.9,"/images/Yenepoya_University,_Mangalore.png"
Nitte University ,Karnataka,Pharmacy,"2,74,500","2,11,000",7.6,7.1,7.1,7.8,7.8,7.8,7.8,/images/Nitte_University.png
Adichunchanagiri University ,Karnataka,Pharmacy,"21,430","21,430",7.5,7.3,6.7,8.2,7.7,7.6,7.7,/images/Adichunchanagiri_University.png
"BLDE University, Bijapur ",Karnataka,Pharmacy,"1,01,500",--,8.1,8.3,7.8,8.4,8.1,7.7,8.1,"/images/BLDE_University,_Bijapur.png"
M.S. Ramaiah University of Applied Sciences ,Karnataka,Pharmacy,"3,38,250","1,88,250",7.6,8.2,6.3,8.2,7.9,7.2,7.8,/images/M.S._Ramaiah_University_of_Applied_Sciences.png
"Krupanidhi Group of Institutions, Bangalore ",Karnataka,Pharmacy,"2,07,000","3,50,000",8.7,8.8,8.2,8.8,8.9,8.8,8.9,"/images/Krupanidhi_Group_of_Institutions,_Bangalore.png"
Dayananda Sagar Institutions ,Karnataka,Pharmacy,"96,000","1,44,000",7.8,7.8,7.3,7.6,8.8,7.3,7.7,/images/Dayananda_Sagar_Institutions.png
Institute of Clinical Research ,Karnataka,Pharmacy,--,--,8.6,9,8.3,9,8.7,8.7,8,/images/Institute_of_Clinical_Research.png
National Institute of Pharmaceutical Education and Research ,Telangana,Pharmacy,"1,12,500",--,8.4,8.6,8,8.7,8,8.4,8.4,/images/National_Institute_of_Pharmaceutical_Education_and_Research.png
"Sultan Ul Uloom College of Pharmacy, Hyderabad ",Telangana,Pharmacy,"1,10,000","1,15,000",6.9,7,6.7,6.5,7,7,7.3,"/images/Sultan_Ul_Uloom_College_of_Pharmacy,_Hyderabad.png"
Jawaharlal Nehru Technological University ,Telangana,Pharmacy,"20,000",--,8,8.3,7.7,7.8,8.3,7.6,8.3,/images/Jawaharlal_Nehru_Technological_University.png
Narsee Monjee Institute of Management Studies ,Telangana,Pharmacy,"2,02,000",--,8.8,8.9,8.4,9.2,8.9,8.5,8.9,/images/Narsee_Monjee_Institute_of_Management_Studies.png
Deccan School of Pharmacy ,Telangana,Pharmacy,"54,000","75,000",8.1,9,7.7,8,7.7,8.3,8,/images/Deccan_School_of_Pharmacy.png
Osmania University ,Telangana,Pharmacy,--,--,7.9,8.3,7.5,8,8,7.7,7.9,/images/Osmania_University.png
Kakatiya University ,Telangana,Pharmacy,"14,300","19,770",7.2,7.4,6.8,7.6,7.2,6.8,7.4,/images/Kakatiya_University.png
"Shadan Women's College of Pharmacy, Hyderabad ",Telangana,Pharmacy,"32,000","98,500",4.8,5.3,5.3,5.7,5,3,4.7,"/images/Shadan_Women's_College_of_Pharmacy,_Hyderabad.png"
"St. Peter's Institute of Pharmaceutical Sciences -[SPIPS], ",Telangana,Pharmacy,"52,000","1,10,000",9.3,--,--,--,--,--,--,"/images/St._Peter's_Institute_of_Pharmaceutical_Sciences_-[SPIPS],.png"
"Sri Venkateshwara College of Pharmacy, Hyderabad ",Telangana,Pharmacy,"55,000","93,000",6.8,7.2,5,8.2,7.4,6.5,6.5,"/images/Sri_Venkateshwara_College_of_Pharmacy,_Hyderabad.png"
"Anurag University, Hyderabad ",Telangana,Pharmacy,"85,500","1,19,500",8.3,8.5,7.5,8.2,8.9,8,8.4,"/images/Anurag_University,_Hyderabad.png"
Birla Institute of Technology and Science ,Telangana,Pharmacy,"4,23,475","4,69,475",9,9,8.4,8.8,9.4,9.1,9.4,/images/Birla_Institute_of_Technology_and_Science.png
"Scient Institute of Technology, Ibrahimpatnam, Hyderabad ",Telangana,Pharmacy,"61,500","1,17,500",7.5,7.9,6.6,7.3,8.1,7,8,"/images/Scient_Institute_of_Technology,_Ibrahimpatnam,_Hyderabad.png"
Guru Nanak Institutions Technical Campus ,Telangana,Pharmacy,"91,500","1,20,500",7.8,7.9,7.8,7.8,8.1,7.6,7.8,/images/Guru_Nanak_Institutions_Technical_Campus.png
"CMR Group of Institutions, Hyderabad ",Telangana,Pharmacy,"1,00,000","1,10,000",7.4,7.8,7.5,7.4,7.1,7.1,7.7,"/images/CMR_Group_of_Institutions,_Hyderabad.png"
"St. Mary’s Group of Institutions, Hyderabad ",Telangana,Pharmacy,"1,000","2,500",7.2,7.4,6.5,7.3,7.8,6.5,7.6,"/images/St._Mary’s_Group_of_Institutions,_Hyderabad.png"
Sana Engineering College ,Telangana,Pharmacy,"1,20,000",--,6.5,7,6.5,7.3,7.5,4.8,6.1,/images/Sana_Engineering_College.png
Nalla Narasimha Reddy Education Society's Group of ,Telangana,Pharmacy,"80,500","1,15,500",7.7,7.7,7.2,8,8.2,6.7,8.2,/images/Nalla_Narasimha_Reddy_Education_Society's_Group_of.png
Brilliant Grammar School Educational Society's Group of ,Telangana,Pharmacy,--,--,7.3,7.5,6.5,8,8,5,9,/images/Brilliant_Grammar_School_Educational_Society's_Group_of.png
"Aurora Group of Institutions, Hyderabad ",Telangana,Pharmacy,"35,000",--,6.9,6.9,6.4,8,6.6,6.3,6.9,"/images/Aurora_Group_of_Institutions,_Hyderabad.png"
"Avanthi Educational Society, Hyderabad ",Telangana,Pharmacy,"47,000","1,10,000",--,--,--,--,--,--,--,"/images/Avanthi_Educational_Society,_Hyderabad.png"
Institute of Science and Technology ,Telangana,Pharmacy,"96,000",--,7.7,9,7.5,8,8.5,7.5,5.8,/images/Institute_of_Science_and_Technology.png
"University College of Technology, Osmania University, Hyderabad ",Telangana,Pharmacy,"1,00,405",--,7.5,8.1,8.3,7,7.7,6.1,7.5,"/images/University_College_of_Technology,_Osmania_University,_Hyderabad.png"
"SVS Group of Institutions, Warangal ",Telangana,Pharmacy,"45,500","1,17,500",7.2,7.4,6.6,7.4,7.5,6.4,7.6,"/images/SVS_Group_of_Institutions,_Warangal.png"
Hasvita Group of Institutions ,Telangana,Pharmacy,--,--,8.3,9,7.5,8.5,8.5,8,8,/images/Hasvita_Group_of_Institutions.png
Vivekananda Group of Institutions ,Telangana,Pharmacy,--,--,8.8,8.4,8.9,8.7,8.8,9,9,/images/Vivekananda_Group_of_Institutions.png
"Arvindaksha Educational Society’s Group of Institutions, Suryapet ",Telangana,Pharmacy,--,--,--,--,--,--,--,--,--,"/images/Arvindaksha_Educational_Society’s_Group_of_Institutions,_Suryapet.png"
Madhira Institute of Technology & Science ,Telangana,Pharmacy,"70,000",--,6.6,6,6.2,6.6,6.8,6.8,7.1,/images/Madhira_Institute_of_Technology_&_Science.png
"Mohammadiya Educational Society, Khammam ",Telangana,Pharmacy,"35,000","1,10,000",--,--,--,--,--,--,--,"/images/Mohammadiya_Educational_Society,_Khammam.png"
"Devi Ahilya Vishwavidyalaya, Indore ",Madhya pradesh,Pharmacy,"73,600","79,500",7.5,8,6.5,7.8,7.5,7,7.9,"/images/Devi_Ahilya_Vishwavidyalaya,_Indore.png"
B.R. Nahata College of Pharmacy ,Madhya pradesh,Pharmacy,"77,050","77,050",7.7,8,6.5,7,7.5,8,9,/images/B.R._Nahata_College_of_Pharmacy.png
"Amity University, Gwalior ",Madhya pradesh,Pharmacy,"94,000","75,000",8.6,8.8,8.5,8.4,9.3,8,8.3,"/images/Amity_University,_Gwalior.png"
Barkatullah University ,Madhya pradesh,Pharmacy,"56,550","47,550",6.9,7.3,6.1,7.4,6.9,6,7.5,/images/Barkatullah_University.png
Indira Gandhi National Tribal University ,Madhya pradesh,Pharmacy,"1,00,000","42,500",7.5,7.5,7.3,8.4,7.9,5.9,7.9,/images/Indira_Gandhi_National_Tribal_University.png
LNCT University ,Madhya pradesh,Pharmacy,"30,000","1,10,000",9,9,8.8,9.3,8.8,8.9,8.9,/images/LNCT_University.png
Sardar Patel University ,Madhya pradesh,Pharmacy,"1,16,000","61,500",7.9,7.9,7.4,8.4,8,7.7,8,/images/Sardar_Patel_University.png
Oriental University ,Madhya pradesh,Pharmacy,"55,000","2,41,775",7.2,7.5,6.7,7.2,7.7,7.1,7.1,/images/Oriental_University.png
Shri Krishna University ,Madhya pradesh,Pharmacy,"1,54,500","76,000",8.1,8.1,7.4,8.3,8.5,8,8,/images/Shri_Krishna_University.png
AKS University ,Madhya pradesh,Pharmacy,"60,000","70,000",7.3,7.8,5.9,8.2,7.6,6.9,7.4,/images/AKS_University.png
"Medi-Caps University, Indore ",Madhya pradesh,Pharmacy,"95,000",--,7.4,7.6,6.3,7.5,7.9,7.4,7.6,"/images/Medi-Caps_University,_Indore.png"
"People's University, Bhopal ",Madhya pradesh,Pharmacy,"1,00,000","66,000",7,6.7,6.6,7.5,7.2,6.6,7.4,"/images/People's_University,_Bhopal.png"
"Swami Vivekanand University, Sagar ",Madhya pradesh,Pharmacy,"32,600","59,000",6.3,6.9,5,7,6.4,5.6,6.6,"/images/Swami_Vivekanand_University,_Sagar.png"
"Acropolis Group of Institutions, Indore ",Madhya pradesh,Pharmacy,"68,000","1,40,000",8.7,8.5,8.5,8.7,9,8.6,8.6,"/images/Acropolis_Group_of_Institutions,_Indore.png"
Shri Govindram Seksaria Institute of Technology and ,Madhya pradesh,Pharmacy,"1,20,300","75,550",7.4,8,6.7,7.7,7,7.5,7.2,/images/Shri_Govindram_Seksaria_Institute_of_Technology_and.png
Bhabha University ,Madhya pradesh,Pharmacy,"50,000","1,25,000",9,9.4,8.8,9,9.3,8.7,8.9,/images/Bhabha_University.png
Shivajirao Kadam Institute of Technology & Management ,Madhya pradesh,Pharmacy,"75,000","55,000",7.4,7.8,6.5,7.9,7.3,7.8,7.3,/images/Shivajirao_Kadam_Institute_of_Technology_&_Management.png
Sarvepalli Radhakrishnan University ,Madhya pradesh,Pharmacy,"60,000","66,000",7.4,7.9,6.3,7.8,7.1,7.4,8.1,/images/Sarvepalli_Radhakrishnan_University.png
"Malwanchal University, Indore ",Madhya pradesh,Pharmacy,"65,000",--,7.4,7.7,7.3,7.3,7.3,7.7,7,"/images/Malwanchal_University,_Indore.png"
Madhyanchal Professional University ,Madhya pradesh,Pharmacy,"70,000","60,000",6.5,7,5.6,7.2,6.8,5.4,6.8,/images/Madhyanchal_Professional_University.png
"IES University, Bhopal ",Madhya pradesh,Pharmacy,"65,000","75,000",7.3,8,4,8.1,7,7.9,9,"/images/IES_University,_Bhopal.png"
Vikrant Group of Institutions ,Madhya pradesh,Pharmacy,"40,000",--,9,9.4,8.5,9.1,9.6,8.7,8.9,/images/Vikrant_Group_of_Institutions.png
"Chameli Devi Group of Institution, Indore ",Madhya pradesh,Pharmacy,"72,000","48,300",8.4,8.5,7.9,8.7,8.8,8.1,8.4,"/images/Chameli_Devi_Group_of_Institution,_Indore.png"
"VISM Group of Studies, Gwalior ",Madhya pradesh,Pharmacy,"55,000","39,000",--,--,--,--,--,--,--,"/images/VISM_Group_of_Studies,_Gwalior.png"
P.K. University ,Madhya pradesh,Pharmacy,"65,400","80,000",9.3,--,--,--,--,--,--,/images/P.K._University.png
"Swami Vivekanand Group of Institutions, Indore ",Madhya pradesh,Pharmacy,"1,40,000",--,7,7.3,5.6,7.4,8.3,6.9,6.4,"/images/Swami_Vivekanand_Group_of_Institutions,_Indore.png"
"IPS Group of Colleges, Gwalior ",Madhya pradesh,Pharmacy,"55,000","1,40,000",5.2,6.6,4.7,3,7.8,5,4.3,"/images/IPS_Group_of_Colleges,_Gwalior.png"
"Al Shifa College of Pharmacy, Perinthalmanna ",Kerala,Pharmacy,"1,36,105","1,55,000",8.1,8.4,8,8.2,8.4,7.6,8.2,"/images/Al_Shifa_College_of_Pharmacy,_Perinthalmanna.png"
St. Joseph's College of Pharmacy ,Kerala,Pharmacy,"1,36,105","40,000",6.6,7,6,7,6.5,6.5,6.5,/images/St._Joseph's_College_of_Pharmacy.png
"Devaki Amma's Guruvayurappan College of Architecture Chelambra, ",Kerala,Pharmacy,"85,000","1,90,000",6.9,8.3,6.3,8.3,6.7,6,5.7,"/images/Devaki_Amma's_Guruvayurappan_College_of_Architecture_Chelambra,.png"
"Amala Ayurvedic Hospital and Research Centre, Thrissur ",Kerala,Pharmacy,"3,500",--,--,--,--,--,--,--,--,"/images/Amala_Ayurvedic_Hospital_and_Research_Centre,_Thrissur.png"
"Amrita School of Pharmacy, Kochi ",Kerala,Pharmacy,"1,52,700","1,85,150",7,8.3,4.3,6.7,8.8,6.3,7.3,"/images/Amrita_School_of_Pharmacy,_Kochi.png"
Chemists College of Pharmaceutical Sciences and Research ,Kerala,Pharmacy,"98,000","40,000",--,--,--,--,--,--,--,/images/Chemists_College_of_Pharmaceutical_Sciences_and_Research.png
"Crescent College of Pharmaceutical Sciences Payangadi , ",Kerala,Pharmacy,--,--,6.4,7.5,7.3,6.8,7.3,3,6.5,"/images/Crescent_College_of_Pharmaceutical_Sciences_Payangadi_,.png"
The Dale View College of Pharmacy and ,Kerala,Pharmacy,"5,17,000","4,50,000",--,--,--,--,--,--,--,/images/The_Dale_View_College_of_Pharmacy_and.png
"Devaki Amma Memorial College of Pharmacy, Malappuram ",Kerala,Pharmacy,"1,36,105","2,00,000",8,9,7,8,9,8,7,"/images/Devaki_Amma_Memorial_College_of_Pharmacy,_Malappuram.png"
Ezhuthachan College of Pharmaceutical Sciences ,Kerala,Pharmacy,"19,500",--,7.9,8.5,7.5,8,8,7.5,8,/images/Ezhuthachan_College_of_Pharmaceutical_Sciences.png
"Grace College of Pharmacy, Palakkad ",Kerala,Pharmacy,"1,25,000","90,000",7.8,8.3,7.5,8,8,7.5,7.3,"/images/Grace_College_of_Pharmacy,_Palakkad.png"
"Jamia Salafiya Pharmacy College, Malappuram ",Kerala,Pharmacy,"98,000","1,00,000",7.3,7.6,7.4,8,7.8,6.2,6.8,"/images/Jamia_Salafiya_Pharmacy_College,_Malappuram.png"
"JDT Islam College of Pharmacy, Calicut ",Kerala,Pharmacy,"1,36,105","2,31,000",7.4,8,7.1,7.9,7.3,7,7.3,"/images/JDT_Islam_College_of_Pharmacy,_Calicut.png"
KTN College of pharmacy ,Kerala,Pharmacy,"98,000","2,00,000",--,--,--,--,--,--,--,/images/KTN_College_of_pharmacy.png
"KVM College of Pharmacy, Cherthala ",Kerala,Pharmacy,"1,36,105","2,38,105",7.7,7.7,7,8,8,7.7,8,"/images/KVM_College_of_Pharmacy,_Cherthala.png"
"Lisie College of Pharmacy, Cochin ",Kerala,Pharmacy,"1,36,105",--,7,7,7,7,7,7,7,"/images/Lisie_College_of_Pharmacy,_Cochin.png"
"Mar Dioscorus College of Pharmacy Sreekariyam, Thiruvananthapuram ",Kerala,Pharmacy,"1,36,105","1,55,000",8.9,9.3,9,9.5,8.3,9,8.3,"/images/Mar_Dioscorus_College_of_Pharmacy_Sreekariyam,_Thiruvananthapuram.png"
National College of Pharmacy ,Kerala,Pharmacy,"4,50,000","5,17,000",7.4,8,5,8.3,7.8,7.5,7.7,/images/National_College_of_Pharmacy.png
Nehru College of Pharmacy ,Kerala,Pharmacy,"1,50,000",--,7.1,7.8,7.5,7.3,8,5,6.8,/images/Nehru_College_of_Pharmacy.png
Nirmala College of Pharmacy ,Kerala,Pharmacy,"1,36,000","2,30,000",7.9,8,7.7,8,7.7,7.7,8,/images/Nirmala_College_of_Pharmacy.png
"Pushpagiri College of Pharmacy Perumthuruthy, Tiruvalla ",Kerala,Pharmacy,"1,36,105","1,55,000",6.8,9,5,--,--,--,--,"/images/Pushpagiri_College_of_Pharmacy_Perumthuruthy,_Tiruvalla.png"
Sreekrishna College of Pharmacy and Research Centre ,Kerala,Pharmacy,"1,35,605","1,34,000",--,--,--,--,--,--,--,/images/Sreekrishna_College_of_Pharmacy_and_Research_Centre.png
"Government Medical College, Thiruvananthapuram ",Kerala,Pharmacy,--,--,8.3,8.9,8.4,8.3,7.7,7.9,8.8,"/images/Government_Medical_College,_Thiruvananthapuram.png"
"Government Medical College, Kottayam ",Kerala,Pharmacy,"22,070",--,8.2,8.4,7.2,8.8,7.1,9.1,8.4,"/images/Government_Medical_College,_Kottayam.png"
"Government Medical College, Kozhikode ",Kerala,Pharmacy,"22,070","34,750",8.3,8.3,7.8,8.5,8.1,8.4,8.6,"/images/Government_Medical_College,_Kozhikode.png"
"Karuna Medical College, Chittur ",Kerala,Pharmacy,"1,10,000",--,7.9,8.2,7.5,8.3,7.5,8.3,7.5,"/images/Karuna_Medical_College,_Chittur.png"
T.D. Medical College ,Kerala,Pharmacy,"22,070",--,8.3,8.5,7.6,8.4,7.6,8.3,9.1,/images/T.D._Medical_College.png
"Amrita Vishwa Vidyapeetham Kochi Campus, Kochi ",Kerala,Pharmacy,"1,52,700","1,85,150",7.1,7.7,6.7,8.3,6.7,6.1,6.9,"/images/Amrita_Vishwa_Vidyapeetham_Kochi_Campus,_Kochi.png"
Kerala University of Health Sciences ,Kerala,Pharmacy,"1,10,000","40,000",8,8.1,7,8.4,8.3,8,8.3,/images/Kerala_University_of_Health_Sciences.png
"Vaidyaratnam P.S. Varier Ayurveda College, Malappuram ",Kerala,Pharmacy,"4,260",--,7.6,8,6.7,7.7,7.7,8,7.7,"/images/Vaidyaratnam_P.S._Varier_Ayurveda_College,_Malappuram.png"
Birla Institute of Technology and Science ,Rajasthan,Pharmacy,"4,45,475","86,825",8.9,8.8,8.2,8.8,9,9,9.3,/images/Birla_Institute_of_Technology_and_Science.png
"Banasthali Vidyapith, Jaipur ",Rajasthan,Pharmacy,"1,61,500","1,63,500",8.5,8.8,8.2,8.9,8.6,7.9,8.8,"/images/Banasthali_Vidyapith,_Jaipur.png"
All India Institute of Medical Sciences ,Rajasthan,Pharmacy,--,--,8,8.3,7.9,8.4,8.8,7.7,7.1,/images/All_India_Institute_of_Medical_Sciences.png
Madhav University ,Rajasthan,Pharmacy,"45,000","1,00,000",7.8,7.9,7.5,8.2,7.9,7.3,7.8,/images/Madhav_University.png
Janardan Rai Nagar Rajasthan Vidyapeeth University ,Rajasthan,Pharmacy,--,--,7.8,8.3,7.5,8.3,7.9,7.3,7.5,/images/Janardan_Rai_Nagar_Rajasthan_Vidyapeeth_University.png
"Poddar Group of Institutions, Jaipur ",Rajasthan,Pharmacy,"54,000",--,7.7,8.3,7.1,8.6,7.4,6.9,8,"/images/Poddar_Group_of_Institutions,_Jaipur.png"
Mahatma Jyoti Rao Phoole University ,Rajasthan,Pharmacy,"74,500","80,000",6.8,6.9,6.2,7.4,7.7,6.4,6.4,/images/Mahatma_Jyoti_Rao_Phoole_University.png
"Lachoo Memorial College Science and Technology, Jodhpur ",Rajasthan,Pharmacy,"96,400","1,08,800",6.5,7.4,5.5,6.8,7.1,4.7,7.3,"/images/Lachoo_Memorial_College_Science_and_Technology,_Jodhpur.png"
"NIMS University, Jaipur ",Rajasthan,Pharmacy,"50,000","1,20,000",7.8,7.9,7.2,7.9,8.5,7,8,"/images/NIMS_University,_Jaipur.png"
Career Point University ,Rajasthan,Pharmacy,"1,32,000","77,000",8.3,8.4,7.9,8.4,8.4,7.6,8.9,/images/Career_Point_University.png
Mewar University ,Rajasthan,Pharmacy,"53,000","63,000",8,7.9,7.1,8.1,8.8,7.3,8.6,/images/Mewar_University.png
"Jaipur National University, School of Business & ",Rajasthan,Pharmacy,--,--,8.1,8.4,8,9,7.4,7.6,8.3,"/images/Jaipur_National_University,_School_of_Business_&.png"
"Singhania University, Jhunjhunu ",Rajasthan,Pharmacy,"22,000","66,500",7.1,7.1,6.7,7.1,7.1,7,7.3,"/images/Singhania_University,_Jhunjhunu.png"
Jaipur National University ,Rajasthan,Pharmacy,"62,500","1,27,000",7.5,7.9,7,7.7,7.8,6.7,7.6,/images/Jaipur_National_University.png
"Tantia University, Sriganganagar ",Rajasthan,Pharmacy,"1,75,000",--,8.6,8.8,8.4,9.3,8.8,7.1,9.1,"/images/Tantia_University,_Sriganganagar.png"
SunRise University ,Rajasthan,Pharmacy,"1,07,200","3,00,000",8.1,8.1,7.3,8.7,8.1,7.9,8.4,/images/SunRise_University.png
"OPJS University, Churu ",Rajasthan,Pharmacy,"1,51,200","82,000",7.2,7.1,7.6,7.6,7.7,6.3,6.8,"/images/OPJS_University,_Churu.png"
Geetanjali University ,Rajasthan,Pharmacy,--,--,7.3,7.2,6.9,7.3,8.1,7,7.1,/images/Geetanjali_University.png
Jayoti Vidyapeeth Women's University ,Rajasthan,Pharmacy,"60,000","2,60,000",7.6,7.7,8.4,7.9,7.7,6.4,7.4,/images/Jayoti_Vidyapeeth_Women's_University.png
"Apex University, Jaipur ",Rajasthan,Pharmacy,"1,02,000","80,000",8.7,8.9,8.9,8.6,8.7,8.5,8.7,"/images/Apex_University,_Jaipur.png"
Suresh Gyan Vihar University ,Rajasthan,Pharmacy,"1,20,000","1,20,000",7.5,7.8,6.7,7.5,8.8,6.3,8,/images/Suresh_Gyan_Vihar_University.png
"Jagannath University, Jaipur ",Rajasthan,Pharmacy,"90,000",--,7.3,7.1,6.7,7.9,7.7,6.9,7.4,"/images/Jagannath_University,_Jaipur.png"
"Pacific University, Udaipur ",Rajasthan,Pharmacy,"1,54,000","85,000",7.7,7.8,7.3,8.1,7.8,7.2,8,"/images/Pacific_University,_Udaipur.png"
Jagdishprasad Jhabarmal Tibrewala University ,Rajasthan,Pharmacy,"54,000","60,000",6.5,6.3,6.4,6.4,6.6,6.5,6.6,/images/Jagdishprasad_Jhabarmal_Tibrewala_University.png
"Maulana Azad University, Jodhpur ",Rajasthan,Pharmacy,"45,500","1,00,000",8.1,7.8,7.8,8.6,8.4,7.9,7.9,"/images/Maulana_Azad_University,_Jodhpur.png"
"Swami Keshvanand Institute of Technology, Management and ",Rajasthan,Pharmacy,"96,000",--,7.8,8.3,6.8,8.1,8.1,8,7.5,"/images/Swami_Keshvanand_Institute_of_Technology,_Management_and.png"
Maharishi Arvind University ,Rajasthan,Pharmacy,"70,000","1,96,500",7.3,7.4,6.9,7.8,8.1,6,7.3,/images/Maharishi_Arvind_University.png
"Shyam University, Dausa ",Rajasthan,Pharmacy,"1,20,000","90,000",8.5,8.9,8.6,8.5,8.6,8.1,8.4,"/images/Shyam_University,_Dausa.png"
Panjab University ,Haryana,Pharmacy,"29,400","15,665",7.7,8.2,7.7,8,7.7,6.5,8.2,/images/Panjab_University.png
Maharshi Dayanand University ,Haryana,Pharmacy,"33,100","25,600",7.8,8,7.7,8,8.4,6.6,8,/images/Maharshi_Dayanand_University.png
Guru Jambheshwar University of Science and Technology ,Haryana,Pharmacy,"30,000","68,350",7.7,7.7,7.3,7.5,8.9,6.5,8,/images/Guru_Jambheshwar_University_of_Science_and_Technology.png
Maharishi Markandeshwar ,Haryana,Pharmacy,"1,43,500","1,09,100",7.5,7.6,7.2,7.7,8.3,6.8,7.6,/images/Maharishi_Markandeshwar.png
Kurukshetra University ,Haryana,Pharmacy,"86,700","81,700",7.5,8.1,7,8,7.7,6.5,7.7,/images/Kurukshetra_University.png
Pt Bhagwat Dayal Sharma Post Graduate Institute ,Haryana,Pharmacy,"30,730","10,730",7.5,8.4,7.5,8.1,7.5,7.6,6.1,/images/Pt_Bhagwat_Dayal_Sharma_Post_Graduate_Institute.png
Chandigarh University ,Haryana,Pharmacy,"2,00,000","1,90,000",8.6,8.6,8.2,8.4,9,8.6,8.8,/images/Chandigarh_University.png
"Lord Shiva College of Pharmacy, Sirsa ",Haryana,Pharmacy,"50,500","1,20,000",7.9,8.3,8,8,8.3,8,7,"/images/Lord_Shiva_College_of_Pharmacy,_Sirsa.png"
Apeejay Stya University ,Haryana,Pharmacy,"1,57,200","2,90,200",7.9,8.2,7.5,7.9,7.5,7.7,8.3,/images/Apeejay_Stya_University.png
"Sri Guru Gobind Singh College of Pharmacy, ",Haryana,Pharmacy,"2,575",--,8.8,9.3,8.3,9.7,8.3,7.7,9.3,"/images/Sri_Guru_Gobind_Singh_College_of_Pharmacy,.png"
Shri Baba Mastnath Institute of Pharmaceutical Sciences ,Haryana,Pharmacy,"79,000","80,000",8.4,8.5,8,8,9,8.5,8.5,/images/Shri_Baba_Mastnath_Institute_of_Pharmaceutical_Sciences.png
Ram Gopal College of Pharmacy ,Haryana,Pharmacy,"65,000","1,10,000",7.6,8.3,7.3,8.7,7.5,6.7,7.3,/images/Ram_Gopal_College_of_Pharmacy.png
"Faculty of Pharmaceutical Sciences, PDM University, Bahadurgarh ",Haryana,Pharmacy,"1,09,200","1,01,700",6.8,7.7,6.7,7.3,7.7,5.7,5.7,"/images/Faculty_of_Pharmaceutical_Sciences,_PDM_University,_Bahadurgarh.png"
"Gurugram University, Gurgaon ",Haryana,Pharmacy,"40,000","50,000",8.2,8.6,7.4,8.4,8.6,8,8.1,"/images/Gurugram_University,_Gurgaon.png"
"PDM University, Bahadurgarh, Bahadurgarh ",Haryana,Pharmacy,"74,700","1,01,700",7.4,7.1,7.6,7.4,7.5,7.1,7.7,"/images/PDM_University,_Bahadurgarh,_Bahadurgarh.png"
"Amity University, Gurgaon ",Haryana,Pharmacy,"1,70,000","84,000",7.7,7.8,7.1,7.6,8.6,7.1,8.1,"/images/Amity_University,_Gurgaon.png"
"Starex University, Gurgaon ",Haryana,Pharmacy,"1,10,000","1,00,000",8.8,9.1,9.1,8.7,8.6,8.5,8.7,"/images/Starex_University,_Gurgaon.png"
Modern Vidya Niketan ,Haryana,Pharmacy,"95,000","1,25,000",7,7.2,6.4,7.7,7,6.8,6.8,/images/Modern_Vidya_Niketan.png
"KR Mangalam University, Gurgaon ",Haryana,Pharmacy,"80,000","1,00,000",7.7,8.1,7.5,7.3,8.6,7.2,7.4,"/images/KR_Mangalam_University,_Gurgaon.png"
"Lingaya's Vidyapeeth, Faridabad ",Haryana,Pharmacy,"85,500","90,000",7.8,8,7.5,8.1,7.7,7.3,8.1,"/images/Lingaya's_Vidyapeeth,_Faridabad.png"
"Sushant University / Ansal University, Gurgaon ",Haryana,Pharmacy,"1,60,000",--,7.8,8,8,7.9,8.4,7,7.5,"/images/Sushant_University_/_Ansal_University,_Gurgaon.png"
International Institute of Technology and Management ,Haryana,Pharmacy,"60,000",--,5.5,6.3,4,6.5,5.2,5.2,5.5,/images/International_Institute_of_Technology_and_Management.png
"Jagannath University, Bahadurgarh ",Haryana,Pharmacy,"85,000","85,000",8,8.3,8,7.8,8.7,7.4,7.9,"/images/Jagannath_University,_Bahadurgarh.png"
Global Institute of Technology and Management ,Haryana,Pharmacy,"90,000","80,000",7.5,7.6,7.2,7.5,8,7.3,7.5,/images/Global_Institute_of_Technology_and_Management.png
Panipat Institute of Engineering & Technology ,Haryana,Pharmacy,"1,21,000","85,000",8.5,8.6,8.1,8.6,8.7,8.2,8.5,/images/Panipat_Institute_of_Engineering_&_Technology.png
"SGT University, Gurgaon ",Haryana,Pharmacy,"2,05,000","1,62,500",8,8,7.6,8.1,8.4,7.5,8.1,"/images/SGT_University,_Gurgaon.png"
Geeta Group of Institutions ,Haryana,Pharmacy,"1,20,000","90,000",9.2,9.4,8.8,9.3,9.4,9.2,9.3,/images/Geeta_Group_of_Institutions.png
Sat Kabir Institute of Technology and Management ,Haryana,Pharmacy,"72,000",--,4.2,4.7,4.3,4.7,4.7,3,4,/images/Sat_Kabir_Institute_of_Technology_and_Management.png
Guru Nanak Institute of Technology ,Haryana,Pharmacy,"72,000",--,7.4,8.3,6.9,8.1,7.5,6.7,6.8,/images/Guru_Nanak_Institute_of_Technology.png
National Institute of Pharmaceutical Education And Research ,Gujarat,Pharmacy,"91,588",--,7.5,7.7,6.7,7.7,8,7.3,7.8,/images/National_Institute_of_Pharmaceutical_Education_And_Research.png
Maharaja Sayajirao University of Baroda ,Gujarat,Pharmacy,"1,500","2,100",7.9,8.3,7,8.4,8,7.2,8.4,/images/Maharaja_Sayajirao_University_of_Baroda.png
LM College of Pharmacy ,Gujarat,Pharmacy,"1,65,000","1,75,000",7.4,8,6.4,8.2,7.2,7.2,7.2,/images/LM_College_of_Pharmacy.png
"BK Mody Government Pharmacy College, Surat ",Gujarat,Pharmacy,"3,150","6,350",8.5,9.3,7.7,9.1,7.8,8.1,9.1,"/images/BK_Mody_Government_Pharmacy_College,_Surat.png"
AR College of Pharmacy and GH Patel ,Gujarat,Pharmacy,"1,35,000","1,58,000",7.7,8.7,6.6,8.7,8.1,6.5,7.6,/images/AR_College_of_Pharmacy_and_GH_Patel.png
Bhagwan Mahavir College of Pharmacy ,Gujarat,Pharmacy,"82,000","1,42,000",8,8.3,8.3,8,8.3,7,8.3,/images/Bhagwan_Mahavir_College_of_Pharmacy.png
Sardar Patel University ,Gujarat,Pharmacy,--,--,7.8,8.6,7,8.5,7.7,7.3,7.8,/images/Sardar_Patel_University.png
L J Institute of Pharmacy ,Gujarat,Pharmacy,"81,000","1,18,000",7.2,7.4,5.3,8.7,7.2,7,7.8,/images/L_J_Institute_of_Pharmacy.png
Nirma University ,Gujarat,Pharmacy,"3,96,000","62,200",8.4,8.6,8,8.4,9.1,8.1,8.2,/images/Nirma_University.png
BV Patel Pharmaceutical Education and Research Development ,Gujarat,Pharmacy,--,--,--,--,--,--,--,--,--,/images/BV_Patel_Pharmaceutical_Education_and_Research_Development.png
"Sumandeep Vidyapeeth, Vadodara ",Gujarat,Pharmacy,"1,10,000","2,10,000",7.8,8,7,8.2,8,7.5,8,"/images/Sumandeep_Vidyapeeth,_Vadodara.png"
"Atmiya University, Rajkot ",Gujarat,Pharmacy,"1,21,000","21,300",8.1,8.8,7.5,8.6,8.4,7.4,7.9,"/images/Atmiya_University,_Rajkot.png"
Ganpat University ,Gujarat,Pharmacy,"1,53,000","60,000",8.1,8.2,7.2,8.1,8.5,7.8,8.6,/images/Ganpat_University.png
"C. U. Shah University, Wadhwan ",Gujarat,Pharmacy,"94,800","1,39,800",7.7,7.6,7,8.2,7.8,7.4,7.9,"/images/C._U._Shah_University,_Wadhwan.png"
"Uka Tarsadia University, Bardoli ",Gujarat,Pharmacy,"1,64,000","1,58,000",8.1,7.8,7.9,8.2,9.4,6.9,8.3,"/images/Uka_Tarsadia_University,_Bardoli.png"
RK University ,Gujarat,Pharmacy,"1,25,000","80,000",8.5,9,7.9,8.6,9,7.8,8.5,/images/RK_University.png
Dharmsinh Desai University ,Gujarat,Pharmacy,"1,98,000","1,54,000",7.7,8.5,7,8.3,7.1,8.1,6.9,/images/Dharmsinh_Desai_University.png
Rai University ,Gujarat,Pharmacy,"70,600","50,600",7.1,7.2,7.1,7,6.9,6.8,7.7,/images/Rai_University.png
"ITM SLS Baroda University, Vadodara ",Gujarat,Pharmacy,"73,000",--,7.5,7.9,6.3,6.9,8.9,7.4,7.7,"/images/ITM_SLS_Baroda_University,_Vadodara.png"
Charotar University of Science and Technology ,Gujarat,Pharmacy,"1,30,000","1,89,000",8.5,8.5,8,8.4,9.3,8.1,8.6,/images/Charotar_University_of_Science_and_Technology.png
"Khyati Foundation, Ahmedabad ",Gujarat,Pharmacy,--,--,9.2,9.3,9,9.3,9.5,8.8,9,"/images/Khyati_Foundation,_Ahmedabad.png"
"Smt NilaBen ManuBhai Padalia Pharmacy College, Ahmedabad ",Gujarat,Pharmacy,"59,000","98,000",8.2,9,7,9,8,7,9,"/images/Smt_NilaBen_ManuBhai_Padalia_Pharmacy_College,_Ahmedabad.png"
Dr Subhash Technical Campus ,Gujarat,Pharmacy,"79,000",--,8.3,8.1,7.9,8.7,8.4,8.3,8.4,/images/Dr_Subhash_Technical_Campus.png
Noble Group of Institution ,Gujarat,Pharmacy,"54,000","95,000",8.4,8.8,8,8.8,9.2,6.8,8.5,/images/Noble_Group_of_Institution.png
Institute of Science and Technology for Advanced ,Gujarat,Pharmacy,"60,000",--,6.9,8.6,3.3,8.7,8.9,5,6.8,/images/Institute_of_Science_and_Technology_for_Advanced.png
Ashok and Rita Patel Institute of Integrated ,Gujarat,Pharmacy,--,--,--,--,--,--,--,--,--,/images/Ashok_and_Rita_Patel_Institute_of_Integrated.png
Bapu Gujarat Knowledge Village ,Gujarat,Pharmacy,"82,000","1,13,000",--,--,--,--,--,--,--,/images/Bapu_Gujarat_Knowledge_Village.png
Panjab University ,Punjab,Pharmacy,"29,400","15,665",7.7,8.2,7.7,8,7.7,6.5,8.2,/images/Panjab_University.png
National Institute of Pharmaceutical Education and Research ,Punjab,Pharmacy,"90,500","1,27,500",9.2,9.1,9.4,9.1,9.9,8.5,9.4,/images/National_Institute_of_Pharmaceutical_Education_and_Research.png
"ISF College of pharmacy, Moga ",Punjab,Pharmacy,"79,200","1,00,000",7.5,8.3,6.7,8.6,7.9,6.7,6.8,"/images/ISF_College_of_pharmacy,_Moga.png"
Chitkara College of Pharmacy ,Punjab,Pharmacy,"1,72,000","1,62,000",8.3,8.5,7,8,9,8.5,8.5,/images/Chitkara_College_of_Pharmacy.png
Amar Shaheed Baba Ajit Singh Jujhar Singh ,Punjab,Pharmacy,"80,000","1,10,000",6.3,7,5.5,7,6.3,5.8,6.3,/images/Amar_Shaheed_Baba_Ajit_Singh_Jujhar_Singh.png
"Government Medical College / Rajindra Hospital-[GMCP], Patiala ",Punjab,Pharmacy,--,--,7.5,7.3,7.3,8.3,6.5,7.8,7.5,"/images/Government_Medical_College_/_Rajindra_Hospital-[GMCP],_Patiala.png"
Chandigarh University ,Punjab,Pharmacy,"2,00,000","1,90,000",8.6,8.6,8.2,8.4,9,8.6,8.8,/images/Chandigarh_University.png
"Sri Guru Gobind Singh College of Pharmacy, ",Punjab,Pharmacy,"2,575",--,8.8,9.3,8.3,9.7,8.3,7.7,9.3,"/images/Sri_Guru_Gobind_Singh_College_of_Pharmacy,.png"
"SD College of Pharmacy, Barnala ",Punjab,Pharmacy,"1,00,000","85,000",7.6,8,7,8.5,7.5,7,7.5,"/images/SD_College_of_Pharmacy,_Barnala.png"
I.K. Gujral Punjab Technical University ,Punjab,Pharmacy,"14,000",--,8.1,8,7.4,8.7,8.3,7.7,8.7,/images/I.K._Gujral_Punjab_Technical_University.png
"RIMT University, Gobindgarh ",Punjab,Pharmacy,"39,400","1,34,000",7.6,7.9,7.3,7.8,8,6.7,7.8,"/images/RIMT_University,_Gobindgarh.png"
Chitkara University ,Punjab,Pharmacy,"3,16,000","2,44,000",8.5,8.4,7.7,8.5,8.9,8.7,8.7,/images/Chitkara_University.png
"Guru Kashi University, Bathinda ",Punjab,Pharmacy,"32,874","2,22,000",7.5,7.4,7.2,8,7.2,7.2,7.8,"/images/Guru_Kashi_University,_Bathinda.png"
"Adesh University, Bathinda ",Punjab,Pharmacy,"1,36,500","1,36,500",8.6,8.8,8.8,8.5,9,8.3,8.3,"/images/Adesh_University,_Bathinda.png"
Chandigarh Group of Colleges ,Punjab,Pharmacy,"1,28,000","87,000",8.1,8,7.4,8,8.3,8.6,8.4,/images/Chandigarh_Group_of_Colleges.png
"Rayat Bahra University, Mohali ",Punjab,Pharmacy,"80,000","1,20,000",7.7,7.8,7.4,8,7.7,7.4,7.6,"/images/Rayat_Bahra_University,_Mohali.png"
"Global Institute, Amritsar ",Punjab,Pharmacy,"3,27,000",--,8.3,8,8.2,8.7,8.8,7.9,8.3,"/images/Global_Institute,_Amritsar.png"
"Maharaja Ranjit Singh Punjab Technical University, Bathinda ",Punjab,Pharmacy,"69,600","65,600",8.2,8.6,7.8,8.4,8.2,8.1,8.2,"/images/Maharaja_Ranjit_Singh_Punjab_Technical_University,_Bathinda.png"
"PCTE Group of Institutes, Ludhiana ",Punjab,Pharmacy,"91,900","1,38,400",7.7,8,7.2,8,8,6.8,8.3,"/images/PCTE_Group_of_Institutes,_Ludhiana.png"
Amritsar Group of Colleges ,Punjab,Pharmacy,"4,95,428","1,26,000",8.8,8.7,8.9,9,8.8,8.6,9,/images/Amritsar_Group_of_Colleges.png
"CT Group of Institutions, Jalandhar ",Punjab,Pharmacy,"87,080","1,27,050",7.6,7.5,7,8.2,7.5,7.9,7.4,"/images/CT_Group_of_Institutions,_Jalandhar.png"
"Aryans Group of Colleges, Rajpura ",Punjab,Pharmacy,"1,06,000",--,7.5,7.6,7,7.9,7.6,7.3,7.6,"/images/Aryans_Group_of_Colleges,_Rajpura.png"
Doaba Group of Colleges ,Punjab,Pharmacy,"3,27,000",--,5.8,5.8,5.5,6.5,6,5.8,5.3,/images/Doaba_Group_of_Colleges.png
"Rayat Bahra Hoshiarpur Campus, Hoshiarpur ",Punjab,Pharmacy,"1,20,000","1,20,000",8.9,9.2,8.5,9.2,8.3,8.8,9.1,"/images/Rayat_Bahra_Hoshiarpur_Campus,_Hoshiarpur.png"
"Rayat Bahra Patiala Campus, Patiala ",Punjab,Pharmacy,"1,20,000","50,000",6,6.3,7.8,6,6,4,6,"/images/Rayat_Bahra_Patiala_Campus,_Patiala.png"
Global Institute of Management and Emerging Technologies ,Punjab,Pharmacy,--,--,7.4,7.6,7,7.7,8.4,6.3,7.3,/images/Global_Institute_of_Management_and_Emerging_Technologies.png
"Rayat Bahra Group of Institutions: Ropar Campus, ",Punjab,Pharmacy,"2,43,000","2,52,000",6.7,6.5,8,7.5,7,5,6,"/images/Rayat_Bahra_Group_of_Institutions:_Ropar_Campus,.png"
Guru Nanak Institute of Pharmaceutical Science and ,West bengal,Pharmacy,"4,78,000","3,05,700",9,9.2,8.6,9,9.1,8.8,9,/images/Guru_Nanak_Institute_of_Pharmaceutical_Science_and.png
"NSHM Knowledge Campus, Kolkata ",West bengal,Pharmacy,"2,43,000","1,10,500",7.8,8,6.8,8.1,8.2,7.7,8,"/images/NSHM_Knowledge_Campus,_Kolkata.png"
Jadavpur University ,West bengal,Pharmacy,"2,400","2,00,000",8.4,9,7.6,8.5,8.1,8.4,9,/images/Jadavpur_University.png
"University of Calcutta, Kolkata ",West bengal,Pharmacy,--,--,7.7,8.6,6.9,8.5,7.7,6.5,7.7,"/images/University_of_Calcutta,_Kolkata.png"
West Bengal University of Animal and Fishery ,West bengal,Pharmacy,"17,650",--,8.4,8.5,8.3,8.9,8.1,8.2,8.6,/images/West_Bengal_University_of_Animal_and_Fishery.png
Maulana Abul Kalam Azad University of Technology ,West bengal,Pharmacy,--,--,7.7,8.1,6.9,8,7.8,7.7,7.6,/images/Maulana_Abul_Kalam_Azad_University_of_Technology.png
Calcutta Institute of Pharmaceutical Technology & Allied ,West bengal,Pharmacy,"1,03,200","1,40,100",7.7,8.4,7,8,8.2,7.4,7,/images/Calcutta_Institute_of_Pharmaceutical_Technology_&_Allied.png
"Adamas University, Kolkata ",West bengal,Pharmacy,"95,100","1,76,600",8.2,8.3,7.5,8.5,9,7.8,7.8,"/images/Adamas_University,_Kolkata.png"
"Techno India University, Kolkata ",West bengal,Pharmacy,--,--,8,8.2,7.4,8.2,8.1,7.8,8.4,"/images/Techno_India_University,_Kolkata.png"
Seacom Skills University ,West bengal,Pharmacy,"1,00,000","1,00,000",7.5,8.4,6.4,8.9,7.4,6.7,7.3,/images/Seacom_Skills_University.png
The Neotia University ,West bengal,Pharmacy,"80,000","1,66,000",8.2,8.7,7.5,8.5,8.2,7.8,8.6,/images/The_Neotia_University.png
Bengal School of Technology ,West bengal,Pharmacy,"1,23,600","1,58,600",7.8,8,7.3,8,8.7,7.1,7.9,/images/Bengal_School_of_Technology.png
"JIS University, Kolkata ",West bengal,Pharmacy,"1,32,800","1,63,200",8,8.3,7.7,8,8.2,7.8,7.8,"/images/JIS_University,_Kolkata.png"
IAS Academy ,West bengal,Pharmacy,--,--,7.9,8.2,8,8,7.8,7.6,7.8,/images/IAS_Academy.png
Gupta College of Technological Sciences ,West bengal,Pharmacy,"1,27,050","1,39,400",9,9.4,8.6,9.2,9.1,9.2,8.4,/images/Gupta_College_of_Technological_Sciences.png
Carreograph Institute of Management Studies ,West bengal,Pharmacy,"25,000",--,8.3,9.3,7.3,8.7,8.3,8.3,8,/images/Carreograph_Institute_of_Management_Studies.png
"Sanaka Educational Trust's Group of Institutions- [SETGOI], ",West bengal,Pharmacy,"98,250",--,7.9,8.3,7.9,8.3,8,7.2,7.8,"/images/Sanaka_Educational_Trust's_Group_of_Institutions-_[SETGOI],.png"
Bharat Technology ,West bengal,Pharmacy,"1,10,200","1,02,000",7.9,8.1,8.1,8.9,6.5,7.5,8.3,/images/Bharat_Technology.png
Bengal College of Pharmaceutical Science and Research ,West bengal,Pharmacy,"1,03,600","1,12,500",8,8.1,7.2,8,8.4,8,8.1,/images/Bengal_College_of_Pharmaceutical_Science_and_Research.png
Dr BC Roy College of Pharmacy and ,West bengal,Pharmacy,"1,17,430","1,69,000",7.8,8.9,6.8,9.1,8.1,7.1,7,/images/Dr_BC_Roy_College_of_Pharmacy_and.png
National Institute of Pharmaceutical Education And Research ,West bengal,Pharmacy,"62,044",--,8.3,8.3,8,8.7,8.3,8.5,8.2,/images/National_Institute_of_Pharmaceutical_Education_And_Research.png
Nexxus Healthcare Innovation ,West bengal,Pharmacy,--,--,--,--,--,--,--,--,--,/images/Nexxus_Healthcare_Innovation.png
"University of North Bengal, Darjeeling ",West bengal,Pharmacy,"80,000",--,7.9,8.7,7.8,8.1,8.1,6.9,7.9,"/images/University_of_North_Bengal,_Darjeeling.png"
Bengal Institute of Pharmaceutical Sciences ,West bengal,Pharmacy,"88,700","1,23,700",8.6,8,8,8,--,--,--,/images/Bengal_Institute_of_Pharmaceutical_Sciences.png
Institute of Pharmacy ,West bengal,Pharmacy,"20,000","2,500",8.1,8,8.2,7.6,7.2,8.6,8.8,/images/Institute_of_Pharmacy.png
BCDA College of Pharmacy & Technology ,West bengal,Pharmacy,"3,57,000",--,7.2,7.7,6,9,6,7,7.5,/images/BCDA_College_of_Pharmacy_&_Technology.png
Netaji Subhas Chandra Bose Institute of Pharmacy ,West bengal,Pharmacy,"97,500","1,25,000",7.7,8,6.7,8,7.9,7.3,8.2,/images/Netaji_Subhas_Chandra_Bose_Institute_of_Pharmacy.png
Eminent College of Pharmaceutical Technology ,West bengal,Pharmacy,"96,500","78,000",9,9.7,8,9.5,9,9,8.5,/images/Eminent_College_of_Pharmaceutical_Technology.png
Swami Vivekananda University ,West bengal,Pharmacy,"1,35,000","1,20,000",--,--,--,--,--,--,--,/images/Swami_Vivekananda_University.png
Siksha 'O' Anusandhan University ,Orissa,Pharmacy,"1,50,000","40,000",8.3,8.6,7.6,8.3,8.7,8,8.5,/images/Siksha_'O'_Anusandhan_University.png
Sri Jayadev College of Pharmaceutical Sciences ,Orissa,Pharmacy,"62,500","1,46,000",7.4,8.6,6.5,8.1,6.6,7.2,7.1,/images/Sri_Jayadev_College_of_Pharmaceutical_Sciences.png
Roland Institute of Pharmaceutical Sciences ,Orissa,Pharmacy,"84,000","85,000",8.3,8.6,7.3,8.8,8.4,8.1,8.5,/images/Roland_Institute_of_Pharmaceutical_Sciences.png
Seemanta Institute of Pharmaceutical Sciences ,Orissa,Pharmacy,"65,000","75,500",7.7,8.8,8.3,8.8,7,5.8,7.5,/images/Seemanta_Institute_of_Pharmaceutical_Sciences.png
Biju Patnaik University of Technology ,Orissa,Pharmacy,"3,28,000",--,6.2,6.1,6.7,6.4,6.8,4.8,6.1,/images/Biju_Patnaik_University_of_Technology.png
Centurion University of Technology and Management ,Orissa,Pharmacy,"1,00,000",--,8.1,8.3,7.6,8.5,8.4,7.4,8.5,/images/Centurion_University_of_Technology_and_Management.png
"Hi-tech Group of Institutions, Bhubaneswar ",Orissa,Pharmacy,"55,000",--,8.1,9.5,7.5,8.3,8.5,6.7,8,"/images/Hi-tech_Group_of_Institutions,_Bhubaneswar.png"
Gajapati Institute of Management ,Orissa,Pharmacy,--,--,--,--,--,--,--,--,--,/images/Gajapati_Institute_of_Management.png
"Baji Rout Memorial College, Bhubaneswar ",Orissa,Pharmacy,--,--,6.9,8.3,5,8.7,7.3,5,7,"/images/Baji_Rout_Memorial_College,_Bhubaneswar.png"
"College of Pharmaceutical Sciences Mohuda, Ganjam ",Orissa,Pharmacy,"70,000","60,000",8.6,9,7.7,9.3,8.3,8.7,8.3,"/images/College_of_Pharmaceutical_Sciences_Mohuda,_Ganjam.png"
Dadhichi College Of Pharmacy ,Orissa,Pharmacy,"70,000","73,000",8.5,3,9,--,--,--,--,/images/Dadhichi_College_Of_Pharmacy.png
Gayatri College Of Pharmacy ,Orissa,Pharmacy,"72,000","83,000",8.6,9,9,9,8,8.7,8,/images/Gayatri_College_Of_Pharmacy.png
Gayatri Institute of Science and Technology ,Orissa,Pharmacy,"62,500","68,750",7,8,4,9,7,8,6,/images/Gayatri_Institute_of_Science_and_Technology.png
"Indira Gandhi Institute of Pharmaceutical Sciences, Bhubaneswar ",Orissa,Pharmacy,"89,000",--,7.5,8.7,7.2,8.5,6.8,6.2,7.3,"/images/Indira_Gandhi_Institute_of_Pharmaceutical_Sciences,_Bhubaneswar.png"
"Kanak Manjari Institute of Pharmaceutical Sciences, Rourkela ",Orissa,Pharmacy,"62,500","73,000",8.1,8.4,7.5,8.5,8.6,8.4,7,"/images/Kanak_Manjari_Institute_of_Pharmaceutical_Sciences,_Rourkela.png"
Royal College of Pharmacy & Health Sciences ,Orissa,Pharmacy,"70,000","75,000",9.1,9.3,7.7,9.7,--,--,--,/images/Royal_College_of_Pharmacy_&_Health_Sciences.png
"The Pharmaceutical College, Bargarh ",Orissa,Pharmacy,"46,000","21,050",9.8,--,--,--,--,--,--,"/images/The_Pharmaceutical_College,_Bargarh.png"
Sri Ram Chandra Bhanja Medical College and ,Orissa,Pharmacy,--,--,8.4,8.6,8.1,8.3,8.1,8.8,8.3,/images/Sri_Ram_Chandra_Bhanja_Medical_College_and.png
"Berhampur University, Berhampur ",Orissa,Pharmacy,"60,000",--,7.7,8.4,7.4,8.2,7.2,6.4,8.3,"/images/Berhampur_University,_Berhampur.png"
"Utkal University, Bhubaneswar ",Orissa,Pharmacy,"9,500","70,000",7.5,7.9,7.1,7.8,7.4,6.6,7.9,"/images/Utkal_University,_Bhubaneswar.png"
Institute of Pharmacy and Technology ,Orissa,Pharmacy,"82,000","90,000",8.6,9,8,9,8.8,8.8,7.7,/images/Institute_of_Pharmacy_and_Technology.png
"College of Pharmaceutical Sciences -[CPS], Bhubaneswar ",Orissa,Pharmacy,"62,500","73,000",10,--,--,--,--,--,--,"/images/College_of_Pharmaceutical_Sciences_-[CPS],_Bhubaneswar.png"
"IMT Pharmacy College, Bhubaneswar ",Orissa,Pharmacy,"68,000","90,000",9.8,--,--,--,--,--,--,"/images/IMT_Pharmacy_College,_Bhubaneswar.png"
"Jeypore College of Pharmacy, Jeypore ",Orissa,Pharmacy,--,--,--,--,--,--,--,--,--,"/images/Jeypore_College_of_Pharmacy,_Jeypore.png"
"Hi-Tech College of Pharmacy, Bhubaneswar ",Orissa,Pharmacy,"71,250",--,7.5,7,6,9,7,8,8,"/images/Hi-Tech_College_of_Pharmacy,_Bhubaneswar.png"
"Government Polytechnic, Bhubaneswar ",Orissa,Pharmacy,"5,800",--,8,8.2,6.8,9,7.4,9.2,7.6,"/images/Government_Polytechnic,_Bhubaneswar.png"
University of Petroleum and Energy Studies ,Uttarakhand,Pharmacy,"6,75,500","2,36,000",8.1,8.1,7.8,7.9,8.6,7.7,8.2,/images/University_of_Petroleum_and_Energy_Studies.png
DIT University ,Uttarakhand,Pharmacy,"1,80,000","1,40,000",7.8,7.9,7.6,7.6,8.4,7.4,8,/images/DIT_University.png
"MotherHood University, Roorkee ",Uttarakhand,Pharmacy,"1,05,000","1,22,350",8,8.3,7.9,7.6,8,8,8.3,"/images/MotherHood_University,_Roorkee.png"
Swami Rama Himalayan University ,Uttarakhand,Pharmacy,"1,18,000",--,7,7.1,6.6,6.9,7.4,7.1,6.7,/images/Swami_Rama_Himalayan_University.png
Graphic Era Hill University ,Uttarakhand,Pharmacy,"1,12,000","1,87,200",8.1,7.9,7.8,8.1,8.4,7.7,8.4,/images/Graphic_Era_Hill_University.png
Shri Guru Ram Rai University ,Uttarakhand,Pharmacy,"86,800","68,500",7.6,7.8,7.1,7.9,7.9,7.3,7.7,/images/Shri_Guru_Ram_Rai_University.png
Himgiri Zee University ,Uttarakhand,Pharmacy,"80,000","1,00,000",7.9,8.5,5.5,9,8,7.7,8.8,/images/Himgiri_Zee_University.png
BFIT Group of Institutions ,Uttarakhand,Pharmacy,"70,000","45,000",7.5,7.7,7.1,7.7,7.6,7.1,8,/images/BFIT_Group_of_Institutions.png
Graphic Era Hill University Bhimtal Campus ,Uttarakhand,Pharmacy,"1,30,400","92,800",8.1,8.2,7.6,7.9,8.8,7.8,8,/images/Graphic_Era_Hill_University_Bhimtal_Campus.png
Phonics Group of Institutions ,Uttarakhand,Pharmacy,--,--,7.6,7.8,6.8,7.7,7.9,7.4,7.7,/images/Phonics_Group_of_Institutions.png
Sardar Bhagwan Singh University ,Uttarakhand,Pharmacy,"1,17,500","1,26,500",8.7,8.7,8.3,9.3,9,8.3,8.7,/images/Sardar_Bhagwan_Singh_University.png
"Maya Group of Colleges, Dehradun ",Uttarakhand,Pharmacy,"1,06,800","96,800",7.3,6.8,7.2,8.3,7.2,6.7,7.3,"/images/Maya_Group_of_Colleges,_Dehradun.png"
Institute of Clinical Research ,Uttarakhand,Pharmacy,--,--,--,--,--,--,--,--,--,/images/Institute_of_Clinical_Research.png
Amrapali Group of Institutes ,Uttarakhand,Pharmacy,"75,000","65,000",7.8,7.8,7.5,8.2,7.5,7.8,8.1,/images/Amrapali_Group_of_Institutes.png
GRD Institute of Management and Technology ,Uttarakhand,Pharmacy,"1,17,500","1,25,000",6.6,7.1,6,7.1,6.8,5.2,7.2,/images/GRD_Institute_of_Management_and_Technology.png
Shree Dev Bhoomi Institute of Education Science ,Uttarakhand,Pharmacy,"80,000","1,70,000",7.3,7.7,7.3,8,7.3,5.3,8,/images/Shree_Dev_Bhoomi_Institute_of_Education_Science.png
Shri Guru Ram Rai Institute of Technology ,Uttarakhand,Pharmacy,"87,800","1,20,750",7.2,7.6,6.6,8.1,6.9,6.6,7.1,/images/Shri_Guru_Ram_Rai_Institute_of_Technology.png
Ramanand Institute of Pharmacy Management and Technology ,Uttarakhand,Pharmacy,--,--,--,--,--,--,--,--,--,/images/Ramanand_Institute_of_Pharmacy_Management_and_Technology.png
Kumaun University ,Uttarakhand,Pharmacy,"56,013","1,25,000",8.2,8.9,8.4,8.8,8.7,6.6,7.8,/images/Kumaun_University.png
"Devsthali Vidyapeeth, Udham Singh Nagar ",Uttarakhand,Pharmacy,"91,000","1,00,000",7.4,8.5,6,8.4,8.3,6.4,6.6,"/images/Devsthali_Vidyapeeth,_Udham_Singh_Nagar.png"
"Global Institute of Pharmaceutical Education & Research, ",Uttarakhand,Pharmacy,"90,000","85,000",6.7,7,6,8,6,5,8,"/images/Global_Institute_of_Pharmaceutical_Education_&_Research,.png"
Roorkee College of Pharmacy ,Uttarakhand,Pharmacy,"82,000","50,000",7.6,7.6,7,9,7.2,6,8.8,/images/Roorkee_College_of_Pharmacy.png
Sardar Bhagwan Singh Post Graduate Institute of ,Uttarakhand,Pharmacy,"1,17,500","1,26,500",8.2,8.3,7.6,8.8,7.9,8,8.6,/images/Sardar_Bhagwan_Singh_Post_Graduate_Institute_of.png
All India Institute of Medical Sciences ,Uttarakhand,Pharmacy,"51,200",--,9.1,9.2,8.6,9.3,9.2,9.2,8.8,/images/All_India_Institute_of_Medical_Sciences.png
Tamil Nadu Dr Ambedkar Law University ,Tamil nadu,Law,"38,200","69,620",7.8,8.1,6.6,8.3,8.5,7.2,8,/images/Tamil_Nadu_Dr_Ambedkar_Law_University.png
"Saveetha School of Law, Chennai ",Tamil nadu,Law,"1,75,000","2,40,000",8.2,8.2,7.6,8.5,8.2,8,8.4,"/images/Saveetha_School_of_Law,_Chennai.png"
Vellore Institute of Technology ,Tamil nadu,Law,"43,000",--,8.3,8.3,8,7.8,8.9,8.5,8.5,/images/Vellore_Institute_of_Technology.png
SRM Institute of Technology ,Tamil nadu,Law,"2,10,000","8,000",8,8,7.1,7.6,8.7,8.2,8.6,/images/SRM_Institute_of_Technology.png
Annamalai University ,Tamil nadu,Law,"25,010",--,7.4,8.1,6.7,8,7.9,6.5,7.2,/images/Annamalai_University.png
"SASTRA University, Thanjavur ",Tamil nadu,Law,"1,37,000","1,37,000",8.1,8.5,7,8.2,8.3,8.7,8.1,"/images/SASTRA_University,_Thanjavur.png"
Dr. N.G.P. Arts and Science College ,Tamil nadu,Law,--,--,7.6,7.8,7.1,7.5,8.4,7.7,7,/images/Dr._N.G.P._Arts_and_Science_College.png
Karunya Institute of Technology and Sciences ,Tamil nadu,Law,"41,000",--,7.9,7.9,7.9,7.9,8.5,7.5,7.4,/images/Karunya_Institute_of_Technology_and_Sciences.png
"Vels Institute of Science, Technology & Advanced ",Tamil nadu,Law,"1,13,800","1,63,800",8.1,8.4,7.5,8.4,8.1,7.8,8.3,"/images/Vels_Institute_of_Science,_Technology_&_Advanced.png"
Ponnaiyah Ramajayam Institute of Science and Technology ,Tamil nadu,Law,--,--,6.5,6.8,6.4,6.9,7,5.4,6.3,/images/Ponnaiyah_Ramajayam_Institute_of_Science_and_Technology.png
Hindustan Institute of Technology and Science ,Tamil nadu,Law,"40,000","2,22,500",7.6,7.8,6.9,7.8,7.9,6.9,8,/images/Hindustan_Institute_of_Technology_and_Science.png
B.S. Abdur Rahman Crescent Institute of Science ,Tamil nadu,Law,"1,45,000",--,8.2,8.4,7.8,8.3,8.7,7.7,8.2,/images/B.S._Abdur_Rahman_Crescent_Institute_of_Science.png
"Dr. M.G.R. Educational and Research Institute, Chennai ",Tamil nadu,Law,"1,50,000",--,7.4,7.6,7.4,7.1,7.8,6.8,7.5,"/images/Dr._M.G.R._Educational_and_Research_Institute,_Chennai.png"
"Alagappa University, Karaikudi ",Tamil nadu,Law,"2,500",--,8.5,8.9,7.9,8.9,8.4,8.2,8.4,"/images/Alagappa_University,_Karaikudi.png"
Vellore Institute of Technology ,Tamil nadu,Law,"87,000","1,64,000",8.5,8.7,8,8.2,8.8,8.8,8.4,/images/Vellore_Institute_of_Technology.png
Bharath University ,Tamil nadu,Law,--,--,7.6,7.9,7.1,8.1,7.6,7.8,7,/images/Bharath_University.png
Academy of Maritime Education and Training University ,Tamil nadu,Law,--,--,7.3,7.5,7,8,7.1,7,7.1,/images/Academy_of_Maritime_Education_and_Training_University.png
Vel Tech Dr. RR & Dr. SR ,Tamil nadu,Law,"65,000",--,8.1,8.2,8.5,8,8.1,7.8,7.8,/images/Vel_Tech_Dr._RR_&_Dr._SR.png
"Alagappa College of Technology, Anna University ",Tamil nadu,Law,--,--,8.4,8.7,7.3,8.8,8.6,8.3,8.6,"/images/Alagappa_College_of_Technology,_Anna_University.png"
Indian Institute of Knowledge Management ,Tamil nadu,Law,"75,500",--,7.8,8.3,8,9,8.5,5.8,7,/images/Indian_Institute_of_Knowledge_Management.png
Indian School of Business Management and Administration ,Tamil nadu,Law,--,--,--,--,--,--,--,--,--,/images/Indian_School_of_Business_Management_and_Administration.png
"AVVM Sri Pushpam College, Thanjavur ",Tamil nadu,Law,--,--,8.4,8.3,8.3,8.7,8.3,8.3,8.7,"/images/AVVM_Sri_Pushpam_College,_Thanjavur.png"
Chevalier T.Thomas Elizabeth College For Women ,Tamil nadu,Law,--,--,8.5,9.8,6,8.6,9.3,8.5,8.9,/images/Chevalier_T.Thomas_Elizabeth_College_For_Women.png
"Nadar Saraswathi College of Arts and Science, ",Tamil nadu,Law,--,--,9.1,9.6,8.8,9,9.6,8.8,8.8,"/images/Nadar_Saraswathi_College_of_Arts_and_Science,.png"
"Government Law College, Madurai ",Tamil nadu,Law,"1,255","1,845",7.2,8,6.5,7,6.5,7.3,8,"/images/Government_Law_College,_Madurai.png"
"Government Law College, Coimbatore ",Tamil nadu,Law,"1,255","1,845",8.6,9.4,8.4,8.7,9,8.1,8.1,"/images/Government_Law_College,_Coimbatore.png"
"Government Law College, Tiruchirappalli ",Tamil nadu,Law,"1,459","1,999",9.2,9,9,--,--,--,--,"/images/Government_Law_College,_Tiruchirappalli.png"
"The Tamil Nadu Dr. Ambedkar Law University, ",Tamil nadu,Law,"38,200","69,620",8.2,8.8,7.7,8.6,7.8,7.7,8.4,"/images/The_Tamil_Nadu_Dr._Ambedkar_Law_University,.png"
"Periyar University, Salem ",Tamil nadu,Law,--,--,8,8.6,7,8.3,8,7.9,8.4,"/images/Periyar_University,_Salem.png"
Symbiosis Law School ,Maharashtra,Law,"1,65,000","6,500",8.3,8.8,7.4,8.3,8.1,8.3,8.9,/images/Symbiosis_Law_School.png
ILS Law College ,Maharashtra,Law,"65,320","17,600",7.3,8,5.6,7.7,7.7,6.6,8,/images/ILS_Law_College.png
"Bharati Vidyapeeth New Law College -[NLC], Pune ",Maharashtra,Law,"10,500","78,750",7.1,7.9,6.1,8,6.4,6.5,7.4,"/images/Bharati_Vidyapeeth_New_Law_College_-[NLC],_Pune.png"
Government Law College ,Maharashtra,Law,"45,000","6,980",7.4,8.3,5.9,7.7,7,7.6,8.1,/images/Government_Law_College.png
Mumbai University ,Maharashtra,Law,"8,000","54,520",7.2,7.6,6.5,7.9,7.4,6.6,7,/images/Mumbai_University.png
D.E.S's Shri. Navalmal Firodia Law College ,Maharashtra,Law,"27,000",--,8.2,9.3,7.8,8.2,8.7,6.8,8.2,/images/D.E.S's_Shri._Navalmal_Firodia_Law_College.png
"Manikchand Pahade Law College, Aurangabad ",Maharashtra,Law,"3,750","13,046",6.9,8.5,6.2,6.8,7.5,5.1,7,"/images/Manikchand_Pahade_Law_College,_Aurangabad.png"
"Sinhgad Law College, Pune ",Maharashtra,Law,"29,000","10,767",7.4,8,7.5,7.3,6.5,6.7,8.3,"/images/Sinhgad_Law_College,_Pune.png"
IIT Bombay ,Maharashtra,Law,"73,000",--,8.9,9.3,7.9,8.7,8.9,9.1,9.2,/images/IIT_Bombay.png
"St. Xavier's College, Mumbai ",Maharashtra,Law,"27,000",--,8.2,8.7,7.3,8.3,8.8,7.6,8.7,"/images/St._Xavier's_College,_Mumbai.png"
Savitribai Phule Pune University ,Maharashtra,Law,--,--,7.6,8.1,7.1,7.9,7.9,6.8,7.5,/images/Savitribai_Phule_Pune_University.png
B.K Birla College Of Arts Science & ,Maharashtra,Law,500,--,7.6,8,6.5,8.1,8.1,6.6,8,/images/B.K_Birla_College_Of_Arts_Science_&.png
"DY Patil University, Navi Mumbai ",Maharashtra,Law,"3,00,000",--,7.5,7.3,7.1,7.7,7.5,7.4,7.8,"/images/DY_Patil_University,_Navi_Mumbai.png"
Narsee Monjee Institute of Management Studies ,Maharashtra,Law,"1,27,000","2,02,000",8.1,8.4,7.6,8.5,8.1,7.9,8.2,/images/Narsee_Monjee_Institute_of_Management_Studies.png
Rashtrasant Tukadoji Maharaj Nagpur University ,Maharashtra,Law,"12,280","35,040",7.5,8,7.2,7.7,7.9,6.9,7.4,/images/Rashtrasant_Tukadoji_Maharaj_Nagpur_University.png
"Yashwantrao Chavan Maharashtra Open University- [YCMOU], Nashik ",Maharashtra,Law,"1,700",--,7.4,8.5,6.3,7.6,7.9,7.5,6.4,"/images/Yashwantrao_Chavan_Maharashtra_Open_University-_[YCMOU],_Nashik.png"
"Dayanand College of Law, Latur ",Maharashtra,Law,"10,000","8,050",8.3,--,--,--,--,--,--,"/images/Dayanand_College_of_Law,_Latur.png"
"Navjeevan Law College, Nashik ",Maharashtra,Law,"11,000",--,--,--,--,--,--,--,--,"/images/Navjeevan_Law_College,_Nashik.png"
Marathwada Mitramandal's College of Commerce ,Maharashtra,Law,--,--,6.9,7.6,6.1,7.7,6.2,6.3,7.3,/images/Marathwada_Mitramandal's_College_of_Commerce.png
Krishna Institute of Medical Sciences University ,Maharashtra,Law,--,--,8.1,8.4,7,7.8,9.1,8.2,8.3,/images/Krishna_Institute_of_Medical_Sciences_University.png
"A.K.K. New Law Academy, Pune ",Maharashtra,Law,"21,000","33,000",8,8,7,8,8,8,9,"/images/A.K.K._New_Law_Academy,_Pune.png"
Shivaji University ,Maharashtra,Law,--,--,7.6,7.9,7.2,8.1,8.1,6.3,8,/images/Shivaji_University.png
MIT World Peace University ,Maharashtra,Law,"2,25,000",--,8,8.1,7,8,8.5,7.7,8.4,/images/MIT_World_Peace_University.png
ASM's Institute of Business Management & Research ,Maharashtra,Law,--,--,6.7,6.6,6.5,7.2,6.2,6.6,7.1,/images/ASM's_Institute_of_Business_Management_&_Research.png
Tata Institute of Social Sciences ,Maharashtra,Law,"68,500",--,8.6,9,8.1,8.9,8.6,8.4,8.6,/images/Tata_Institute_of_Social_Sciences.png
Gopaldas Jhamatmal Advani Law College ,Maharashtra,Law,"7,180","15,000",7.7,9,5,8,6.8,8.4,8.8,/images/Gopaldas_Jhamatmal_Advani_Law_College.png
"PES's Modern Law College, Pune ",Maharashtra,Law,"23,000","30,000",6.4,6.8,5.5,6.8,5.8,6.3,7,"/images/PES's_Modern_Law_College,_Pune.png"
Nari Gursahani Law College ,Maharashtra,Law,"33,000",--,7.9,8.5,6.5,8.3,8,7.3,8.5,/images/Nari_Gursahani_Law_College.png
SVKM's Narsee Monjee Institute of Management Studies ,Maharashtra,Law,--,--,8.2,8.5,6.8,8.6,8.3,8.3,8.7,/images/SVKM's_Narsee_Monjee_Institute_of_Management_Studies.png
Dr Ram Manohar Lohiya National Law University ,Uttar pradesh,Law,"42,800","79,000",7.5,7.8,6.9,7,8.4,6.1,8.6,/images/Dr_Ram_Manohar_Lohiya_National_Law_University.png
"Faculty of Law, Banaras Hindu University, Varanasi ",Uttar pradesh,Law,"60,000","2,206",7.3,8.7,7.7,8.7,7.2,5,6.6,"/images/Faculty_of_Law,_Banaras_Hindu_University,_Varanasi.png"
Aligarh Muslim University ,Uttar pradesh,Law,"17,395","2,07,320",8.3,8.8,7.9,8.5,8.8,7.2,8.6,/images/Aligarh_Muslim_University.png
University of Lucknow ,Uttar pradesh,Law,"52,160","13,090",7.4,7.9,7,7.8,7.7,6.1,7.6,/images/University_of_Lucknow.png
"Lloyd Law College, Greater Noida ",Uttar pradesh,Law,"1,80,000",--,7.5,8.5,7.2,7.8,7.8,7.1,6.8,"/images/Lloyd_Law_College,_Greater_Noida.png"
Amity Law School ,Uttar pradesh,Law,"13,92,000",--,7.9,8.3,7,7.7,9.2,6.5,8.6,/images/Amity_Law_School.png
"Amity University, Lucknow ",Uttar pradesh,Law,"84,000","1,88,000",8.1,8,7.6,8.1,8.8,7.1,8.8,"/images/Amity_University,_Lucknow.png"
Banaras Hindu University ,Uttar pradesh,Law,"60,000","3,900",8.3,8.7,8.1,8.4,8.8,7.2,8.6,/images/Banaras_Hindu_University.png
"Amity University, Noida ",Uttar pradesh,Law,"1,24,000","1,00,000",8.2,8,7.9,8.1,8.9,7.6,8.7,"/images/Amity_University,_Noida.png"
Chaudhary Charan Singh University ,Uttar pradesh,Law,"34,505","39,505",6.4,6.6,6.1,7.3,6.6,4.9,6.6,/images/Chaudhary_Charan_Singh_University.png
"INMANTEC Institutions, Ghaziabad ",Uttar pradesh,Law,"41,000",--,8.6,9.1,7.9,9.2,8.6,8.2,8.7,"/images/INMANTEC_Institutions,_Ghaziabad.png"
Teerthanker Mahaveer University ,Uttar pradesh,Law,"90,000","71,700",8.1,8.3,7.6,8.2,8.7,7.3,8.3,/images/Teerthanker_Mahaveer_University.png
"Teerthanker Mahaveer University, College of Architecture ",Uttar pradesh,Law,--,--,--,--,--,--,--,--,--,"/images/Teerthanker_Mahaveer_University,_College_of_Architecture.png"
Chhatrapati Shahu Ji Maharaj University ,Uttar pradesh,Law,--,--,7.1,7.2,6.6,7.5,8,5.8,7.7,/images/Chhatrapati_Shahu_Ji_Maharaj_University.png
Shri Ram College Of Law ,Uttar pradesh,Law,--,--,7.7,7,--,--,--,--,--,/images/Shri_Ram_College_Of_Law.png
Deen Dayal Upadhyaya Gorakhpur University ,Uttar pradesh,Law,--,--,6.8,7.7,6.1,7.4,7.5,5,7,/images/Deen_Dayal_Upadhyaya_Gorakhpur_University.png
Teerthanker Mahaveer College of Law & Legal ,Uttar pradesh,Law,"60,200","92,000",8.7,8,9,--,--,--,--,/images/Teerthanker_Mahaveer_College_of_Law_&_Legal.png
Baba Saheb Bhimrao Ambedkar Law College ,Uttar pradesh,Law,"33,000",--,--,--,--,--,--,--,--,/images/Baba_Saheb_Bhimrao_Ambedkar_Law_College.png
"J.V.Jain College, Saharanpur ",Uttar pradesh,Law,"2,091",--,6.5,7.7,5,8.1,6.5,5.3,6.5,"/images/J.V.Jain_College,_Saharanpur.png"
J.S. University ,Uttar pradesh,Law,--,--,8.5,8.5,7.8,8.7,9,8.2,8.6,/images/J.S._University.png
"Harish Chandra Post Graduate College, Varanasi ",Uttar pradesh,Law,--,--,5.4,7,3.8,7.8,5,3.6,5.3,"/images/Harish_Chandra_Post_Graduate_College,_Varanasi.png"
"Monad University, Hapur ",Uttar pradesh,Law,"27,500",--,8,7.6,7.4,8.5,8,8.2,8.1,"/images/Monad_University,_Hapur.png"
Sharda University ,Uttar pradesh,Law,"75,000","1,50,000",7.9,7.7,7.6,7.9,8.6,6.9,8.6,/images/Sharda_University.png
Galgotias University ,Uttar pradesh,Law,"85,000","1,10,000",7.6,7.9,6.9,7.9,7.5,7.7,7.8,/images/Galgotias_University.png
"Bennett University, Greater Noida ",Uttar pradesh,Law,"60,000","3,40,000",8.6,8.5,7.9,8.8,9.2,8.3,8.6,"/images/Bennett_University,_Greater_Noida.png"
Annie Besant College of Engineering And Management ,Uttar pradesh,Law,--,--,7,8,6,7,9,7,5,/images/Annie_Besant_College_of_Engineering_And_Management.png
"Rama University, Kanpur ",Uttar pradesh,Law,"75,000","75,000",6.7,6.6,6.1,7.3,6.5,6.6,7.1,"/images/Rama_University,_Kanpur.png"
"Integral University, Lucknow ",Uttar pradesh,Law,"85,000","70,000",7.4,7.6,7.3,7.4,8,6.5,7.4,"/images/Integral_University,_Lucknow.png"
National Law University ,Delhi ncr,Law,"13,000","1,38,000",8.8,9,8.3,9.3,9,8.8,8.1,/images/National_Law_University.png
"Faculty of Law Jamia Millia Islamia University, ",Delhi ncr,Law,"10,400","8,700",8.2,8.3,8.3,8.5,8,7.8,8,"/images/Faculty_of_Law_Jamia_Millia_Islamia_University,.png"
Indian Law Institute ,Delhi ncr,Law,"29,500","7,500",7.6,8.3,6.3,8.4,8,6.1,8.4,/images/Indian_Law_Institute.png
"Faculty of Law, University of Delhi, New ",Delhi ncr,Law,"5,428","5,729",7.3,8.4,5.9,8.2,7.6,6.1,7.8,"/images/Faculty_of_Law,_University_of_Delhi,_New.png"
"Lloyd Law College, Greater Noida ",Delhi ncr,Law,"1,80,000",--,7.5,8.5,7.2,7.8,7.8,7.1,6.8,"/images/Lloyd_Law_College,_Greater_Noida.png"
Amity Law School ,Delhi ncr,Law,"13,92,000",--,7.9,8.3,7,7.7,9.2,6.5,8.6,/images/Amity_Law_School.png
Vivekananda Institute of Professional Studies ,Delhi ncr,Law,"92,500","89,400",7.8,8.2,6.7,8.2,8.6,6.9,8,/images/Vivekananda_Institute_of_Professional_Studies.png
Geeta Institute of Law ,Delhi ncr,Law,"1,11,200","66,600",9,9.3,8.4,9.1,9.1,9,8.8,/images/Geeta_Institute_of_Law.png
Apeejay Stya University ,Delhi ncr,Law,"2,90,200",--,7.9,8.2,7.5,7.9,7.5,7.7,8.3,/images/Apeejay_Stya_University.png
Chanderprabhu Jain College of Higher Studies & ,Delhi ncr,Law,"89,400",--,8.1,9,7,8.4,8.6,8,7.7,/images/Chanderprabhu_Jain_College_of_Higher_Studies_&.png
Jawaharlal Nehru University ,Delhi ncr,Law,"1,391",--,8.5,9,8.2,9,8.7,7.2,9.1,/images/Jawaharlal_Nehru_University.png
"Jamia Millia Islamia University-[JMI], New Delhi ",Delhi ncr,Law,"26,600","10,400",8,8.4,7.6,8.3,8.4,7.2,8.2,"/images/Jamia_Millia_Islamia_University-[JMI],_New_Delhi.png"
"Jamia Hamdard University, New Delhi ",Delhi ncr,Law,"14,000","1,12,000",7.5,8.1,7.3,7.8,8.1,6.5,7.4,"/images/Jamia_Hamdard_University,_New_Delhi.png"
Guru Gobind Singh Indraprastha University ,Delhi ncr,Law,"89,400",--,7.8,8.1,7.5,8,8.1,6.9,8.1,/images/Guru_Gobind_Singh_Indraprastha_University.png
Delhi University ,Delhi ncr,Law,--,--,7.9,8.4,7.4,8.4,7.9,7.2,8.3,/images/Delhi_University.png
Maharshi Dayanand University ,Delhi ncr,Law,"9,000","5,835",7.8,8,7.7,8,8.4,6.6,8,/images/Maharshi_Dayanand_University.png
Indian Institute of Management ,Delhi ncr,Law,"6,94,000",--,8.5,8.7,8.6,8.4,8.4,8.6,8.2,/images/Indian_Institute_of_Management.png
"Amity University, Noida ",Delhi ncr,Law,"1,24,000","1,00,000",8.2,8,7.9,8.1,8.9,7.6,8.7,"/images/Amity_University,_Noida.png"
Chaudhary Charan Singh University ,Delhi ncr,Law,"34,505","39,505",6.4,6.6,6.1,7.3,6.6,4.9,6.6,/images/Chaudhary_Charan_Singh_University.png
Fairfield Institute of Management and Technology ,Delhi ncr,Law,"72,900",--,7,7.9,6.4,7.7,6.6,6.2,7.1,/images/Fairfield_Institute_of_Management_and_Technology.png
"INMANTEC Institutions, Ghaziabad ",Delhi ncr,Law,"41,000",--,8.6,9.1,7.9,9.2,8.6,8.2,8.7,"/images/INMANTEC_Institutions,_Ghaziabad.png"
Indira Gandhi National Open University ,Delhi ncr,Law,"8,500","10,800",7.1,7.7,5.7,8.1,7.3,6.3,7.3,/images/Indira_Gandhi_National_Open_University.png
"Arya Post Graduate College, Panipat ",Delhi ncr,Law,"1,200",--,7.8,8.4,6.8,8.8,8,6.3,8.6,"/images/Arya_Post_Graduate_College,_Panipat.png"
"SRM University Delhi NCR, Sonepat ",Delhi ncr,Law,"1,88,250","1,72,250",7.8,8,7.5,7.9,8.1,7.6,7.9,"/images/SRM_University_Delhi_NCR,_Sonepat.png"
"Ramanujan college, New Delhi ",Delhi ncr,Law,"1,250",--,7.9,8.6,6.5,8.4,8.3,7.2,8.3,"/images/Ramanujan_college,_New_Delhi.png"
Shri Ram College Of Law ,Delhi ncr,Law,--,--,7.7,7,--,--,--,--,--,/images/Shri_Ram_College_Of_Law.png
"Gurugram University, Gurgaon ",Delhi ncr,Law,"20,000","20,000",8.2,8.6,7.4,8.4,8.6,8,8.1,"/images/Gurugram_University,_Gurgaon.png"
TERI School of Advanced Studies ,Delhi ncr,Law,"66,000","1,56,000",7.4,7.4,6.7,7.5,7.7,7.6,7.3,/images/TERI_School_of_Advanced_Studies.png
Ideal Institute of Management and Technology & ,Delhi ncr,Law,"55,500",--,6.5,7.4,5.4,7.9,5.3,5.5,7.6,/images/Ideal_Institute_of_Management_and_Technology_&.png
"Andhra University, Dr. B. R. Ambedkar College ",Andhra pradesh,Law,"1,92,065","3,22,720",8.5,9.5,7.5,9.5,8,8,8.5,"/images/Andhra_University,_Dr._B._R._Ambedkar_College.png"
K L University ,Andhra pradesh,Law,"1,45,000","1,55,000",8.3,8.5,7.6,8.3,8.8,8.3,8.2,/images/K_L_University.png
"Sri Venkateswara College of Law, Tirupati ",Andhra pradesh,Law,"32,000","18,000",8.3,--,--,8.8,--,8,8,"/images/Sri_Venkateswara_College_of_Law,_Tirupati.png"
Sri Venkateswara University ,Andhra pradesh,Law,--,--,8.1,7.9,8.3,8.2,7.9,7.7,8.4,/images/Sri_Venkateswara_University.png
"NVP Law College, Visakhapatnam ",Andhra pradesh,Law,"10,600",--,8.5,9,7,9,9,8,9,"/images/NVP_Law_College,_Visakhapatnam.png"
"Daita Sriramulu Hindu College of Law, Machilipatnam ",Andhra pradesh,Law,--,--,--,--,--,--,--,--,--,"/images/Daita_Sriramulu_Hindu_College_of_Law,_Machilipatnam.png"
Acharya Nagarjuna University ,Andhra pradesh,Law,"11,750","37,290",7.3,7.7,7,7.2,8,5.7,8.2,/images/Acharya_Nagarjuna_University.png
"Sri Eshwar Reddy College of Law, Tirupati ",Andhra pradesh,Law,"12,900","12,400",10,--,--,--,--,--,--,"/images/Sri_Eshwar_Reddy_College_of_Law,_Tirupati.png"
Indira Priyadarshini Law College ,Andhra pradesh,Law,"36,000",--,8.3,8.5,8.5,8,8.5,8,8,/images/Indira_Priyadarshini_Law_College.png
"MRVRGR Law College, Vizianagaram ",Andhra pradesh,Law,"11,600",--,9.5,--,--,--,--,--,--,"/images/MRVRGR_Law_College,_Vizianagaram.png"
"KKC College of Law, Puttur ",Andhra pradesh,Law,--,--,8.3,9,8,8.3,9,7.7,8,"/images/KKC_College_of_Law,_Puttur.png"
VIT University ,Andhra pradesh,Law,"1,64,000","43,000",8.2,8.3,7.9,8.3,8.1,8.4,8.1,/images/VIT_University.png
Siddartha Educational Academy Group of Institutions ,Andhra pradesh,Law,--,--,6.2,6.3,4.6,6.9,7.6,5.3,6.4,/images/Siddartha_Educational_Academy_Group_of_Institutions.png
"Anantha College of Law, Tirupati ",Andhra pradesh,Law,"7,605",--,9.2,--,--,--,--,--,--,"/images/Anantha_College_of_Law,_Tirupati.png"
"JC College of Law, Guntur ",Andhra pradesh,Law,"36,000",--,8.3,8.5,8.5,8.5,8,8,8,"/images/JC_College_of_Law,_Guntur.png"
"PS Raju Law College, Kakinada ",Andhra pradesh,Law,--,--,8,9,2,--,--,--,--,"/images/PS_Raju_Law_College,_Kakinada.png"
"Smt Velagapudi Durgamba Siddhartha Law College, Vijayawada ",Andhra pradesh,Law,"1,11,840",--,--,--,--,--,--,--,--,"/images/Smt_Velagapudi_Durgamba_Siddhartha_Law_College,_Vijayawada.png"
Sri Padmavati Mahila Visvavidyalayam ,Andhra pradesh,Law,"1,42,000","6,000",7.6,8.3,7.4,7.8,7.5,6.2,8.1,/images/Sri_Padmavati_Mahila_Visvavidyalayam.png
"Sri R.K.M. Law College, Chittoor ",Andhra pradesh,Law,"30,000","25,000",8.1,--,--,8.3,--,8,8,"/images/Sri_R.K.M._Law_College,_Chittoor.png"
"Veeravalli College of Law, Rajahmundhry ",Andhra pradesh,Law,"15,000","15,000",4,--,--,--,--,--,--,"/images/Veeravalli_College_of_Law,_Rajahmundhry.png"
"Visakha Law College, Visakhapatnam ",Andhra pradesh,Law,--,--,8.7,--,--,8.5,--,8.8,8.8,"/images/Visakha_Law_College,_Visakhapatnam.png"
Andhra University ,Andhra pradesh,Law,"92,396","2,29,548",7.9,8.3,7.1,8.3,7.9,7.4,8.1,/images/Andhra_University.png
Damodaram Sanjivayya National Law University ,Andhra pradesh,Law,"1,55,000","1,80,000",7.9,8.6,6.4,7.9,7.9,8.1,8.3,/images/Damodaram_Sanjivayya_National_Law_University.png
Dr. B. R. Ambedkar University ,Andhra pradesh,Law,--,--,7.7,8.2,7.5,7.8,8.2,6.7,8,/images/Dr._B._R._Ambedkar_University.png
Krishna University ,Andhra pradesh,Law,"12,400",--,7.7,8.3,7.1,8.4,7.3,7.5,7.8,/images/Krishna_University.png
Sri Krishnadevaraya University ,Andhra pradesh,Law,--,--,6.9,6.9,6.6,7.4,6.7,6.4,7.2,/images/Sri_Krishnadevaraya_University.png
"Andhra University, School of Distance Education, Visakhapatnam ",Andhra pradesh,Law,"2,000","9,000",7.9,8.1,7.1,8.4,8,7.6,8.4,"/images/Andhra_University,_School_of_Distance_Education,_Visakhapatnam.png"
"Sri Padmavati Mahila Visvavidyalayam University, Directorate of ",Andhra pradesh,Law,"6,000",--,--,--,--,--,--,--,--,"/images/Sri_Padmavati_Mahila_Visvavidyalayam_University,_Directorate_of.png"
"GITAM School of Law, Visakhapatnam ",Andhra pradesh,Law,"1,05,000","1,05,000",--,--,--,--,--,--,--,"/images/GITAM_School_of_Law,_Visakhapatnam.png"
National Law School of India University ,Karnataka,Law,"1,37,850","1,15,000",8.8,9.1,8.6,9.3,8.1,9.1,8.8,/images/National_Law_School_of_India_University.png
"School of Law, Christ University ",Karnataka,Law,"1,95,000","1,37,000",8.7,9,8.3,7.8,--,--,--,"/images/School_of_Law,_Christ_University.png"
M.S. Ramaiah College of Law ,Karnataka,Law,"9,00,000","8,00,000",7.9,8.4,7.5,8.1,7.8,7.6,8,/images/M.S._Ramaiah_College_of_Law.png
"University College of Law Bangalore University, Bangalore ",Karnataka,Law,"82,000",--,7.6,8.5,6,8.5,7.5,8,7,"/images/University_College_of_Law_Bangalore_University,_Bangalore.png"
"CMR University, School of Legal Studies ",Karnataka,Law,"1,20,000","1,40,000",8.2,8.6,6.6,8.7,7.8,8.7,8.8,"/images/CMR_University,_School_of_Legal_Studies.png"
"SDM Law College Kodialbail, Mangalore ",Karnataka,Law,"29,000","96,000",7.4,7.8,5.4,8.2,6.9,7.6,8.7,"/images/SDM_Law_College_Kodialbail,_Mangalore.png"
"K.L.E. Society's S.A. Manvi Law College, Gadag ",Karnataka,Law,--,--,--,--,--,--,--,--,--,"/images/K.L.E._Society's_S.A._Manvi_Law_College,_Gadag.png"
"KLE Society's Law College, Bangalore ",Karnataka,Law,"7,500","90,000",6.8,6.8,6,7.3,7.2,6.3,7,"/images/KLE_Society's_Law_College,_Bangalore.png"
Bangalore Institute of Legal Studies ,Karnataka,Law,--,--,7.1,7,6.2,8.2,5.2,7.9,7.9,/images/Bangalore_Institute_of_Legal_Studies.png
Vaikunta Baliga College of Law ,Karnataka,Law,"22,140",--,7.5,8.4,6.8,7.8,6.6,7,8.6,/images/Vaikunta_Baliga_College_of_Law.png
"The Oxford College of Law, Bangalore ",Karnataka,Law,"50,000",--,6.8,8,5,8,8,7,5,"/images/The_Oxford_College_of_Law,_Bangalore.png"
"Christ University, Bangalore ",Karnataka,Law,"1,30,000","30,000",8.3,8.5,7.4,8.2,8.9,8.1,8.8,"/images/Christ_University,_Bangalore.png"
Kristu Jayanti College ,Karnataka,Law,"60,000",--,8.4,8.9,7.7,8.4,8.9,8.1,8.5,/images/Kristu_Jayanti_College.png
"JSS Academy of Higher Education & Research, ",Karnataka,Law,--,--,8.2,8.3,7.5,8.6,8.5,8,8,"/images/JSS_Academy_of_Higher_Education_&_Research,.png"
"Alliance University, Bangalore ",Karnataka,Law,"1,50,000","2,00,000",8,8.2,7.2,8.2,8.8,7.6,8,"/images/Alliance_University,_Bangalore.png"
"AJ Aviation Academy, Bangalore ",Karnataka,Law,--,--,--,--,--,--,--,--,--,"/images/AJ_Aviation_Academy,_Bangalore.png"
"Bengaluru Law College, Bangalore ",Karnataka,Law,"2,50,000",--,9.3,9.5,9,9.5,8.5,--,--,"/images/Bengaluru_Law_College,_Bangalore.png"
PES University ,Karnataka,Law,"2,00,000","2,01,050",8,8.5,7.7,8.1,8.1,8.1,7.6,/images/PES_University.png
"Vivekananda Law College, Puttur ",Karnataka,Law,"16,570",--,8.5,--,--,8,--,8.8,8.8,"/images/Vivekananda_Law_College,_Puttur.png"
"University College of Law, Karnatak University, Dharwad ",Karnataka,Law,--,--,--,--,--,--,--,--,--,"/images/University_College_of_Law,_Karnatak_University,_Dharwad.png"
"Al Ameen College of Law, Bangalore ",Karnataka,Law,"55,000",--,8.4,8.3,8.3,8.7,8.7,8,8.5,"/images/Al_Ameen_College_of_Law,_Bangalore.png"
Bishop Cotton Women's Christian Law College ,Karnataka,Law,"3,17,000",--,6.9,7.5,6.5,7.5,6.8,7,5.8,/images/Bishop_Cotton_Women's_Christian_Law_College.png
"Hurakadli Ajja Law College, Dharwad ",Karnataka,Law,"15,000",--,--,--,--,--,--,--,--,"/images/Hurakadli_Ajja_Law_College,_Dharwad.png"
"Vivekananda College of Law, Bangalore ",Karnataka,Law,"2,60,000",--,5.1,6,5.5,5,4.5,4.5,5,"/images/Vivekananda_College_of_Law,_Bangalore.png"
"M Krishna Law College, Hassan ",Karnataka,Law,--,--,--,--,--,--,--,--,--,"/images/M_Krishna_Law_College,_Hassan.png"
"Seshadripuram Law College, Bangalore ",Karnataka,Law,"65,000",--,6.1,8.7,3.5,8,6.3,4.3,6,"/images/Seshadripuram_Law_College,_Bangalore.png"
Vidyavardhaka Law College ,Karnataka,Law,"35,000",--,7.9,9.5,6.5,9,8,6,8.5,/images/Vidyavardhaka_Law_College.png
"PES Law College, Mandya ",Karnataka,Law,"2,00,000",--,--,--,--,--,--,--,--,"/images/PES_Law_College,_Mandya.png"
"Sarada Vilas Law College, Mysore ",Karnataka,Law,"13,456",--,--,--,--,--,--,--,--,"/images/Sarada_Vilas_Law_College,_Mysore.png"
"Azim Premji University, Bangalore ",Karnataka,Law,"90,000",--,8.8,9.8,7.4,9,9,8.8,8.7,"/images/Azim_Premji_University,_Bangalore.png"
NALSAR University of Law ,Telangana,Law,"7,20,000","20,500",8.5,8.7,8,9,8.5,8.4,8.4,/images/NALSAR_University_of_Law.png
"ICFAI Law School, Hyderabad ",Telangana,Law,"1,30,000","12,000",8.4,8.5,8,8.7,8.5,8.1,8.4,"/images/ICFAI_Law_School,_Hyderabad.png"
ICFAI Foundation for Higher Education ,Telangana,Law,"2,60,000","1,30,000",8.2,8.3,7.5,8.1,8.6,7.8,8.9,/images/ICFAI_Foundation_for_Higher_Education.png
"University college of Law, Osmania University, Hyderabad ",Telangana,Law,"2,900","3,000",7.8,8,8,9,7,7,8,"/images/University_college_of_Law,_Osmania_University,_Hyderabad.png"
"Sultan-Ul-Uloom College of Law, Hyderabad ",Telangana,Law,"30,600","35,100",8.3,9,6,9,8,8.7,9,"/images/Sultan-Ul-Uloom_College_of_Law,_Hyderabad.png"
Narsee Monjee Institute of Management Studies ,Telangana,Law,"1,02,000",--,8.8,8.9,8.4,9.2,8.9,8.5,8.9,/images/Narsee_Monjee_Institute_of_Management_Studies.png
Osmania University ,Telangana,Law,"9,890","2,900",7.9,8.3,7.5,8,8,7.7,7.9,/images/Osmania_University.png
Kakatiya University ,Telangana,Law,"4,800","15,220",7.2,7.4,6.8,7.6,7.2,6.8,7.4,/images/Kakatiya_University.png
"Padala Rami Reddy Law College, Hyderabad ",Telangana,Law,--,--,6.7,8.3,2.7,9,7.2,5.7,7.1,"/images/Padala_Rami_Reddy_Law_College,_Hyderabad.png"
Dr. B.R. Ambedkar Open University ,Telangana,Law,"2,500",--,6.7,7.3,5.6,7.8,7.2,5.5,6.8,/images/Dr._B.R._Ambedkar_Open_University.png
"Adarsha Law College, Warangal ",Telangana,Law,--,--,9.5,9.5,9,--,--,--,--,"/images/Adarsha_Law_College,_Warangal.png"
"Manair College of Law, Khammam ",Telangana,Law,"40,520",--,--,--,--,--,--,--,--,"/images/Manair_College_of_Law,_Khammam.png"
Symbiosis International University ,Telangana,Law,"2,80,000",--,8.9,9,8.7,9,8.9,9,8.8,/images/Symbiosis_International_University.png
"Mahindra University, Hyderabad ",Telangana,Law,"70,000",--,8.8,9.1,8.6,9,9.1,7.8,8.9,"/images/Mahindra_University,_Hyderabad.png"
Indian School of Business Management and Administration ,Telangana,Law,"14,900",--,6.9,7.1,6.8,6.8,7.1,6.8,6.7,/images/Indian_School_of_Business_Management_and_Administration.png
"Aurora Group of Institutions, Hyderabad ",Telangana,Law,--,--,6.9,6.9,6.4,8,6.6,6.3,6.9,"/images/Aurora_Group_of_Institutions,_Hyderabad.png"
"College of Law for Women, Hyderabad ",Telangana,Law,--,--,--,--,--,--,--,--,--,"/images/College_of_Law_for_Women,_Hyderabad.png"
Mahatma Gandhi Law College ,Telangana,Law,"70,000","1,40,000",9.5,9.8,--,--,--,--,--,/images/Mahatma_Gandhi_Law_College.png
"Pendekanti Law College, Hyderabad ",Telangana,Law,"80,000","52,000",7.7,8.5,6.5,8.2,7.8,7.2,7.9,"/images/Pendekanti_Law_College,_Hyderabad.png"
Satavahana University ,Telangana,Law,"10,000",--,8,8.2,7.3,7.9,8.2,8.3,7.9,/images/Satavahana_University.png
"Telangana University, Nizamabad ",Telangana,Law,"25,340","13,270",7.5,8,7.1,7.5,7.7,7.2,7.3,"/images/Telangana_University,_Nizamabad.png"
"Kakatiya University, School Of Distance Learning And ",Telangana,Law,"20,000",--,8,8.5,7.8,7.9,8.5,7.6,7.8,"/images/Kakatiya_University,_School_Of_Distance_Learning_And.png"
Symbiosis Law School Hyderabad ,Telangana,Law,"3,10,000","1,50,000",8.3,8.3,8.4,8,8.4,7.9,8.5,/images/Symbiosis_Law_School_Hyderabad.png
"K.V. Ranga Reddy Law College, Hyderabad ",Telangana,Law,--,--,--,--,--,--,--,--,--,"/images/K.V._Ranga_Reddy_Law_College,_Hyderabad.png"
NMIMS School of Law ,Telangana,Law,"1,02,000",--,--,--,--,--,--,--,--,/images/NMIMS_School_of_Law.png
National Law Institute University ,Madhya pradesh,Law,"1,49,500","1,89,500",8.4,8.6,7.9,7.9,9.1,8.5,8.4,/images/National_Law_Institute_University.png
Rabindranath Tagore University ,Madhya pradesh,Law,"90,000","30,000",7.7,8,7.4,7.8,8.6,6.4,7.8,/images/Rabindranath_Tagore_University.png
"Rajeev Gandhi College, Bhopal ",Madhya pradesh,Law,"20,000","30,000",6.7,7,5.9,7.3,7.1,5.6,7.2,"/images/Rajeev_Gandhi_College,_Bhopal.png"
"Amity University, Gwalior ",Madhya pradesh,Law,"64,000","90,000",8.6,8.8,8.5,8.4,9.3,8,8.3,"/images/Amity_University,_Gwalior.png"
"Career College of Law, Bhopal ",Madhya pradesh,Law,"55,000","77,000",--,--,--,--,--,--,--,"/images/Career_College_of_Law,_Bhopal.png"
"Devi Ahilya Vishwavidyalaya, Indore ",Madhya pradesh,Law,"52,600","23,500",7.5,8,6.5,7.8,7.5,7,7.9,"/images/Devi_Ahilya_Vishwavidyalaya,_Indore.png"
Barkatullah University ,Madhya pradesh,Law,"21,000","5,500",6.9,7.3,6.1,7.4,6.9,6,7.5,/images/Barkatullah_University.png
Atal Bihari Vajpayee Hindi Vishwavidyalaya ,Madhya pradesh,Law,"17,250","36,600",7.7,8.3,6.3,8.7,7.3,7.8,7.9,/images/Atal_Bihari_Vajpayee_Hindi_Vishwavidyalaya.png
Awadhesh Pratap Singh University ,Madhya pradesh,Law,"16,000","12,000",7.1,7.9,6.5,8.1,7.2,5.3,7.3,/images/Awadhesh_Pratap_Singh_University.png
Madhya Pradesh Bhoj (Open) University ,Madhya pradesh,Law,"3,612",--,7.8,8.6,7.4,8.7,7.5,7.6,7.2,/images/Madhya_Pradesh_Bhoj_(Open)_University.png
Bonnie foi College ,Madhya pradesh,Law,"35,000",--,--,--,--,--,--,--,--,/images/Bonnie_foi_College.png
Jagran Lakecity University ,Madhya pradesh,Law,"3,75,000","1,00,000",8,8,7.9,7.8,8.6,7.4,8.1,/images/Jagran_Lakecity_University.png
Narsee Monjee Institute of Management Studies -[NMIMS ,Madhya pradesh,Law,"1,27,000",--,8.7,8.4,8.9,9.7,9.2,6.2,9.6,/images/Narsee_Monjee_Institute_of_Management_Studies_-[NMIMS.png
"RKDF University, Bhopal ",Madhya pradesh,Law,"30,000","55,000",7.6,8,7,7.8,8,6.5,8.2,"/images/RKDF_University,_Bhopal.png"
LNCT University ,Madhya pradesh,Law,"33,000",--,9,9,8.8,9.3,8.8,8.9,8.9,/images/LNCT_University.png
"SAGE University, Indore ",Madhya pradesh,Law,"45,000","60,000",8.7,8.7,7.9,8.8,9.2,8.5,9,"/images/SAGE_University,_Indore.png"
Sardar Patel University ,Madhya pradesh,Law,"51,500","66,500",7.9,7.9,7.4,8.4,8,7.7,8,/images/Sardar_Patel_University.png
Oriental University ,Madhya pradesh,Law,"10,000","2,41,775",7.2,7.5,6.7,7.2,7.7,7.1,7.1,/images/Oriental_University.png
Shri Krishna University ,Madhya pradesh,Law,"66,500","36,000",8.1,8.1,7.4,8.3,8.5,8,8,/images/Shri_Krishna_University.png
"People's University, Bhopal ",Madhya pradesh,Law,"60,000","1,00,000",7,6.7,6.6,7.5,7.2,6.6,7.4,"/images/People's_University,_Bhopal.png"
"Swami Vivekanand University, Sagar ",Madhya pradesh,Law,"29,000","22,000",6.3,6.9,5,7,6.4,5.6,6.6,"/images/Swami_Vivekanand_University,_Sagar.png"
Bhabha University ,Madhya pradesh,Law,"38,000",--,9,9.4,8.8,9,9.3,8.7,8.9,/images/Bhabha_University.png
Sarvepalli Radhakrishnan University ,Madhya pradesh,Law,"34,500",--,7.4,7.9,6.3,7.8,7.1,7.4,8.1,/images/Sarvepalli_Radhakrishnan_University.png
"Renaissance University, Indore ",Madhya pradesh,Law,"30,000","50,000",8.9,9,8.9,9,9.1,9,8.4,"/images/Renaissance_University,_Indore.png"
"Indore Christian College, Indore ",Madhya pradesh,Law,"31,000",--,--,--,--,--,--,--,--,"/images/Indore_Christian_College,_Indore.png"
National University of Advanced Legal Studies ,Kerala,Law,"21,000","1,25,000",7.4,7.3,6,8.2,6.3,8.3,8.1,/images/National_University_of_Advanced_Legal_Studies.png
"Government Law College, Thiruvananthapuram ",Kerala,Law,"6,500","9,010",7.4,8.8,8,8.2,7.8,4.6,7,"/images/Government_Law_College,_Thiruvananthapuram.png"
Mahatma Gandhi University ,Kerala,Law,--,--,7.7,8,7.5,8,8,6.2,8.2,/images/Mahatma_Gandhi_University.png
"Cochin University of Science and Technology, School ",Kerala,Law,--,--,7.2,8.1,7.1,7.5,6.6,5,8.7,"/images/Cochin_University_of_Science_and_Technology,_School.png"
"Christ College Irinjalakuda, Thrissur ",Kerala,Law,--,--,8,8.3,7.7,8.2,8.4,7.2,8.3,"/images/Christ_College_Irinjalakuda,_Thrissur.png"
"MES College Marampally, Aluva ",Kerala,Law,--,--,8.8,8.9,8.4,9.1,9.3,8,9,"/images/MES_College_Marampally,_Aluva.png"
Kerala University of Fisheries and Ocean Studies ,Kerala,Law,"91,050",--,7.6,7.9,7.7,7.9,7.2,7,7.9,/images/Kerala_University_of_Fisheries_and_Ocean_Studies.png
Cochin University of Science and Technology ,Kerala,Law,"7,555","26,815",7.9,8.4,7.5,7.8,7.8,7.7,8.1,/images/Cochin_University_of_Science_and_Technology.png
Indian School of Business Management and Administration ,Kerala,Law,"7,900",--,9.2,9.7,9.7,9.3,9.3,9,8.3,/images/Indian_School_of_Business_Management_and_Administration.png
Global Institute of Integral Management Studies ,Kerala,Law,--,--,7.3,8,7.2,7,6.2,7.7,7.6,/images/Global_Institute_of_Integral_Management_Studies.png
"Alphonsa College, Kottayam ",Kerala,Law,--,--,6.7,7.8,6.2,6.3,7,5.8,7.3,"/images/Alphonsa_College,_Kottayam.png"
Baselios Poulose ll Catholicos College ,Kerala,Law,--,--,7.8,8,7.6,8.1,7.3,7.3,8.2,/images/Baselios_Poulose_ll_Catholicos_College.png
"EMEA College of Arts and Science Kondotty, ",Kerala,Law,--,--,7.3,7.2,7.1,7.3,7.8,5.5,8.7,"/images/EMEA_College_of_Arts_and_Science_Kondotty,.png"
"Little Flower College Guruvayoor, Thrissur ",Kerala,Law,--,--,8.1,8,7,9,8.5,7.6,8.6,"/images/Little_Flower_College_Guruvayoor,_Thrissur.png"
Kerala Law Academy ,Kerala,Law,"40,000",--,7.7,7.7,7.2,8.5,7.2,7.6,7.8,/images/Kerala_Law_Academy.png
Holy Cross College of Management and Technology ,Kerala,Law,"2,000",--,8,9,8,9,7,8,7,/images/Holy_Cross_College_of_Management_and_Technology.png
Central University of Kerala ,Kerala,Law,"29,320","15,040",7.9,9,8.1,8.8,8,5.8,7.5,/images/Central_University_of_Kerala.png
Kannur University ,Kerala,Law,"15,755","16,155",6.1,6.3,5.5,6.9,6.7,5,5.9,/images/Kannur_University.png
Kerala University ,Kerala,Law,"30,300","4,720",6.3,7.5,4.8,7.2,6.6,5.1,6.3,/images/Kerala_University.png
"Mahatma Gandhi University, School of Indian Legal ",Kerala,Law,"20,000","20,000",6.4,8,2,8,7,6,7.5,"/images/Mahatma_Gandhi_University,_School_of_Indian_Legal.png"
"St Mary's College, Thrissur ",Kerala,Law,--,--,7.4,8.1,6.6,7.9,7.7,6.7,7.5,"/images/St_Mary's_College,_Thrissur.png"
Nehru Academy of Law ,Kerala,Law,--,--,8,8,6,8,8,8,--,/images/Nehru_Academy_of_Law.png
"Government Law College, Kozhikode ",Kerala,Law,"20,000","3,000",7.9,7.8,7.9,8.5,7.3,7,8.6,"/images/Government_Law_College,_Kozhikode.png"
"Al-Ameen Law College, Palakkad ",Kerala,Law,--,--,8.5,8.7,9.7,8.4,9.3,7,7.8,"/images/Al-Ameen_Law_College,_Palakkad.png"
"Al Azhar Law College, Idukki ",Kerala,Law,"60,000",--,8.2,8.3,8.3,8.2,9,7.6,7.8,"/images/Al_Azhar_Law_College,_Idukki.png"
Government Law College ,Kerala,Law,"2,70,000","6,110",6.6,7.9,5.2,7.3,6.7,5.9,6.8,/images/Government_Law_College.png
"Government Law College, Kochi ",Kerala,Law,--,--,8,8,7.4,8.1,8.2,6.9,9.3,"/images/Government_Law_College,_Kochi.png"
CSI Institute Of Legal Studies ,Kerala,Law,"40,000",--,8.8,8.8,9.8,8.5,9,8,8.5,/images/CSI_Institute_Of_Legal_Studies.png
"KMCT Law College, Malappuram ",Kerala,Law,"35,000",--,6.8,7,6.7,8,7,5.3,7,"/images/KMCT_Law_College,_Malappuram.png"
"Sree Narayana Law College, Ernakulam ",Kerala,Law,"90,000",--,5.6,5,2,7.7,7,3.3,8.3,"/images/Sree_Narayana_Law_College,_Ernakulam.png"
National Law University ,Rajasthan,Law,"1,99,000","2,59,000",8.4,8.8,8.1,7.5,8.6,8.8,8.5,/images/National_Law_University.png
"Jaipur National University, Seedling School of Law ",Rajasthan,Law,"1,17,500","70,300",--,--,--,--,--,--,--,"/images/Jaipur_National_University,_Seedling_School_of_Law.png"
"Amity University, Jaipur ",Rajasthan,Law,"62,000","1,68,000",8,7.8,7.6,7.8,8.9,7.4,8.7,"/images/Amity_University,_Jaipur.png"
"Banasthali Vidyapith, Jaipur ",Rajasthan,Law,"1,61,500","1,61,500",8.5,8.8,8.2,8.9,8.6,7.9,8.8,"/images/Banasthali_Vidyapith,_Jaipur.png"
Madhav University ,Rajasthan,Law,"1,00,000","10,000",7.8,7.9,7.5,8.2,7.9,7.3,7.8,/images/Madhav_University.png
Janardan Rai Nagar Rajasthan Vidyapeeth University ,Rajasthan,Law,"10,000",--,7.8,8.3,7.5,8.3,7.9,7.3,7.5,/images/Janardan_Rai_Nagar_Rajasthan_Vidyapeeth_University.png
Jai Narain Vyas University ,Rajasthan,Law,720,"1,320",6.2,6.9,5.2,7.1,6.4,4.9,6.4,/images/Jai_Narain_Vyas_University.png
Mahatma Jyoti Rao Phoole University ,Rajasthan,Law,"1,00,000","32,000",6.8,6.9,6.2,7.4,7.7,6.4,6.4,/images/Mahatma_Jyoti_Rao_Phoole_University.png
Career Point University ,Rajasthan,Law,"31,000","1,32,000",8.3,8.4,7.9,8.4,8.4,7.6,8.9,/images/Career_Point_University.png
"SPC Education Center, Jaipur ",Rajasthan,Law,"2,500",--,10,--,--,--,--,--,--,"/images/SPC_Education_Center,_Jaipur.png"
Mewar University ,Rajasthan,Law,"28,000","53,000",8,7.9,7.1,8.1,8.8,7.3,8.6,/images/Mewar_University.png
University of Rajasthan ,Rajasthan,Law,"41,650","5,440",7.6,8.1,7.1,8.1,7.9,6.5,7.8,/images/University_of_Rajasthan.png
"S.S. Jain Subodh Law College, Jaipur ",Rajasthan,Law,"83,000",--,7.8,8.8,7.2,8.8,7.8,6.3,7.6,"/images/S.S._Jain_Subodh_Law_College,_Jaipur.png"
"Vidyasthali Law College, Jaipur ",Rajasthan,Law,"71,000","35,000",8.4,9,8,8.2,9,8,8.4,"/images/Vidyasthali_Law_College,_Jaipur.png"
"Singhania University, Jhunjhunu ",Rajasthan,Law,"66,500","42,000",7.1,7.1,6.7,7.1,7.1,7,7.3,"/images/Singhania_University,_Jhunjhunu.png"
"Kanoria PG Mahila Mahavidyalaya, Jaipur ",Rajasthan,Law,"10,200","80,000",7.7,8,7.9,7.8,8.3,5.8,8.2,"/images/Kanoria_PG_Mahila_Mahavidyalaya,_Jaipur.png"
Jaipur National University ,Rajasthan,Law,"41,000","1,17,500",7.5,7.9,7,7.7,7.8,6.7,7.6,/images/Jaipur_National_University.png
Manipal University ,Rajasthan,Law,"36,000","67,500",8.4,8.2,8.3,8.2,9.2,7.7,9,/images/Manipal_University.png
"Tantia University, Sriganganagar ",Rajasthan,Law,"75,000","50,000",8.6,8.8,8.4,9.3,8.8,7.1,9.1,"/images/Tantia_University,_Sriganganagar.png"
JECRC University ,Rajasthan,Law,"30,000","1,00,000",8.1,8.1,7.4,8.2,8.2,8.1,8.7,/images/JECRC_University.png
SunRise University ,Rajasthan,Law,"42,200","67,200",8.1,8.1,7.3,8.7,8.1,7.9,8.4,/images/SunRise_University.png
"OPJS University, Churu ",Rajasthan,Law,"82,000","31,200",7.2,7.1,7.6,7.6,7.7,6.3,6.8,"/images/OPJS_University,_Churu.png"
Jayoti Vidyapeeth Women's University ,Rajasthan,Law,"2,30,000","55,000",7.6,7.7,8.4,7.9,7.7,6.4,7.4,/images/Jayoti_Vidyapeeth_Women's_University.png
"Apex University, Jaipur ",Rajasthan,Law,"90,000","50,000",8.7,8.9,8.9,8.6,8.7,8.5,8.7,"/images/Apex_University,_Jaipur.png"
Suresh Gyan Vihar University ,Rajasthan,Law,"90,000",--,7.5,7.8,6.7,7.5,8.8,6.3,8,/images/Suresh_Gyan_Vihar_University.png
"Jagannath University, Jaipur ",Rajasthan,Law,"81,000","85,000",7.3,7.1,6.7,7.9,7.7,6.9,7.4,"/images/Jagannath_University,_Jaipur.png"
"Pacific University, Udaipur ",Rajasthan,Law,"1,46,000","40,000",7.7,7.8,7.3,8.1,7.8,7.2,8,"/images/Pacific_University,_Udaipur.png"
"Department of Laws Panjab University, Chandigarh ",Haryana,Law,"13,452","48,187",--,--,--,--,--,--,--,"/images/Department_of_Laws_Panjab_University,_Chandigarh.png"
Geeta Institute of Law ,Haryana,Law,"1,11,200","66,600",9,9.3,8.4,9.1,9.1,9,8.8,/images/Geeta_Institute_of_Law.png
Apeejay Stya University ,Haryana,Law,"2,90,200",--,7.9,8.2,7.5,7.9,7.5,7.7,8.3,/images/Apeejay_Stya_University.png
"Maharishi Markandeshwar, Department of Law, Ambala ",Haryana,Law,"65,500","65,500",7.4,7.8,7.7,7,8,6.3,7.3,"/images/Maharishi_Markandeshwar,_Department_of_Law,_Ambala.png"
Panjab University ,Haryana,Law,"9,480","86,200",7.7,8.2,7.7,8,7.7,6.5,8.2,/images/Panjab_University.png
Maharshi Dayanand University ,Haryana,Law,"9,000","5,835",7.8,8,7.7,8,8.4,6.6,8,/images/Maharshi_Dayanand_University.png
Indian Institute of Management ,Haryana,Law,"6,94,000",--,8.5,8.7,8.6,8.4,8.4,8.6,8.2,/images/Indian_Institute_of_Management.png
Chandigarh University ,Haryana,Law,"70,000","1,20,000",8.6,8.6,8.2,8.4,9,8.6,8.8,/images/Chandigarh_University.png
"University Institute of Legal Studies, Panjab University, ",Haryana,Law,"88,695","1,02,685",7.7,8.6,7,8.4,7.4,6.5,8.3,"/images/University_Institute_of_Legal_Studies,_Panjab_University,.png"
Kurukshetra University ,Haryana,Law,"72,200","8,070",7.5,8.1,7,8,7.7,6.5,7.7,/images/Kurukshetra_University.png
"Arya Post Graduate College, Panipat ",Haryana,Law,"1,200",--,7.8,8.4,6.8,8.8,8,6.3,8.6,"/images/Arya_Post_Graduate_College,_Panipat.png"
"SRM University Delhi NCR, Sonepat ",Haryana,Law,"1,88,250","1,72,250",7.8,8,7.5,7.9,8.1,7.6,7.9,"/images/SRM_University_Delhi_NCR,_Sonepat.png"
Goswami Ganesh Dutt Sanatan Dharama College ,Haryana,Law,--,--,8.1,8.6,7.6,8.5,8.1,7.1,8.8,/images/Goswami_Ganesh_Dutt_Sanatan_Dharama_College.png
"Smt Shanti Devi Law College, Rewari ",Haryana,Law,"1,75,000",--,4,5,5,5,6,1,2,"/images/Smt_Shanti_Devi_Law_College,_Rewari.png"
"Gurugram University, Gurgaon ",Haryana,Law,"20,000","20,000",8.2,8.6,7.4,8.4,8.6,8,8.1,"/images/Gurugram_University,_Gurgaon.png"
"PDM University, Bahadurgarh, Bahadurgarh ",Haryana,Law,"74,700",--,7.4,7.1,7.6,7.4,7.5,7.1,7.7,"/images/PDM_University,_Bahadurgarh,_Bahadurgarh.png"
"Amity University, Gurgaon ",Haryana,Law,"1,96,000","68,000",7.7,7.8,7.1,7.6,8.6,7.1,8.1,"/images/Amity_University,_Gurgaon.png"
O. P. Jindal Global University ,Haryana,Law,"1,20,000","4,00,000",8.3,8.4,8.2,8.3,8.8,7.5,8.7,/images/O._P._Jindal_Global_University.png
"IILM University, Gurgaon ",Haryana,Law,"3,30,000","2,30,000",8.4,8.2,7.4,8.5,8.6,8.6,8.8,"/images/IILM_University,_Gurgaon.png"
"Starex University, Gurgaon ",Haryana,Law,"75,000","75,000",8.8,9.1,9.1,8.7,8.6,8.5,8.7,"/images/Starex_University,_Gurgaon.png"
Modern Vidya Niketan ,Haryana,Law,"90,000","90,000",7,7.2,6.4,7.7,7,6.8,6.8,/images/Modern_Vidya_Niketan.png
"NIILM University, Kaithal ",Haryana,Law,"75,000","75,000",8.1,8.6,7.9,8.5,7.9,7.8,8.1,"/images/NIILM_University,_Kaithal.png"
"Lingaya's Vidyapeeth, Faridabad ",Haryana,Law,"4,000","90,000",7.8,8,7.5,8.1,7.7,7.3,8.1,"/images/Lingaya's_Vidyapeeth,_Faridabad.png"
Manav Rachna University ,Haryana,Law,"1,30,000","1,83,000",7.8,7.6,7.5,7.7,8.8,7.3,7.9,/images/Manav_Rachna_University.png
"Sushant University / Ansal University, Gurgaon ",Haryana,Law,"1,83,120","2,13,120",7.8,8,8,7.9,8.4,7,7.5,"/images/Sushant_University_/_Ansal_University,_Gurgaon.png"
G D Goenka University ,Haryana,Law,"1,70,000","2,39,000",8.2,7.7,8.3,8.3,8.9,7.6,8.4,/images/G_D_Goenka_University.png
Gujarat National Law University ,Gujarat,Law,"1,86,000","1,47,000",8.5,8.6,8,8.7,9.3,8.1,8.1,/images/Gujarat_National_Law_University.png
"Institute of Law, Nirma University ",Gujarat,Law,"1,30,000","2,97,700",7.5,7.6,7.4,7.2,8.7,6.7,7.3,"/images/Institute_of_Law,_Nirma_University.png"
Nirma University ,Gujarat,Law,"97,200","1,30,000",8.4,8.6,8,8.4,9.1,8.1,8.2,/images/Nirma_University.png
"University School of Law, Gujarat University ",Gujarat,Law,"4,380",--,--,--,--,--,--,--,--,"/images/University_School_of_Law,_Gujarat_University.png"
Maharaja Sayajirao University of Baroda ,Gujarat,Law,"8,560","12,260",7.9,8.3,7,8.4,8,7.2,8.4,/images/Maharaja_Sayajirao_University_of_Baroda.png
Dr Babasaheb Ambedkar Open University ,Gujarat,Law,"1,400","7,500",7.7,8.5,5.5,8.5,8,7.5,8.1,/images/Dr_Babasaheb_Ambedkar_Open_University.png
Navrachana University ,Gujarat,Law,"1,10,000",--,7.7,7.7,7.4,8.2,8,7.2,7.8,/images/Navrachana_University.png
Sardar Patel University ,Gujarat,Law,--,--,7.8,8.6,7,8.5,7.7,7.3,7.8,/images/Sardar_Patel_University.png
"VT Choksi Sarvajanik Law College, Surat ",Gujarat,Law,"45,000","54,789",5.8,8,8,6,7,1,5,"/images/VT_Choksi_Sarvajanik_Law_College,_Surat.png"
Anand Law College ,Gujarat,Law,"92,000","62,000",7,6.5,7.5,6.5,6.5,6.5,8.5,/images/Anand_Law_College.png
Gujarat Vidyapith ,Gujarat,Law,--,--,8.4,9,7.9,9.1,8.4,7.6,8.1,/images/Gujarat_Vidyapith.png
"GLS University, Ahmedabad ",Gujarat,Law,"50,000",--,7.9,8,6.9,8.5,8.1,7.6,8.5,"/images/GLS_University,_Ahmedabad.png"
Indian School of Business Management and Administration ,Gujarat,Law,"14,900",--,8,8.8,7.6,8.1,8,7.9,7.8,/images/Indian_School_of_Business_Management_and_Administration.png
"Auro University, Surat ",Gujarat,Law,"1,30,000","1,65,000",8.3,8.2,8.5,8.6,8.7,7.2,8.6,"/images/Auro_University,_Surat.png"
"Atmiya University, Rajkot ",Gujarat,Law,--,--,8.1,8.8,7.5,8.6,8.4,7.4,7.9,"/images/Atmiya_University,_Rajkot.png"
Ganpat University ,Gujarat,Law,"1,00,000",--,8.1,8.2,7.2,8.1,8.5,7.8,8.6,/images/Ganpat_University.png
"C. U. Shah University, Wadhwan ",Gujarat,Law,"35,600","84,500",7.7,7.6,7,8.2,7.8,7.4,7.9,"/images/C._U._Shah_University,_Wadhwan.png"
"Indus University, Ahmedabad ",Gujarat,Law,"9,500",--,7.5,7.9,7,7.7,7.8,6.8,7.9,"/images/Indus_University,_Ahmedabad.png"
Marwadi University ,Gujarat,Law,"50,000","1,25,000",8.3,8.2,8.3,8.2,9.1,7.7,8.2,/images/Marwadi_University.png
"Daulatbhai Trivedi Law College, Ahmedabad ",Gujarat,Law,--,--,7.9,8.5,8,8.5,8,6.5,8,"/images/Daulatbhai_Trivedi_Law_College,_Ahmedabad.png"
Adani Institute of Infrastructure Management ,Gujarat,Law,"7,60,000",--,8.1,7.9,8.1,8.3,9.3,7.9,6.9,/images/Adani_Institute_of_Infrastructure_Management.png
Gokul Global University ,Gujarat,Law,"48,000","25,000",8.5,9,7,9.3,8.7,8,8.7,/images/Gokul_Global_University.png
"Khyati Foundation, Ahmedabad ",Gujarat,Law,"68,700",--,9.2,9.3,9,9.3,9.5,8.8,9,"/images/Khyati_Foundation,_Ahmedabad.png"
BK Majumdar Institute of Business Administration ,Gujarat,Law,--,--,8.3,8.8,7.8,8.4,9,7.6,8.4,/images/BK_Majumdar_Institute_of_Business_Administration.png
Bapu Gujarat Knowledge Village ,Gujarat,Law,"20,000",--,--,--,--,--,--,--,--,/images/Bapu_Gujarat_Knowledge_Village.png
LJ University ,Gujarat,Law,"2,00,000",--,8,8.8,7,8.3,8.8,8,7,/images/LJ_University.png
Rajiv Gandhi National University of Law ,Punjab,Law,"27,000","1,76,000",7.7,7.6,7.3,7.2,9.4,6.3,8.2,/images/Rajiv_Gandhi_National_University_of_Law.png
Army Institute of Law ,Punjab,Law,"1,42,168","1,54,739",7.8,7.5,8.5,7,7.7,7.6,8.7,/images/Army_Institute_of_Law.png
"Department of Laws Panjab University, Chandigarh ",Punjab,Law,"13,452","48,187",--,--,--,--,--,--,--,"/images/Department_of_Laws_Panjab_University,_Chandigarh.png"
Panjab University ,Punjab,Law,"9,480","86,200",7.7,8.2,7.7,8,7.7,6.5,8.2,/images/Panjab_University.png
Chandigarh University ,Punjab,Law,"70,000","1,20,000",8.6,8.6,8.2,8.4,9,8.6,8.8,/images/Chandigarh_University.png
"University Institute of Legal Studies, Panjab University, ",Punjab,Law,"88,695","1,02,685",7.7,8.6,7,8.4,7.4,6.5,8.3,"/images/University_Institute_of_Legal_Studies,_Panjab_University,.png"
Baba Kundan Singh Memorial Law College ,Punjab,Law,"40,000",--,--,--,--,--,--,--,--,/images/Baba_Kundan_Singh_Memorial_Law_College.png
Goswami Ganesh Dutt Sanatan Dharama College ,Punjab,Law,--,--,8.1,8.6,7.6,8.5,8.1,7.1,8.8,/images/Goswami_Ganesh_Dutt_Sanatan_Dharama_College.png
"RIMT University, Gobindgarh ",Punjab,Law,"85,000","1,04,000",7.6,7.9,7.3,7.8,8,6.7,7.8,"/images/RIMT_University,_Gobindgarh.png"
"Guru Kashi University, Bathinda ",Punjab,Law,--,--,7.5,7.4,7.2,8,7.2,7.2,7.8,"/images/Guru_Kashi_University,_Bathinda.png"
"DAV University, Jalandhar ",Punjab,Law,"85,000",--,7.9,8.4,7,8.4,7,8,8.5,"/images/DAV_University,_Jalandhar.png"
Sant Baba Bhag Singh University ,Punjab,Law,"82,500","53,400",8.5,9,8.2,8.6,8,8.5,8.6,/images/Sant_Baba_Bhag_Singh_University.png
"Rayat Bahra University, Mohali ",Punjab,Law,"1,10,000","85,000",7.7,7.8,7.4,8,7.7,7.4,7.6,"/images/Rayat_Bahra_University,_Mohali.png"
Sri Guru Granth Sahib World University ,Punjab,Law,"64,000","1,26,000",8.8,8.6,9,9,9.1,8.4,8.7,/images/Sri_Guru_Granth_Sahib_World_University.png
Amritsar Group of Colleges ,Punjab,Law,"4,75,000",--,8.8,8.7,8.9,9,8.8,8.6,9,/images/Amritsar_Group_of_Colleges.png
"CT Group of Institutions, Jalandhar ",Punjab,Law,"49,000",--,7.6,7.5,7,8.2,7.5,7.9,7.4,"/images/CT_Group_of_Institutions,_Jalandhar.png"
"Aryans Group of Colleges, Rajpura ",Punjab,Law,"1,10,000",--,7.5,7.6,7,7.9,7.6,7.3,7.6,"/images/Aryans_Group_of_Colleges,_Rajpura.png"
"Rayat Bahra Hoshiarpur Campus, Hoshiarpur ",Punjab,Law,"80,000","1,10,000",8.9,9.2,8.5,9.2,8.3,8.8,9.1,"/images/Rayat_Bahra_Hoshiarpur_Campus,_Hoshiarpur.png"
P.U. Swami Sarvanand Giri Regional Centre ,Punjab,Law,"78,405",--,6.5,6.6,7.4,6.1,6.5,5.5,7,/images/P.U._Swami_Sarvanand_Giri_Regional_Centre.png
"Rayat Bahra Patiala Campus, Patiala ",Punjab,Law,"80,000","1,10,000",6,6.3,7.8,6,6,4,6,"/images/Rayat_Bahra_Patiala_Campus,_Patiala.png"
"Rayat Bahra Group of Institutions: Ropar Campus, ",Punjab,Law,"3,23,000",--,6.7,6.5,8,7.5,7,5,6,"/images/Rayat_Bahra_Group_of_Institutions:_Ropar_Campus,.png"
"Guru Nanak Dev University Regional Campus, Gurdaspur ",Punjab,Law,"53,305","48,785",6.3,6.9,6.6,6,6.3,6,5.8,"/images/Guru_Nanak_Dev_University_Regional_Campus,_Gurdaspur.png"
Universal Group of Institutions ,Punjab,Law,--,--,7.8,7.3,7.2,7.9,8.3,7.9,8.1,/images/Universal_Group_of_Institutions.png
"University School of Management Studies, Rayat Bahra ",Punjab,Law,"50,000",--,--,--,--,--,--,--,--,"/images/University_School_of_Management_Studies,_Rayat_Bahra.png"
"Guru Nanak Khalsa College, Kapurthala ",Punjab,Law,--,--,--,--,--,--,--,--,--,"/images/Guru_Nanak_Khalsa_College,_Kapurthala.png"
Hans Raj Mahila Maha Vidyalaya ,Punjab,Law,"33,000",--,8.2,8.4,8,8.4,8.7,7.3,8.3,/images/Hans_Raj_Mahila_Maha_Vidyalaya.png
"Baba Farid Law College, Faridkot ",Punjab,Law,"48,000",--,5.2,6.3,4.8,6.2,5.3,3.6,4.8,"/images/Baba_Farid_Law_College,_Faridkot.png"
Indian Institute of Technology Kharagpur,West bengal,Law,"1,63,900","1,23,900",8.5,8.8,7.2,8.2,8.9,8.8,9,/images/Indian_Institute_of_Technology_Kharagpur.png
The West Bengal National University of Juridical ,West bengal,Law,"36,000","2,43,600",8.5,8.6,8.2,8.7,6.8,9.2,9.4,/images/The_West_Bengal_National_University_of_Juridical.png
"Faculty of Law University of Calcutta, Kolkata ",West bengal,Law,--,--,7.3,8.5,6.2,8.2,7.2,6.5,7,"/images/Faculty_of_Law_University_of_Calcutta,_Kolkata.png"
"South Calcutta Law College, Kolkata ",West bengal,Law,"25,920","20,000",7.2,8.4,6,8,7.9,5.4,7.7,"/images/South_Calcutta_Law_College,_Kolkata.png"
Bengal Institute of Technology and Management ,West bengal,Law,--,--,6.7,6.7,6.2,7.2,6.8,6.3,7,/images/Bengal_Institute_of_Technology_and_Management.png
"University of Calcutta, Kolkata ",West bengal,Law,"1,844","3,944",7.7,8.6,6.9,8.5,7.7,6.5,7.7,"/images/University_of_Calcutta,_Kolkata.png"
St. Xavier's College ,West bengal,Law,"10,000",--,8.3,8.8,7.4,8.4,8.6,7.8,8.8,/images/St._Xavier's_College.png
"George Group of Colleges, Kolkata ",West bengal,Law,"2,50,000",--,7.8,8.7,6.4,8.6,8,7.5,7.5,"/images/George_Group_of_Colleges,_Kolkata.png"
"Jalpaiguri Law College, Jalpaiguri ",West bengal,Law,"30,200",--,8,8.8,7.6,8.7,7.6,7.4,8.1,"/images/Jalpaiguri_Law_College,_Jalpaiguri.png"
Maulana Abul Kalam Azad University of Technology ,West bengal,Law,"27,000",--,7.7,8.1,6.9,8,7.8,7.7,7.6,/images/Maulana_Abul_Kalam_Azad_University_of_Technology.png
Bimal Chandra College of Law ,West bengal,Law,"37,500",--,7.2,8,7,8,7,6,7,/images/Bimal_Chandra_College_of_Law.png
"Amity University, Kolkata ",West bengal,Law,"2,11,000","1,00,000",8.2,8.1,7.7,8.4,8.8,7.4,8.5,"/images/Amity_University,_Kolkata.png"
"Midnapore Law College, Midnapore ",West bengal,Law,"60,000",--,7.8,8.3,6.8,8.8,8,7.3,7.8,"/images/Midnapore_Law_College,_Midnapore.png"
"Adamas University, Kolkata ",West bengal,Law,"1,59,100","1,71,100",8.2,8.3,7.5,8.5,9,7.8,7.8,"/images/Adamas_University,_Kolkata.png"
Jyotirmoy School of Law ,West bengal,Law,"65,000","30,000",8.9,9,9,9,8.5,8.6,9.2,/images/Jyotirmoy_School_of_Law.png
Sister Nivedita University ,West bengal,Law,"1,02,400","1,09,800",8.2,8.2,7.6,8.9,7.9,7.8,8.7,/images/Sister_Nivedita_University.png
"Techno India University, Kolkata ",West bengal,Law,--,--,8,8.2,7.4,8.2,8.1,7.8,8.4,"/images/Techno_India_University,_Kolkata.png"
Seacom Skills University ,West bengal,Law,"60,000","70,000",7.5,8.4,6.4,8.9,7.4,6.7,7.3,/images/Seacom_Skills_University.png
University of Engineering and Management ,West bengal,Law,"1,01,500",--,8.1,8.6,7.2,8.5,7.9,8.8,7.7,/images/University_of_Engineering_and_Management.png
The Neotia University ,West bengal,Law,"1,20,000",--,8.2,8.7,7.5,8.5,8.2,7.8,8.6,/images/The_Neotia_University.png
"JIS University, Kolkata ",West bengal,Law,"1,19,080","1,42,600",8,8.3,7.7,8,8.2,7.8,7.8,"/images/JIS_University,_Kolkata.png"
IAS Academy ,West bengal,Law,"58,000",--,7.9,8.2,8,8,7.8,7.6,7.8,/images/IAS_Academy.png
Institute of International Trade ,West bengal,Law,--,--,7.9,8.2,7.6,7.8,7.8,8,7.8,/images/Institute_of_International_Trade.png
"Basanti Devi College, Kolkata ",West bengal,Law,--,--,7.6,8.2,6.2,8.3,7.7,6.7,8.2,"/images/Basanti_Devi_College,_Kolkata.png"
"St. Peter's College, Kolkata ",West bengal,Law,--,--,7,7.1,6.8,6.8,6.7,7.2,7.5,"/images/St._Peter's_College,_Kolkata.png"
"Balurghat Law College, Dakshin Dinajpur ",West bengal,Law,"20,215",--,7.2,8,6,8,6,8,7,"/images/Balurghat_Law_College,_Dakshin_Dinajpur.png"
"Bikash Bharati Law College, South 24 Parganas ",West bengal,Law,"46,000",--,6.8,8,7,8,7,5,6,"/images/Bikash_Bharati_Law_College,_South_24_Parganas.png"
"Durgapur Institute of Legal Studies, Bardhaman ",West bengal,Law,"39,700",--,8.1,8.8,7.2,8.6,8.2,6.6,9,"/images/Durgapur_Institute_of_Legal_Studies,_Bardhaman.png"
National Law University Odisha ,Orissa,Law,"1,39,000","1,86,000",8.8,9,8.8,8.8,8.5,8.8,8.8,/images/National_Law_University_Odisha.png
KIIT School of Law ,Orissa,Law,"2,00,000","1,50,000",7.6,7.7,7.2,7.7,8.4,6.5,8.1,/images/KIIT_School_of_Law.png
Siksha 'O' Anusandhan University ,Orissa,Law,"1,10,000","1,10,000",8.3,8.6,7.6,8.3,8.7,8,8.5,/images/Siksha_'O'_Anusandhan_University.png
"Dhenkanal Law College, Dhenkanal ",Orissa,Law,--,--,7.6,8,7.5,8.5,8,6.5,7,"/images/Dhenkanal_Law_College,_Dhenkanal.png"
"University Law College, Bhubaneswar ",Orissa,Law,"45,000","24,000",7.8,8.8,6.1,8.4,7.4,7.9,8.3,"/images/University_Law_College,_Bhubaneswar.png"
"Madhusudan Law College, Cuttack ",Orissa,Law,"1,75,000",--,6.8,8.4,4.5,8,6.6,5.1,8.2,"/images/Madhusudan_Law_College,_Cuttack.png"
"Ganjam Law College, Berhampur ",Orissa,Law,"22,500",--,8.5,9,8,9,8,8,9,"/images/Ganjam_Law_College,_Berhampur.png"
Sri Sri University ,Orissa,Law,--,--,7.1,7.3,6.7,7,7.3,6.3,8.2,/images/Sri_Sri_University.png
"Baji Rout Memorial College, Bhubaneswar ",Orissa,Law,--,--,6.9,8.3,5,8.7,7.3,5,7,"/images/Baji_Rout_Memorial_College,_Bhubaneswar.png"
"Berhampur University, Berhampur ",Orissa,Law,"7,651","11,750",7.7,8.4,7.4,8.2,7.2,6.4,8.3,"/images/Berhampur_University,_Berhampur.png"
Fakir Mohan University ,Orissa,Law,"25,000",--,7.8,8.7,7.6,8.5,8,5.8,8.3,/images/Fakir_Mohan_University.png
North Orissa University ,Orissa,Law,"13,000",--,7.7,7.8,7.6,8.3,7.2,7.3,8.1,/images/North_Orissa_University.png
"Sambalpur University, Sambalpur ",Orissa,Law,"42,500","7,583",7.2,7.9,7.4,7.8,7.5,5.5,7,"/images/Sambalpur_University,_Sambalpur.png"
"Utkal University, Bhubaneswar ",Orissa,Law,"9,500","2,135",7.5,7.9,7.1,7.8,7.4,6.6,7.9,"/images/Utkal_University,_Bhubaneswar.png"
"Berhampur University, HariHar Mardaraj Distance Education Centre ",Orissa,Law,--,--,8.8,--,--,--,--,--,--,"/images/Berhampur_University,_HariHar_Mardaraj_Distance_Education_Centre.png"
Odisha State Open University ,Orissa,Law,"2,000",--,7.5,8.1,7.2,8.1,8,6.7,7.1,/images/Odisha_State_Open_University.png
IMS Unison University ,Uttarakhand,Law,"90,700","97,838",8.2,8.2,8,8.5,8.5,7.5,8.2,/images/IMS_Unison_University.png
"ICFAI University, Dehradun ",Uttarakhand,Law,"2,40,000","6,00,000",7.8,8.2,7.5,8.2,7.4,7.3,7.9,"/images/ICFAI_University,_Dehradun.png"
Law College Dehradun ,Uttarakhand,Law,"1,43,510","1,12,430",7.7,8.5,6.7,8.6,7.7,6.4,8.3,/images/Law_College_Dehradun.png
University of Petroleum and Energy Studies ,Uttarakhand,Law,"16,48,500","2,08,000",8.1,8.1,7.8,7.9,8.6,7.7,8.2,/images/University_of_Petroleum_and_Energy_Studies.png
"MotherHood University, Roorkee ",Uttarakhand,Law,"1,05,000",--,8,8.3,7.9,7.6,8,8,8.3,"/images/MotherHood_University,_Roorkee.png"
"Uttaranchal University, Dehradun ",Uttarakhand,Law,"1,55,000","1,89,200",7.5,7.8,6.8,7.7,8.6,6.5,7.5,"/images/Uttaranchal_University,_Dehradun.png"
Graphic Era Hill University ,Uttarakhand,Law,"1,36,400","1,49,600",8.1,7.9,7.8,8.1,8.4,7.7,8.4,/images/Graphic_Era_Hill_University.png
Himgiri Zee University ,Uttarakhand,Law,"70,000","60,000",7.9,8.5,5.5,9,8,7.7,8.8,/images/Himgiri_Zee_University.png
BFIT Group of Institutions ,Uttarakhand,Law,"60,000","80,000",7.5,7.7,7.1,7.7,7.6,7.1,8,/images/BFIT_Group_of_Institutions.png
"PAL College of Technology and Management, Haldwani ",Uttarakhand,Law,--,--,8.2,8.3,8.3,8.2,8.3,7.7,8.3,"/images/PAL_College_of_Technology_and_Management,_Haldwani.png"
Amrapali Institute of Applied Sciences ,Uttarakhand,Law,--,--,7.7,7,7.3,8.3,8,7,8.3,/images/Amrapali_Institute_of_Applied_Sciences.png
"B.S.M. Law College, Nainital ",Uttarakhand,Law,--,--,--,--,--,--,--,--,--,"/images/B.S.M._Law_College,_Nainital.png"
"Bishamber Sahai Law Instititue, Roorkee ",Uttarakhand,Law,--,--,--,--,--,--,--,--,--,"/images/Bishamber_Sahai_Law_Instititue,_Roorkee.png"
"Chanakya Law College, Udham Singh Nagar ",Uttarakhand,Law,"36,400","15,900",9.5,9.5,9.5,9.5,9,9.5,--,"/images/Chanakya_Law_College,_Udham_Singh_Nagar.png"
"DAV PG College, Dehradun ",Uttarakhand,Law,"1,542",--,6.3,7.4,5.5,7.4,6.5,4.3,6.9,"/images/DAV_PG_College,_Dehradun.png"
"Jagran School of Law, Dehradun ",Uttarakhand,Law,"93,500","95,000",8.1,7.5,8.5,8,8.5,7.5,8.5,"/images/Jagran_School_of_Law,_Dehradun.png"
"Libra College of Law, Dehradun ",Uttarakhand,Law,"60,000","80,000",--,--,--,--,--,--,--,"/images/Libra_College_of_Law,_Dehradun.png"
Siddhartha Law College ,Uttarakhand,Law,"94,100","1,50,500",8.2,8.8,8,8,8.5,8,8,/images/Siddhartha_Law_College.png
"Unity Law College, Rudra pur ",Uttarakhand,Law,"30,000",--,8.2,8.5,7.5,7.8,9,8.5,7.7,"/images/Unity_Law_College,_Rudra_pur.png"
"Hemwati Nandan Bahuguna Garhwal University, Garhwal ",Uttarakhand,Law,"9,790","10,640",7.4,7.7,6.9,7.7,8.1,6,7.9,"/images/Hemwati_Nandan_Bahuguna_Garhwal_University,_Garhwal.png"
Kumaun University ,Uttarakhand,Law,"17,790","26,998",6.5,7.2,5.8,7.7,6.7,4.3,7.3,/images/Kumaun_University.png
"Kumaun University SSJ Campus, Almora ",Uttarakhand,Law,"17,790","26,998",6.1,6.9,5.9,6.8,7.3,3.4,6,"/images/Kumaun_University_SSJ_Campus,_Almora.png"
Uttarakhand Open University ,Uttarakhand,Law,"6,100","1,400",6.8,6.9,5.3,8,6.3,6.8,7.2,/images/Uttarakhand_Open_University.png
"Uttarakhand Technical University, Dehradun ",Uttarakhand,Law,"91,300",--,8.6,8.9,8.2,8.8,8.7,8.4,8.7,"/images/Uttarakhand_Technical_University,_Dehradun.png"
"Graphic Era Hill University Dehradun Campus, School ",Uttarakhand,Law,"1,36,400","1,49,600",--,--,--,--,--,--,--,"/images/Graphic_Era_Hill_University_Dehradun_Campus,_School.png"
"UPES, School of Law, Dehradun ",Uttarakhand,Law,"16,48,500","2,22,000",9,9.8,9,--,9,8.3,--,"/images/UPES,_School_of_Law,_Dehradun.png"
"UIHMT Group of Colleges, Dehradun ",Uttarakhand,Law,--,--,--,--,--,--,--,--,--,"/images/UIHMT_Group_of_Colleges,_Dehradun.png"
International Maritime Business Academy ,Uttarakhand,Law,--,--,--,--,--,--,--,--,--,/images/International_Maritime_Business_Academy.png
Indian Institute of Technology Guwahati,Assam,Engineering,"2,19,350","2,01,800",8.6,8.6,8.2,8.1,9.1,8.4,8.9,/images/Indian_Institute_of_Technology_Guwahati.png
National Institute of Technology Silchar,Assam,Engineering,"1,47,640","35,240",8.1,8.1,7.6,7.7,8.3,8.2,8.7,/images/National_Institute_of_Technology_Silchar.png
Indian Institute of Information Technology Assam,Assam,Engineering,"2,25,000","2,00,000",7.6,8.6,7,7.9,7.9,7.5,6.5,/images/Indian_Institute_of_Information_Technology_Assam.png
Central Institute of Technology ,Assam,Engineering,"1,11,200","67,200",7,7.4,5.5,7.7,8.2,5.3,8,/images/Central_Institute_of_Technology.png
Assam Don Bosco University ,Assam,Engineering,"1,57,000","1,49,000",7.8,8.3,7.8,8.1,8.8,6.4,7.3,/images/Assam_Don_Bosco_University.png
Assam Engineering College ,Assam,Engineering,"11,000",--,7.5,8,7.5,7.5,6.7,7,8.3,/images/Assam_Engineering_College.png
Jorhat Engineering College ,Assam,Engineering,"11,000",--,7.7,8.3,7.4,7.9,7.8,7.1,7.9,/images/Jorhat_Engineering_College.png
Assam Science and Technology University ,Assam,Engineering,"21,000",--,7.8,7.9,7.6,8,7.7,7.6,7.9,/images/Assam_Science_and_Technology_University.png
Assam Down Town University ,Assam,Engineering,"1,30,000",--,8.2,8.4,7.6,8.4,8.2,7.8,8.6,/images/Assam_Down_Town_University.png
"Girijananda Chowdhury Institute of Management & Technology, ",Assam,Engineering,"1,44,000","90,000",7.3,8,6.2,8.3,6.7,6.4,8,"/images/Girijananda_Chowdhury_Institute_of_Management_&_Technology,.png"
Assam Engineering Institute ,Assam,Engineering,"2,130",--,8.6,--,--,--,--,--,--,/images/Assam_Engineering_Institute.png
"Bineswar Brahma Engineering College- [BBEC], Kokrajhar ",Assam,Engineering,"12,800",--,7.3,7.8,6.7,7.2,7,7.2,7.7,"/images/Bineswar_Brahma_Engineering_College-_[BBEC],_Kokrajhar.png"
Jorhat Institute of Science and Technology ,Assam,Engineering,--,--,6.4,7.6,6.3,7.2,5.5,5.2,6.4,/images/Jorhat_Institute_of_Science_and_Technology.png
NETES Institute of Technology and Science ,Assam,Engineering,"90,000",--,6.8,7,7,7,6,7,7,/images/NETES_Institute_of_Technology_and_Science.png
Don Bosco College of Engineering and Technology ,Assam,Engineering,"1,57,000","1,14,000",8.5,9.3,7.7,9,9.3,7.3,8.3,/images/Don_Bosco_College_of_Engineering_and_Technology.png
"Tezpur University, School of Engineering Tezpur, Sonitpur ",Assam,Engineering,"47,186","38,186",8.1,8.7,7.7,8.3,8.7,6.7,8.3,"/images/Tezpur_University,_School_of_Engineering_Tezpur,_Sonitpur.png"
Barak Valley Engineering College ,Assam,Engineering,--,--,6.2,7,5.3,6,7.8,4.6,6.6,/images/Barak_Valley_Engineering_College.png
Assam Institute of Technology ,Assam,Engineering,--,--,8.9,9,9,9,9,8.5,8.8,/images/Assam_Institute_of_Technology.png
Royal Global University ,Assam,Engineering,"1,42,000","75,000",7.6,7.8,6.6,8,9,6.5,7.7,/images/Royal_Global_University.png
Royal School of Engineering and Technology ,Assam,Engineering,"1,42,000","75,000",6.2,5.8,7.3,5.8,7.5,4,6.8,/images/Royal_School_of_Engineering_and_Technology.png
Scholar's Institute of Technology and Management ,Assam,Engineering,"1,25,000",--,5.5,7,4.5,7.5,8,3,3,/images/Scholar's_Institute_of_Technology_and_Management.png
"Dibrugarh University, Dibrugarh ",Assam,Engineering,"1,10,130","62,380",7.8,7.9,7.7,8,8.4,6.5,8.2,"/images/Dibrugarh_University,_Dibrugarh.png"
Tezpur University ,Assam,Engineering,"58,186","42,186",8,8.2,8,7.9,8.8,6.7,8.5,/images/Tezpur_University.png
"B. Borooah College, Guwahati ",Assam,Engineering,--,--,7.6,8.2,7.3,8.6,7.5,5.8,8.2,"/images/B._Borooah_College,_Guwahati.png"
Gauhati University ,Assam,Engineering,"40,950","27,900",8.2,8.4,7.5,8.7,8.4,7.2,8.7,/images/Gauhati_University.png
"Pragjyotish College, Guwahati ",Assam,Engineering,"24,000",--,6.5,7.3,5.8,7.6,7.3,4.3,6.9,"/images/Pragjyotish_College,_Guwahati.png"
"Duliajan College, Dibrugarh ",Assam,Engineering,--,--,8.7,8.7,9,9,8.7,8.7,8.3,"/images/Duliajan_College,_Dibrugarh.png"
"Assam University, Silchar ",Assam,Engineering,"59,375","44,375",7.5,7.8,6.5,8,7.6,6.6,8.4,"/images/Assam_University,_Silchar.png"
Kaziranga University ,Assam,Engineering,"1,30,500","90,500",7.5,7.3,6.7,8.1,7.4,7.2,8.1,/images/Kaziranga_University.png
Dibrugarh Polytechnic ,Assam,Engineering,"7,600",--,2,--,--,1,--,1,4,/images/Dibrugarh_Polytechnic.png
Indian Institute of Technology Patna,Bihar,Engineering,"2,23,100","43,600",8,8.4,7.1,8.1,8.2,7.9,8.2,/images/Indian_Institute_of_Technology_Patna.png
National Institute of Technology Patna,Bihar,Engineering,"1,65,700","1,09,200",7.7,7.9,6.9,7.9,7.3,8,8,/images/National_Institute_of_Technology_Patna.png
"Sandip University, Madhuban ",Bihar,Engineering,"1,60,000","1,17,600",8.4,8.2,9,8.6,7.6,8.2,8.5,"/images/Sandip_University,_Madhuban.png"
Government Engineering College ,Bihar,Engineering,"1,00,000",--,8.5,8.8,9,8.4,9,7.8,8.2,/images/Government_Engineering_College.png
"Amity University, Patna ",Bihar,Engineering,"1,59,000",--,7.8,8.5,7.2,7.8,7.7,7.8,7.9,"/images/Amity_University,_Patna.png"
Aryabhatta Knowledge University ,Bihar,Engineering,"42,000","42,000",8,8.7,7.1,8.1,8.3,7.6,8.1,/images/Aryabhatta_Knowledge_University.png
Bhagalpur College of Engineering ,Bihar,Engineering,"1,12,500",--,7.5,8.1,7.8,7.9,7.2,6,8,/images/Bhagalpur_College_of_Engineering.png
Birla Institute of Technology ,Bihar,Engineering,"2,95,000","2,31,000",7.2,7.3,8,6.5,7.4,6.7,7.2,/images/Birla_Institute_of_Technology.png
"Gaya College of Engineering, Gaya ",Bihar,Engineering,"1,00,000",--,7.1,7.8,7.5,7.3,7,5.3,7.7,"/images/Gaya_College_of_Engineering,_Gaya.png"
Netaji Subhas Institute of Technology ,Bihar,Engineering,"1,08,300","67,700",7,7.4,6.6,7.8,7.2,5.8,7.2,/images/Netaji_Subhas_Institute_of_Technology.png
Muzaffarpur Institute of Technology ,Bihar,Engineering,"1,00,000",--,7.1,7.3,6.8,7.6,7.2,6.2,7.4,/images/Muzaffarpur_Institute_of_Technology.png
Nalanda College of Engineering ,Bihar,Engineering,"12,920","22,230",8.1,8.3,8.1,8.2,8.2,7.5,8,/images/Nalanda_College_of_Engineering.png
Bakhtiyarpur College of Engineering ,Bihar,Engineering,--,--,7.7,7.9,8.2,7.5,8.2,6.5,8,/images/Bakhtiyarpur_College_of_Engineering.png
Darbhanga College of Engineering ,Bihar,Engineering,"29,130",--,6.7,7.1,7.5,7.9,6.3,4.6,6.7,/images/Darbhanga_College_of_Engineering.png
Motihari College of Engineering ,Bihar,Engineering,--,--,6.7,7.5,7.4,8,6.2,4.7,6.1,/images/Motihari_College_of_Engineering.png
Central Institute of Plastics Engineering and Technology ,Bihar,Engineering,"35,750","42,350",7.5,7.7,5.7,8.4,6.7,8.4,7.9,/images/Central_Institute_of_Plastics_Engineering_and_Technology.png
Loknayak Jai Prakash Institute Of Technology ,Bihar,Engineering,--,--,7.9,8.6,7.5,8.5,8.3,6.3,8.1,/images/Loknayak_Jai_Prakash_Institute_Of_Technology.png
Purnea College of Engineering ,Bihar,Engineering,--,--,8.5,9,8.7,8,--,--,--,/images/Purnea_College_of_Engineering.png
Katihar Engineering College ,Bihar,Engineering,--,--,7.5,8.2,6.3,8.7,7,7,7.7,/images/Katihar_Engineering_College.png
Saharsa College of Engineering ,Bihar,Engineering,--,--,7.7,8.7,7.8,8.7,8,6,7.2,/images/Saharsa_College_of_Engineering.png
Supaul College of Engineering ,Bihar,Engineering,--,--,6.5,7,5,8,8,6,5,/images/Supaul_College_of_Engineering.png
Millia Institute of Technology ,Bihar,Engineering,"81,050",--,6.9,8.2,6.3,7,7.2,5.5,7.2,/images/Millia_Institute_of_Technology.png
"Sityog Institute of Technology, Aurangabad ",Bihar,Engineering,"1,11,000","95,600",7.3,8,7.6,7.5,7.4,6.2,7,"/images/Sityog_Institute_of_Technology,_Aurangabad.png"
Vidya Vihar Institute of Technology ,Bihar,Engineering,"75,000",--,7,7.5,6,7,7.8,6.8,6.8,/images/Vidya_Vihar_Institute_of_Technology.png
Shershah College of Engineering ,Bihar,Engineering,"5,000",--,7.6,8.5,6.3,8.8,7.9,6.5,7.6,/images/Shershah_College_of_Engineering.png
"RP Sharma Institute of Technology, Patna ",Bihar,Engineering,"85,000","65,000",6.8,7.9,6.6,7.7,7.3,5.1,6.1,"/images/RP_Sharma_Institute_of_Technology,_Patna.png"
Sitamarhi Institute of Technology ,Bihar,Engineering,--,--,5.6,6.7,4.4,7,6.5,4.7,4.3,/images/Sitamarhi_Institute_of_Technology.png
Government Engineering College ,Bihar,Engineering,--,--,5.3,--,--,6,--,3,7,/images/Government_Engineering_College.png
Maulana Azad College of Engineering and Technology ,Bihar,Engineering,"70,000",--,5.4,6.3,4,6.8,6.2,3.5,5.5,/images/Maulana_Azad_College_of_Engineering_and_Technology.png
Rashtrakavi Ramdhari Singh Dinkar College of Engineering ,Bihar,Engineering,"2,630",--,6.5,7.6,5.3,7.1,7.4,4.7,6.9,/images/Rashtrakavi_Ramdhari_Singh_Dinkar_College_of_Engineering.png
National Institute of Technology Raipur,Chhattisgarh,Engineering,"1,38,000","83,000",7.4,7.8,6.4,7.5,7,7.7,8.1,/images/National_Institute_of_Technology_Raipur.png
Indian Institute of Technology Bhilai,Chhattisgarh,Engineering,"2,35,300","2,33,000",7.7,8.1,6.6,7.8,7,7.6,8.8,/images/Indian_Institute_of_Technology_Bhilai.png
"Amity University, Raipur ",Chhattisgarh,Engineering,"1,08,000","94,000",7.8,7.8,8.3,8,8,6.3,8.2,"/images/Amity_University,_Raipur.png"
International Institute of Information Technology ,Chhattisgarh,Engineering,"1,80,150","1,50,150",8.2,8.1,8.6,7.6,8.7,7.6,8.6,/images/International_Institute_of_Information_Technology.png
"ITM University, Raipur ",Chhattisgarh,Engineering,"1,20,000","83,000",7.4,8,6.4,7,8.3,7.2,7.6,"/images/ITM_University,_Raipur.png"
Bhilai Institute of Technology ,Chhattisgarh,Engineering,"77,750","72,400",7.3,7.7,6.7,7.6,7.7,6.4,7.5,/images/Bhilai_Institute_of_Technology.png
Bhilai Institute of Technology ,Chhattisgarh,Engineering,"32,810","79,214",7.5,8.4,6.4,8.3,7.5,6.9,7.3,/images/Bhilai_Institute_of_Technology.png
"Govt Engineering College, Bilaspur ",Chhattisgarh,Engineering,"12,725",--,6.9,7.8,6.5,7.7,6.9,5.5,6.9,"/images/Govt_Engineering_College,_Bilaspur.png"
OP Jindal University ,Chhattisgarh,Engineering,"1,31,000","1,39,000",8.9,9.1,8.3,9,9.5,8.4,9,/images/OP_Jindal_University.png
Lakhmi Chand Institute of Technology ,Chhattisgarh,Engineering,"71,230",--,7.2,7.9,6.4,7.6,8.3,5.1,7.6,/images/Lakhmi_Chand_Institute_of_Technology.png
"ICFAI University, Raipur ",Chhattisgarh,Engineering,"1,00,000",--,8.6,8.6,8.4,8.8,8.8,8.6,8.4,"/images/ICFAI_University,_Raipur.png"
Raipur Institute of Technology ,Chhattisgarh,Engineering,"2,73,000","1,21,000",8,8.6,7.4,7.5,8.5,8,7.7,/images/Raipur_Institute_of_Technology.png
Shri Shankaracharya Institute of Professional Management and ,Chhattisgarh,Engineering,"73,880","56,050",8,8.3,7.7,8.6,7.8,7.7,7.9,/images/Shri_Shankaracharya_Institute_of_Professional_Management_and.png
Chhatrapati Shivaji Institute of Technology ,Chhattisgarh,Engineering,"75,000","67,440",7.2,7.7,6,7.1,8.2,6.9,7.2,/images/Chhatrapati_Shivaji_Institute_of_Technology.png
Shri Rawatpura Sarkar University ,Chhattisgarh,Engineering,"40,600","50,200",8.5,9,8,8.5,8.5,8.5,8.5,/images/Shri_Rawatpura_Sarkar_University.png
Government Engineering College ,Chhattisgarh,Engineering,"82,780",--,6,6.6,5.3,6.2,6.9,4.6,6.2,/images/Government_Engineering_College.png
Columbia Institute of Engineering and Technology ,Chhattisgarh,Engineering,"59,940","35,312",8.1,8.7,7.3,8.3,8,8.7,7.7,/images/Columbia_Institute_of_Engineering_and_Technology.png
AAFT University of Media and Arts ,Chhattisgarh,Engineering,--,--,--,--,--,--,--,--,--,/images/AAFT_University_of_Media_and_Arts.png
Chouksey Engineering College ,Chhattisgarh,Engineering,"72,230","69,750",8,8.2,8.3,8.1,8,7,8.5,/images/Chouksey_Engineering_College.png
Christian College of Engineering and Technology ,Chhattisgarh,Engineering,"76,900","66,400",6.8,7.6,6.7,7.2,7.4,5.8,5.8,/images/Christian_College_of_Engineering_and_Technology.png
Chhattisgarh Engineering College ,Chhattisgarh,Engineering,"60,000","30,000",5.8,6.3,5,6.3,6,5,6,/images/Chhattisgarh_Engineering_College.png
Disha Institute of Management and Technology ,Chhattisgarh,Engineering,--,--,8.1,8,8.8,7.9,9.7,6.3,8,/images/Disha_Institute_of_Management_and_Technology.png
Rungta College of Engineering and Technology ,Chhattisgarh,Engineering,"76,100","69,750",7.7,8.2,7.3,7.7,8.2,8.2,6.7,/images/Rungta_College_of_Engineering_and_Technology.png
"Kirodimal Institute of Technology, Raigarh ",Chhattisgarh,Engineering,"31,500",--,7,8,6,7,7,7,7,"/images/Kirodimal_Institute_of_Technology,_Raigarh.png"
Krishna Engineering College ,Chhattisgarh,Engineering,"75,200",--,7.4,9,5.5,8.7,8,6.6,6.4,/images/Krishna_Engineering_College.png
RSR Rungta College of Engineering and Technology ,Chhattisgarh,Engineering,"75,100","60,000",7.5,7.7,7.5,7.2,7.5,7.3,7.6,/images/RSR_Rungta_College_of_Engineering_and_Technology.png
Shri Shankaracharya Group of Institutions ,Chhattisgarh,Engineering,"2,83,000","36,525",7.6,7.7,7.2,7.5,7.9,7,8.1,/images/Shri_Shankaracharya_Group_of_Institutions.png
Indian Institute of Technology Dhanbad,Jharkhand,Engineering,"2,27,500","59,400",8.3,8.6,7.8,7.8,8.5,8.3,8.6,/images/Indian_Institute_of_Technology_Dhanbad.png
Birla Institute of Technology ,Jharkhand,Engineering,"2,85,000","2,44,000",8.1,8.3,7.6,7.9,8.3,8.1,8.4,/images/Birla_Institute_of_Technology.png
National Institute of Technology Jamshedpur,Jharkhand,Engineering,"1,88,000","1,03,000",7.8,7.4,8.2,7.2,6.9,8.6,8.5,/images/National_Institute_of_Technology_Jamshedpur.png
Birsa Institute of Technology ,Jharkhand,Engineering,"20,362","21,562",7.7,8,7.7,7.7,7.6,7.2,7.7,/images/Birsa_Institute_of_Technology.png
"RKDF University, Ranchi ",Jharkhand,Engineering,"1,10,000","1,07,500",--,--,--,--,--,--,--,"/images/RKDF_University,_Ranchi.png"
YBN University ,Jharkhand,Engineering,"69,600","84,500",8.2,8.5,7.5,8.5,8,8.3,8.4,/images/YBN_University.png
Indian Institute of Information Technology Jharkhand,Jharkhand,Engineering,"1,30,000","90,000",7.9,8.1,8.2,7.8,7.6,7.5,8.3,/images/Indian_Institute_of_Information_Technology_Jharkhand.png
"Sai Nath University, Ranchi ",Jharkhand,Engineering,"53,000",--,6.8,7.4,6.7,6.8,6.9,6.9,6.3,"/images/Sai_Nath_University,_Ranchi.png"
National Institute of Foundry & Forge Technology ,Jharkhand,Engineering,"47,450","49,450",8.4,8.1,7.9,8.5,8.4,8.8,8.4,/images/National_Institute_of_Foundry_&_Forge_Technology.png
"Arka Jain University, Jamshedpur ",Jharkhand,Engineering,"93,000","53,000",8.1,8.1,7.7,8.1,8,7.5,9,"/images/Arka_Jain_University,_Jamshedpur.png"
"Amity University, Ranchi ",Jharkhand,Engineering,"1,35,000",--,7.8,8.2,7.5,8.5,7.2,7,8.2,"/images/Amity_University,_Ranchi.png"
Jharkhand Rai University ,Jharkhand,Engineering,"85,000","95,000",7.7,8,7.5,8.8,7.3,6.9,7.8,/images/Jharkhand_Rai_University.png
Netaji Subhas University ,Jharkhand,Engineering,"50,000","50,000",9,9.5,9.4,8.7,9.2,8.5,8.7,/images/Netaji_Subhas_University.png
Radha Govind University ,Jharkhand,Engineering,"60,000","40,000",8.6,8.9,8,8.7,8.9,8.4,8.5,/images/Radha_Govind_University.png
Cambridge Institute of Technology ,Jharkhand,Engineering,"71,250","1,07,000",5.5,5.8,5.6,6.3,5.1,4.8,5.4,/images/Cambridge_Institute_of_Technology.png
Sarala Birla University ,Jharkhand,Engineering,"1,31,200","62,200",8.5,8.6,8.3,8.4,8.8,8.4,8.2,/images/Sarala_Birla_University.png
Birla Institute of Technology Extension Centre ,Jharkhand,Engineering,"2,85,000",--,7.8,7.8,7.5,8.1,7.1,8,8.1,/images/Birla_Institute_of_Technology_Extension_Centre.png
"Chaibasa Engineering College, Techno India Group, Chaibasa ",Jharkhand,Engineering,--,--,7.2,7.7,6.9,7.3,7.7,6.4,7,"/images/Chaibasa_Engineering_College,_Techno_India_Group,_Chaibasa.png"
Ramgarh Engineering College ,Jharkhand,Engineering,--,--,6.7,7.1,6.2,7.6,6.8,4.6,7.7,/images/Ramgarh_Engineering_College.png
Capital University ,Jharkhand,Engineering,"1,10,000",--,8.2,8.3,8.1,8,8.3,8.1,8.1,/images/Capital_University.png
RTC Institute of Technology ,Jharkhand,Engineering,"78,800","62,400",7.7,8.3,7.4,8.7,8.3,7.4,6,/images/RTC_Institute_of_Technology.png
"University College of Engineering and Technology, Vinoba ",Jharkhand,Engineering,"65,100",--,7,7.5,6.9,7.5,7.3,6.1,6.9,"/images/University_College_of_Engineering_and_Technology,_Vinoba.png"
RVS College of Engineering and Technology ,Jharkhand,Engineering,"89,400","81,000",7.7,8.1,6.5,8.1,8.3,7.5,7.8,/images/RVS_College_of_Engineering_and_Technology.png
"KK College of Engineering and Management, Dhanbad ",Jharkhand,Engineering,"89,570","61,990",6.5,7,6.3,7.2,7.9,4.7,5.9,"/images/KK_College_of_Engineering_and_Management,_Dhanbad.png"
"Ramgovind Institute of Technology, Kodarma ",Jharkhand,Engineering,"34,000",--,4.9,6.5,6.5,6,4,2.5,4,"/images/Ramgovind_Institute_of_Technology,_Kodarma.png"
Nilai Institute of Technology ,Jharkhand,Engineering,"75,000","35,000",--,--,--,--,--,--,--,/images/Nilai_Institute_of_Technology.png
"Maryland Institute of Technology And Management, Jamshedpur ",Jharkhand,Engineering,"62,000",--,6.8,7.5,7.5,7,5.5,6.3,7,"/images/Maryland_Institute_of_Technology_And_Management,_Jamshedpur.png"
Ramchandra Chandarvansi Institute of Technology ,Jharkhand,Engineering,"63,200",--,7.7,8,8,8,7,7,8,/images/Ramchandra_Chandarvansi_Institute_of_Technology.png
Vidya Memorial Institute of Technology ,Jharkhand,Engineering,"53,400",--,7.5,8.7,6.5,7.5,8,8,6.5,/images/Vidya_Memorial_Institute_of_Technology.png
Indian Institute of Technology Mandi,Himachal pradesh,Engineering,"2,14,000","2,16,700",7.8,7.8,8,7.7,7.5,7.5,8.1,/images/Indian_Institute_of_Technology_Mandi.png
National Institute of Technology Hamirpur,Himachal pradesh,Engineering,"1,46,100","34,050",8.2,7.9,8.1,7.7,9,7.8,8.5,/images/National_Institute_of_Technology_Hamirpur.png
Jaypee University of Information Technology ,Himachal pradesh,Engineering,"2,19,500","1,00,000",7.9,8,8.4,7,8.7,7.9,7.6,/images/Jaypee_University_of_Information_Technology.png
Indian Institute of Information Technology Himachal,Himachal pradesh,Engineering,"2,01,400",--,7.6,7.8,8.2,7.3,7.6,7.5,7.3,/images/Indian_Institute_of_Information_Technology_Himachal.png
Baddi University of Emerging Sciences and Technologies ,Himachal pradesh,Engineering,"1,35,636","1,35,125",7.1,6.7,6.9,7.2,7.3,7,7.7,/images/Baddi_University_of_Emerging_Sciences_and_Technologies.png
Maharishi Markandeshwar ,Himachal pradesh,Engineering,"1,48,500","1,13,500",8.6,9,8.2,8.9,8.2,8.4,8.9,/images/Maharishi_Markandeshwar.png
"Arni University, Kangra ",Himachal pradesh,Engineering,"1,05,000","85,000",8,8.2,7.4,8.1,8.4,7.7,8.4,"/images/Arni_University,_Kangra.png"
Bahra University ,Himachal pradesh,Engineering,"1,20,150","80,000",7.6,7.8,7.5,8,7.7,7,7.6,/images/Bahra_University.png
Eternal University ,Himachal pradesh,Engineering,"1,18,000","73,000",7.5,7.4,7.1,7.8,8.2,7.1,7.4,/images/Eternal_University.png
Abhilashi University ,Himachal pradesh,Engineering,"90,000",--,8.4,8.9,8.3,8.4,8.6,8.1,8.1,/images/Abhilashi_University.png
IEC University Baddi ,Himachal pradesh,Engineering,"1,18,600","88,600",7.6,7.5,7.5,7.4,7.7,8,7.5,/images/IEC_University_Baddi.png
"University Institute of Information Technology, Himachal Pradesh ",Himachal pradesh,Engineering,"1,22,010",--,7.1,7.9,5.3,7,7.2,7.5,7.9,"/images/University_Institute_of_Information_Technology,_Himachal_Pradesh.png"
Career Point University ,Himachal pradesh,Engineering,"1,05,000","83,000",7.5,7.5,7.4,7,7.6,6.6,8.6,/images/Career_Point_University.png
Sri Sai University ,Himachal pradesh,Engineering,"90,000","60,000",7.4,7.3,6.3,8.2,7.7,6.8,8,/images/Sri_Sai_University.png
"Green Hills Engineering College, Solan ",Himachal pradesh,Engineering,"80,700","94,700",6,6.7,4.8,6.3,7.2,4.4,6.6,"/images/Green_Hills_Engineering_College,_Solan.png"
"Rajiv Gandhi govt. Engineering college -[RGGEC], Kangra ",Himachal pradesh,Engineering,"61,070",--,7.5,7.8,7.4,7.6,8.4,5.6,7.9,"/images/Rajiv_Gandhi_govt._Engineering_college_-[RGGEC],_Kangra.png"
Indus International University ,Himachal pradesh,Engineering,"1,20,000","1,20,000",6.8,8,7,7,6,7,6,/images/Indus_International_University.png
Jawaharlal Nehru Government Engineering College ,Himachal pradesh,Engineering,"55,000",--,6.6,7.4,5.4,7.5,6.5,5.5,7.5,/images/Jawaharlal_Nehru_Government_Engineering_College.png
Maharaja Agrasen University ,Himachal pradesh,Engineering,"1,19,000","1,15,000",7.5,7.7,7.5,7.6,8.7,7,6.2,/images/Maharaja_Agrasen_University.png
"ICFAI University, Baddi ",Himachal pradesh,Engineering,"95,000",--,8,9,7,8,8,8,8,"/images/ICFAI_University,_Baddi.png"
Himachal Institute of Engineering and Technology ,Himachal pradesh,Engineering,"73,000","46,000",7.5,8.7,6.2,7.8,7.4,6.6,8,/images/Himachal_Institute_of_Engineering_and_Technology.png
"LR Institute of Engineering and Technology, Solan ",Himachal pradesh,Engineering,"2,96,000",--,6.4,6.5,6.5,6.5,7.5,5,6.5,"/images/LR_Institute_of_Engineering_and_Technology,_Solan.png"
"Himalayan Group of Professional Institutions, Sirmaur ",Himachal pradesh,Engineering,"84,200","90,200",8.2,8.4,7.6,8.4,8.4,8.2,8,"/images/Himalayan_Group_of_Professional_Institutions,_Sirmaur.png"
Manav Bharti University ,Himachal pradesh,Engineering,"90,000",--,6.2,5.3,4.7,6.7,7,6.3,7,/images/Manav_Bharti_University.png
"Chitkara University, Solan ",Himachal pradesh,Engineering,"1,60,000","1,20,000",8.2,8.2,7.5,8.2,8.4,8.8,8.3,"/images/Chitkara_University,_Solan.png"
"Bells Institute of Management & Technology, Shimla ",Himachal pradesh,Engineering,"74,700","96,200",6.8,8,8,6,8,4,7,"/images/Bells_Institute_of_Management_&_Technology,_Shimla.png"
"Shiva Group of Institutions, Bilaspur ",Himachal pradesh,Engineering,"72,200","41,600",5,5.5,4,6,4,3.5,7,"/images/Shiva_Group_of_Institutions,_Bilaspur.png"
Mahatma Gandhi Government Engineering College ,Himachal pradesh,Engineering,"1,20,000",--,5.8,6.7,5.7,6.7,5.7,4,6,/images/Mahatma_Gandhi_Government_Engineering_College.png
Shri Mata Vaishno Devi University ,Jammu,Engineering,"1,69,750","1,03,750",7.6,7.5,7.9,7,8.3,6.7,8.3,/images/Shri_Mata_Vaishno_Devi_University.png
National Institute of Technology Srinagar,Jammu,Engineering,"5,30,000","1,60,000",6.8,7.1,6.3,7.1,6.8,6.6,6.9,/images/National_Institute_of_Technology_Srinagar.png
Indian Institute of Technology Jammu,Jammu,Engineering,"1,00,266","70,500",8.3,8.9,8.8,8,7.8,7.6,8.6,/images/Indian_Institute_of_Technology_Jammu.png
Government College of Engineering and Technology ,Jammu,Engineering,"35,830","61,200",5.7,6.5,5.3,6.3,6.2,4.6,5.1,/images/Government_College_of_Engineering_and_Technology.png
Islamic University of Science and Technology ,Jammu,Engineering,"66,200","2,840",7.4,8.4,6.9,8.2,8,5.5,7.2,/images/Islamic_University_of_Science_and_Technology.png
SSM College of Engineering and Technology ,Jammu,Engineering,--,--,6.9,7.4,6.7,7.3,7.6,4.9,7.4,/images/SSM_College_of_Engineering_and_Technology.png
"Yogananda College of Engineering & Technology -[YCET], ",Jammu,Engineering,"1,80,000",--,5.7,6.6,5.2,6.3,6.1,4,6,"/images/Yogananda_College_of_Engineering_&_Technology_-[YCET],.png"
"MBS College of Engineering and Technology, Jammu ",Jammu,Engineering,"49,000",--,5.7,7.3,5,6.5,7,3.8,4.4,"/images/MBS_College_of_Engineering_and_Technology,_Jammu.png"
Sher-e-Kashmir University of Agricultural Sciences and Technology ,Jammu,Engineering,"60,000","30,600",7.4,8.4,7.4,7.7,8,5.9,7.2,/images/Sher-e-Kashmir_University_of_Agricultural_Sciences_and_Technology.png
"Government Degree College for Boys, Udhampur ",Jammu,Engineering,--,--,6.6,6.7,5.7,7,6.7,5.3,8,"/images/Government_Degree_College_for_Boys,_Udhampur.png"
Baba Ghulam Shah Badshah University ,Jammu,Engineering,"2,49,300","67,500",7.2,7.9,7.6,7.4,7.1,5.9,7.1,/images/Baba_Ghulam_Shah_Badshah_University.png
"Central University of Jammu, Jammu ",Jammu,Engineering,"11,715",--,8.2,8.4,7.8,8.5,8.6,7.3,8.5,"/images/Central_University_of_Jammu,_Jammu.png"
Central University of Kashmir ,Jammu,Engineering,"55,900",--,7.8,8.2,7.8,8.4,7.2,7.4,7.6,/images/Central_University_of_Kashmir.png
University of Kashmir ,Jammu,Engineering,--,--,6.7,7,6.9,7.1,7.2,5.1,6.8,/images/University_of_Kashmir.png
"Govt. Gandhi Memorial Science College, Jammu ",Jammu,Engineering,--,--,6.7,7.3,6.1,7.9,6.8,4.2,7.6,"/images/Govt._Gandhi_Memorial_Science_College,_Jammu.png"
Kashmir Government Polytechnic ,Jammu,Engineering,"2,130","2,130",7.5,9.5,6.5,8.5,8.5,7,5,/images/Kashmir_Government_Polytechnic.png
Cluster University of Srinagar ,Jammu,Engineering,--,--,8.2,8.7,8.3,8.1,8.3,7.2,8.5,/images/Cluster_University_of_Srinagar.png
Bhargava College of Engineering & Technology ,Jammu,Engineering,--,--,--,--,--,--,--,--,--,/images/Bhargava_College_of_Engineering_&_Technology.png
"Government Polytechnic College -[GPC], Anantnag ",Jammu,Engineering,"2,130",--,--,--,--,--,--,--,--,"/images/Government_Polytechnic_College_-[GPC],_Anantnag.png"
"Masterpro Institute of Technology, Srinagar ",Jammu,Engineering,--,--,--,--,--,--,--,--,--,"/images/Masterpro_Institute_of_Technology,_Srinagar.png"
"Kite Polytechnic College, Budgam ",Jammu,Engineering,--,--,--,--,--,--,--,--,--,"/images/Kite_Polytechnic_College,_Budgam.png"
"Government Polytechnic Kargil, Kargil ",Jammu,Engineering,"2,130",--,--,--,--,--,--,--,--,"/images/Government_Polytechnic_Kargil,_Kargil.png"
"Government Polytechnic College, Baramulla ",Jammu,Engineering,"2,130","2,130",--,--,--,--,--,--,--,"/images/Government_Polytechnic_College,_Baramulla.png"
Government Polytechnic College ,Jammu,Engineering,"2,130","2,130",--,--,--,--,--,--,--,/images/Government_Polytechnic_College.png
"Government Polytechnic For Women-[GPW], Jammu ",Jammu,Engineering,"2,130",--,--,--,--,--,--,--,--,"/images/Government_Polytechnic_For_Women-[GPW],_Jammu.png"
"Government Polytechnic College, Bandipora ",Jammu,Engineering,"2,330",--,--,--,--,--,--,--,--,"/images/Government_Polytechnic_College,_Bandipora.png"
"Government Polytechnic, Kulgam ",Jammu,Engineering,"4,500",--,--,--,--,--,--,--,--,"/images/Government_Polytechnic,_Kulgam.png"
"Government Polytechnic College, Budgam ",Jammu,Engineering,"2,130",--,--,--,--,--,--,--,--,"/images/Government_Polytechnic_College,_Budgam.png"
"Government Polytechnic College, Sopore ",Jammu,Engineering,"2,130",--,--,--,--,--,--,--,--,"/images/Government_Polytechnic_College,_Sopore.png"
Panjab University ,Chandigarh,Engineering,"96,300","27,500",7.7,8.2,7.7,8,7.7,6.5,8.2,/images/Panjab_University.png
Punjab Engineering College University of Technology ,Chandigarh,Engineering,"96,750","93,500",8,7.9,7.3,7.6,7.7,8.4,9,/images/Punjab_Engineering_College_University_of_Technology.png
"University Institute of Engineering, Chandigarh University ",Chandigarh,Engineering,"1,60,000","80,000",8.4,8.6,7.9,8.1,8.7,8.7,8.3,"/images/University_Institute_of_Engineering,_Chandigarh_University.png"
National Institute of Technical Teachers Training and ,Chandigarh,Engineering,"44,696","24,500",7.7,7.7,6.7,8.6,7.7,7.7,8,/images/National_Institute_of_Technical_Teachers_Training_and.png
"University Institute of Engineering and Technology -[UIET], ",Chandigarh,Engineering,"82,197","16,160",7.4,7.5,7.5,7.4,7,7,8.2,"/images/University_Institute_of_Engineering_and_Technology_-[UIET],.png"
Chandigarh College of Engineering and Technology ,Chandigarh,Engineering,"64,240",--,6.9,7.2,6.4,7.1,6.9,6.5,7.3,/images/Chandigarh_College_of_Engineering_and_Technology.png
Apex Institute of Technology ,Chandigarh,Engineering,"2,10,000",--,--,--,--,--,--,--,--,/images/Apex_Institute_of_Technology.png
"IITT Institutions, Chandigarh ",Chandigarh,Engineering,"80,750","78,150",--,--,--,--,--,--,--,"/images/IITT_Institutions,_Chandigarh.png"
Dr. S. S. Bhatnagar University Institute of ,Chandigarh,Engineering,"3,94,000","30,355",7.1,7,7.9,6.9,5.7,7.1,8,/images/Dr._S._S._Bhatnagar_University_Institute_of.png
Swami Vivekanand Institute of Engineering & Technology ,Chandigarh,Engineering,"88,960","70,000",7.6,8.3,6.9,7.4,8.1,7.4,7.2,/images/Swami_Vivekanand_Institute_of_Engineering_&_Technology.png
"Gurukul Vidyapeeth, Chandigarh ",Chandigarh,Engineering,--,--,3.5,5,3,4,3,2,4,"/images/Gurukul_Vidyapeeth,_Chandigarh.png"
"Morph Academy, Chandigarh ",Chandigarh,Engineering,"1,70,000",--,8.3,9,6,9,8.5,8.5,9,"/images/Morph_Academy,_Chandigarh.png"
Indo Swiss Training Centre ,Chandigarh,Engineering,"51,000","51,000",8.6,8.3,8.5,9.2,8.8,8.5,8,/images/Indo_Swiss_Training_Centre.png
"Artex Informatic Solutions, Chandigarh ",Chandigarh,Engineering,--,--,--,--,--,--,--,--,--,"/images/Artex_Informatic_Solutions,_Chandigarh.png"
Swami Vivekanand Polytechnic College ,Chandigarh,Engineering,"32,840",--,--,--,--,--,--,--,--,/images/Swami_Vivekanand_Polytechnic_College.png
"PG Government College for Girls, Chandigarh ",Chandigarh,Engineering,"55,260",--,8.1,7.7,7.4,8.9,8.3,8.2,8,"/images/PG_Government_College_for_Girls,_Chandigarh.png"
Government Industrial Training Institute ,Chandigarh,Engineering,--,--,--,--,--,--,--,--,--,/images/Government_Industrial_Training_Institute.png
Government Polytechnic for Women ,Chandigarh,Engineering,"7,225","7,225",--,--,--,--,--,--,--,/images/Government_Polytechnic_for_Women.png
"Longowal Polytechnic College, Chandigarh ",Chandigarh,Engineering,--,--,--,--,--,--,--,--,--,"/images/Longowal_Polytechnic_College,_Chandigarh.png"
"Universal Polytechnic College, Chandigarh ",Chandigarh,Engineering,--,--,--,--,--,--,--,--,--,"/images/Universal_Polytechnic_College,_Chandigarh.png"
Swami Vivekanand Industrial Training Centre ,Chandigarh,Engineering,"15,960",--,--,--,--,--,--,--,--,/images/Swami_Vivekanand_Industrial_Training_Centre.png
Swami Vivekanand Group Of Institutes ,Chandigarh,Engineering,"88,960","75,000",8.5,9,7.8,--,9,8.1,--,/images/Swami_Vivekanand_Group_Of_Institutes.png
Tezpur University ,Assam,Management,"30,386","39,186",8,8.2,8,7.9,8.8,6.7,8.5,/images/Tezpur_University.png
Royal Global University ,Assam,Management,"1,54,000","2,10,000",7.6,7.8,6.6,8,9,6.5,7.7,/images/Royal_Global_University.png
Assam Don Bosco University ,Assam,Management,"1,29,000","2,19,000",7.8,8.3,7.8,8.1,8.8,6.4,7.3,/images/Assam_Don_Bosco_University.png
Assam Down Town University ,Assam,Management,"1,60,000","90,000",8.2,8.4,7.6,8.4,8.2,7.8,8.6,/images/Assam_Down_Town_University.png
"Department of Business Administration, Tezpur University, Tezpur ",Assam,Management,"86,144","29,186",--,--,--,--,--,--,--,"/images/Department_of_Business_Administration,_Tezpur_University,_Tezpur.png"
"Assam Women's University, Jorhat ",Assam,Management,"20,958",--,7.7,8.3,7.3,8.2,6.7,7.5,8.3,"/images/Assam_Women's_University,_Jorhat.png"
"Assam Institute of Management- [ AIM ], ",Assam,Management,"2,11,000",--,8.2,8.8,7.8,8.7,8,8.1,8,"/images/Assam_Institute_of_Management-_[_AIM_],.png"
Assam Rajiv Gandhi University of Cooperative Management ,Assam,Management,"51,000","80,500",8.4,9,7.5,9,8.5,8,8.5,/images/Assam_Rajiv_Gandhi_University_of_Cooperative_Management.png
Centre for Management Studies ,Assam,Management,"26,558","58,708",8.1,7.8,8.8,7.5,7,7.8,9.5,/images/Centre_for_Management_Studies.png
"Jawaharlal Nehru School of Management Studies, Assam ",Assam,Management,"78,975","26,545",--,--,--,--,--,--,--,"/images/Jawaharlal_Nehru_School_of_Management_Studies,_Assam.png"
National Institute of Technology Silchar,Assam,Management,"1,31,440","35,240",8.1,8.1,7.6,7.7,8.3,8.2,8.7,/images/National_Institute_of_Technology_Silchar.png
"Dibrugarh University, Dibrugarh ",Assam,Management,"7,380","6,000",7.8,7.9,7.7,8,8.4,6.5,8.2,"/images/Dibrugarh_University,_Dibrugarh.png"
Institute of Hotel Management Catering Technology and ,Assam,Management,"39,900",--,8,8.1,7.6,8.5,8,8.5,7.4,/images/Institute_of_Hotel_Management_Catering_Technology_and.png
"Dispur College, Guwahati ",Assam,Management,"26,420",--,6.1,6.9,4.6,7.4,6.3,4.5,7,"/images/Dispur_College,_Guwahati.png"
"Guwahati College, Guwahati ",Assam,Management,--,--,6.8,7.1,5.8,7.8,6.6,5.9,7.3,"/images/Guwahati_College,_Guwahati.png"
"B. Borooah College, Guwahati ",Assam,Management,"30,000",--,7.6,8.2,7.3,8.6,7.5,5.8,8.2,"/images/B._Borooah_College,_Guwahati.png"
Gauhati University ,Assam,Management,"63,170",--,8.2,8.4,7.5,8.7,8.4,7.2,8.7,/images/Gauhati_University.png
NERIM Group of Institutions ,Assam,Management,"1,75,200","65,200",7.1,7.7,6.1,7.5,7.8,6.9,6.6,/images/NERIM_Group_of_Institutions.png
Assam Agricultural University ,Assam,Management,"77,610",--,8.1,8.3,7.6,8.3,8.5,7.6,8.2,/images/Assam_Agricultural_University.png
Assam Science and Technology University ,Assam,Management,"21,000",--,7.8,7.9,7.6,8,7.7,7.6,7.9,/images/Assam_Science_and_Technology_University.png
Asian Institute of Management and Technology ,Assam,Management,"68,000",--,8.2,7.5,8,8.5,8.5,8.1,8.3,/images/Asian_Institute_of_Management_and_Technology.png
"Girijananda Chowdhury Institute of Management & Technology, ",Assam,Management,"53,000","1,35,000",7.3,8,6.2,8.3,6.7,6.4,8,"/images/Girijananda_Chowdhury_Institute_of_Management_&_Technology,.png"
"Lalit Chandra Bharali College, Guwahati ",Assam,Management,"25,000",--,7.1,7.5,6.8,7.8,8.3,5.2,6.8,"/images/Lalit_Chandra_Bharali_College,_Guwahati.png"
"Pragjyotish College, Guwahati ",Assam,Management,"24,000",--,6.5,7.3,5.8,7.6,7.3,4.3,6.9,"/images/Pragjyotish_College,_Guwahati.png"
"Bhattadev University, Pathsala ",Assam,Management,--,--,7.2,7.3,5.9,7.5,7.7,7.2,7.8,"/images/Bhattadev_University,_Pathsala.png"
"Bengtol College, Guwahati ",Assam,Management,--,--,7.5,8,8,8,7,8,6,"/images/Bengtol_College,_Guwahati.png"
"Bikali College, Goalpara ",Assam,Management,"1,500",--,7.6,8.5,7.5,8.5,8,7,6,"/images/Bikali_College,_Goalpara.png"
"Jagannath Barooah College, Jorhat ",Assam,Management,--,--,8.3,9,7.3,9.4,7.6,7.4,9.2,"/images/Jagannath_Barooah_College,_Jorhat.png"
"Jagiroad College, Marigaon ",Assam,Management,--,--,8,8.4,7.9,8.2,8.1,6.9,8.2,"/images/Jagiroad_College,_Marigaon.png"
"Kaliabor College, Nagaon ",Assam,Management,"12,000",--,8.5,9,8.3,8.8,9.1,7.6,8.2,"/images/Kaliabor_College,_Nagaon.png"
Tilka Manjhi Bhagalpur University ,Bihar,Management,--,--,7.5,7.7,6.8,8.1,7.6,6.4,8.1,/images/Tilka_Manjhi_Bhagalpur_University.png
Vaishali Institute of Business and Rural Management ,Bihar,Management,"26,000","75,000",7,8,5,9,8,6,6,/images/Vaishali_Institute_of_Business_and_Rural_Management.png
International School of Management ,Bihar,Management,"1,94,000",--,7.7,7.9,7.5,8.1,8.3,7,7.3,/images/International_School_of_Management.png
Lalit Narayan Mishra Institute of Economic Development ,Bihar,Management,"1,60,000","1,60,000",7.4,8.2,5.7,8.1,7.6,6.8,7.8,/images/Lalit_Narayan_Mishra_Institute_of_Economic_Development.png
"Sandip University, Madhuban ",Bihar,Management,"1,30,000","1,70,000",8.4,8.2,9,8.6,7.6,8.2,8.5,"/images/Sandip_University,_Madhuban.png"
"Amity University, Patna ",Bihar,Management,"1,48,000","2,93,000",7.8,8.5,7.2,7.8,7.7,7.8,7.9,"/images/Amity_University,_Patna.png"
Aryabhatta Knowledge University ,Bihar,Management,--,--,8,8.7,7.1,8.1,8.3,7.6,8.1,/images/Aryabhatta_Knowledge_University.png
Indian Institute of Management ,Bihar,Management,"5,08,750","12,00,000",8.7,8.6,8.5,8.9,8.6,8.9,8.7,/images/Indian_Institute_of_Management.png
"Arcade Business College, Patna ",Bihar,Management,--,--,6.8,7.8,3.9,8.2,6.1,7.1,7.4,"/images/Arcade_Business_College,_Patna.png"
Catalyst Institute of Management and Advance Global ,Bihar,Management,--,--,8.3,8.8,7.7,8.8,8.2,8.7,7.7,/images/Catalyst_Institute_of_Management_and_Advance_Global.png
Gopal Narayan Singh University ,Bihar,Management,"1,20,000","60,000",8.5,8.6,8.6,8.2,8.9,8.1,8.4,/images/Gopal_Narayan_Singh_University.png
Indian Institute of Business Management ,Bihar,Management,"60,500","1,61,667",5.8,7,4.7,6,5.7,6.3,5.3,/images/Indian_Institute_of_Business_Management.png
Chandragupt Institute of Management ,Bihar,Management,"4,00,000",--,8.4,8.5,8.5,8.4,8.7,8.4,7.8,/images/Chandragupt_Institute_of_Management.png
Development Management Institute ,Bihar,Management,"6,00,000",--,8.3,8,7.8,8.4,8,8.8,8.6,/images/Development_Management_Institute.png
"L. N. Mishra College of Business Management, ",Bihar,Management,"1,28,000","2,07,000",7.2,8.2,6.1,7.9,7.6,6.7,6.9,"/images/L._N._Mishra_College_of_Business_Management,.png"
DNS Regional Institute of Cooperative Management ,Bihar,Management,--,--,--,--,--,--,--,--,--,/images/DNS_Regional_Institute_of_Cooperative_Management.png
"Dr. Rajendra Prasad Central Agricultural University, Samastipur ",Bihar,Management,"92,550",--,7.1,7.5,7.1,7.6,7.6,6.3,6.4,"/images/Dr._Rajendra_Prasad_Central_Agricultural_University,_Samastipur.png"
"Gaya College, Gaya ",Bihar,Management,"16,000","1,00,000",7.1,7.8,6,7.8,7.7,5.6,7.8,"/images/Gaya_College,_Gaya.png"
Ram Krishna Dwarika College ,Bihar,Management,"11,250",--,6.9,7.8,6.1,7.7,7,5.1,7.6,/images/Ram_Krishna_Dwarika_College.png
"Magadh Mahila College, Patna ",Bihar,Management,"21,880",--,7.8,8.5,7.3,9,8,6.1,7.8,"/images/Magadh_Mahila_College,_Patna.png"
Anugrah Narayan College ,Bihar,Management,"30,000","80,000",6.8,7.5,5.4,7.5,7.7,5.5,7.4,/images/Anugrah_Narayan_College.png
Magadh University ,Bihar,Management,"1,60,000","61,200",6,7.1,5,6.9,6.4,4.7,5.8,/images/Magadh_University.png
"Vanijya Mahavidhyalaya, Patna ",Bihar,Management,--,--,--,--,--,--,--,--,--,"/images/Vanijya_Mahavidhyalaya,_Patna.png"
Patna Women's College ,Bihar,Management,--,--,7.8,8.3,7.3,8.2,8.6,6.2,8.1,/images/Patna_Women's_College.png
"College of Commerce, Arts & Science, Patna ",Bihar,Management,--,--,6.9,7.9,4.7,8.1,7.6,5.6,7.3,"/images/College_of_Commerce,_Arts_&_Science,_Patna.png"
Patna University ,Bihar,Management,"18,000","9,000",7,7.6,6.2,8.2,7.3,5.1,7.4,/images/Patna_University.png
Birla Institute of Technology ,Bihar,Management,"75,000","1,48,000",7.2,7.3,8,6.5,7.4,6.7,7.2,/images/Birla_Institute_of_Technology.png
"Patna College, Patna ",Bihar,Management,"15,000",--,6.3,7.5,5.3,7.3,6.5,4.6,6.4,"/images/Patna_College,_Patna.png"
Nalanda Open University ,Bihar,Management,"5,500","6,600",7.3,9,5.8,8.3,7.2,5.4,7.8,/images/Nalanda_Open_University.png
"St Xavier's College of Management and Technology, ",Bihar,Management,"72,000",--,8.3,8.8,7.6,8.7,8.4,7.4,8.9,"/images/St_Xavier's_College_of_Management_and_Technology,.png"
Indian Institute of Management ,Chhattisgarh,Management,"7,27,600","4,03,000",8.9,8.8,8.8,9.1,8.7,8.9,8.8,/images/Indian_Institute_of_Management.png
"ITM University, Raipur ",Chhattisgarh,Management,"2,73,000","30,000",7.4,8,6.4,7,8.3,7.2,7.6,"/images/ITM_University,_Raipur.png"
"MATS University, Raipur ",Chhattisgarh,Management,"1,55,000","1,15,000",7.4,7.4,7,7.8,7.4,7.2,7.4,"/images/MATS_University,_Raipur.png"
"Amity University, Raipur ",Chhattisgarh,Management,"2,32,000","64,000",7.8,7.8,8.3,8,8,6.3,8.2,"/images/Amity_University,_Raipur.png"
Dr. C.V. Raman University ,Chhattisgarh,Management,"25,000","30,000",7,6.9,6.2,7.4,7.5,6.7,7.3,/images/Dr._C.V._Raman_University.png
OP Jindal University ,Chhattisgarh,Management,"1,95,000","1,00,000",8.9,9.1,8.3,9,9.5,8.4,9,/images/OP_Jindal_University.png
"Disha College of Management Studies- [DCMS], Raipur ",Chhattisgarh,Management,--,--,8,8,8,8.3,8.3,7.3,8,"/images/Disha_College_of_Management_Studies-_[DCMS],_Raipur.png"
Shivalik Institute of Management Education and Research ,Chhattisgarh,Management,"90,000",--,8.6,9.5,6.5,9.5,7,9.5,9.5,/images/Shivalik_Institute_of_Management_Education_and_Research.png
MATS School of Management Studies and Research ,Chhattisgarh,Management,"60,000","1,75,000",8,8.4,7.3,7.7,8.1,8.3,8,/images/MATS_School_of_Management_Studies_and_Research.png
Indira Gandhi Krishi Vishwavidyalaya ,Chhattisgarh,Management,"57,780",--,7.5,7.6,7.3,8.3,7.1,6.8,7.6,/images/Indira_Gandhi_Krishi_Vishwavidyalaya.png
"Mahant Laxminarayan Das College, Raipur ",Chhattisgarh,Management,--,--,6.6,7,4,7.5,7,7,7,"/images/Mahant_Laxminarayan_Das_College,_Raipur.png"
Pt. Ravishankar Shukla University ,Chhattisgarh,Management,"16,530","19,050",6.1,7,4.8,6.8,6.8,4.1,6.8,/images/Pt._Ravishankar_Shukla_University.png
"Kushabhau Thakre Patrakarita Avam Jansanchar Vishwavidyalaya, Raipur ",Chhattisgarh,Management,"20,400","18,700",7,7.3,7,7,7,6.3,7.3,"/images/Kushabhau_Thakre_Patrakarita_Avam_Jansanchar_Vishwavidyalaya,_Raipur.png"
International Institute of Information Technology ,Chhattisgarh,Management,"80,150",--,8.2,8.1,8.6,7.6,8.7,7.6,8.6,/images/International_Institute_of_Information_Technology.png
Bhilai Institute of Technology ,Chhattisgarh,Management,"78,232",--,7.3,7.7,6.7,7.6,7.7,6.4,7.5,/images/Bhilai_Institute_of_Technology.png
Lakhmi Chand Institute of Technology ,Chhattisgarh,Management,"61,600",--,7.2,7.9,6.4,7.6,8.3,5.1,7.6,/images/Lakhmi_Chand_Institute_of_Technology.png
"ICFAI University, Raipur ",Chhattisgarh,Management,"63,000","1,30,000",8.6,8.6,8.4,8.8,8.8,8.6,8.4,"/images/ICFAI_University,_Raipur.png"
Raipur Institute of Technology ,Chhattisgarh,Management,"1,25,000",--,8,8.6,7.4,7.5,8.5,8,7.7,/images/Raipur_Institute_of_Technology.png
Shri Shankaracharya Institute of Professional Management and ,Chhattisgarh,Management,"32,000","65,310",8,8.3,7.7,8.6,7.8,7.7,7.9,/images/Shri_Shankaracharya_Institute_of_Professional_Management_and.png
Shri Rawatpura Sarkar University ,Chhattisgarh,Management,"33,200","56,200",8.5,9,8,8.5,8.5,8.5,8.5,/images/Shri_Rawatpura_Sarkar_University.png
Columbia Institute of Engineering and Technology ,Chhattisgarh,Management,"60,900",--,8.1,8.7,7.3,8.3,8,8.7,7.7,/images/Columbia_Institute_of_Engineering_and_Technology.png
Maharishi University of Management and Technology Bilaspur ,Chhattisgarh,Management,"14,000","45,500",6.4,7.5,7,6,7.5,5.3,5,/images/Maharishi_University_of_Management_and_Technology_Bilaspur.png
AAFT University of Media and Arts ,Chhattisgarh,Management,--,--,--,--,--,--,--,--,--,/images/AAFT_University_of_Media_and_Arts.png
Chouksey Engineering College ,Chhattisgarh,Management,"75,582",--,8,8.2,8.3,8.1,8,7,8.5,/images/Chouksey_Engineering_College.png
Disha Institute of Management and Technology ,Chhattisgarh,Management,--,--,8.1,8,8.8,7.9,9.7,6.3,8,/images/Disha_Institute_of_Management_and_Technology.png
Rungta College of Engineering and Technology ,Chhattisgarh,Management,"50,000",--,7.7,8.2,7.3,7.7,8.2,8.2,6.7,/images/Rungta_College_of_Engineering_and_Technology.png
RSR Rungta College of Engineering and Technology ,Chhattisgarh,Management,"68,000",--,7.5,7.7,7.5,7.2,7.5,7.3,7.6,/images/RSR_Rungta_College_of_Engineering_and_Technology.png
Shri Shankaracharya Group of Institutions ,Chhattisgarh,Management,"39,441",--,7.6,7.7,7.2,7.5,7.9,7,8.1,/images/Shri_Shankaracharya_Group_of_Institutions.png
XLRI ,Jharkhand,Management,"20,95,000","9,50,000",9.1,9.1,8.9,9.2,9.2,9.2,8.8,/images/XLRI.png
Indian Institute of Management ,Jharkhand,Management,"15,30,000","6,50,000",9,8.8,8.9,9.4,8.3,9.3,9.5,/images/Indian_Institute_of_Management.png
"Department of Management Studies, Indian Institute of ",Jharkhand,Management,"1,76,320",--,8.1,8,7.7,7.7,9,8,8,"/images/Department_of_Management_Studies,_Indian_Institute_of.png"
Birla Institute of Technology ,Jharkhand,Management,"2,93,000","75,000",8.1,8.3,7.6,7.9,8.3,8.1,8.4,/images/Birla_Institute_of_Technology.png
Xavier Institute of Social Service ,Jharkhand,Management,"8,00,000",--,8,8.4,7.2,8.2,6.8,8.3,8.8,/images/Xavier_Institute_of_Social_Service.png
Indian Institute of Technology Dhanbad,Jharkhand,Management,"59,400","1,77,500",8.3,8.6,7.8,7.8,8.5,8.3,8.6,/images/Indian_Institute_of_Technology_Dhanbad.png
YBN University ,Jharkhand,Management,"44,500","1,03,000",8.2,8.5,7.5,8.5,8,8.3,8.4,/images/YBN_University.png
"AISECT University, Hazaribagh ",Jharkhand,Management,"16,000","22,000",9.9,--,--,--,--,--,--,"/images/AISECT_University,_Hazaribagh.png"
"Sai Nath University, Ranchi ",Jharkhand,Management,"62,000","48,000",6.8,7.4,6.7,6.8,6.9,6.9,6.3,"/images/Sai_Nath_University,_Ranchi.png"
"Arka Jain University, Jamshedpur ",Jharkhand,Management,"1,98,000","68,000",8.1,8.1,7.7,8.1,8,7.5,9,"/images/Arka_Jain_University,_Jamshedpur.png"
"Amity University, Ranchi ",Jharkhand,Management,"1,70,000","3,03,000",7.8,8.2,7.5,8.5,7.2,7,8.2,"/images/Amity_University,_Ranchi.png"
Jharkhand Rai University ,Jharkhand,Management,"1,15,000","85,000",7.7,8,7.5,8.8,7.3,6.9,7.8,/images/Jharkhand_Rai_University.png
Netaji Subhas University ,Jharkhand,Management,"2,70,000","60,000",9,9.5,9.4,8.7,9.2,8.5,8.7,/images/Netaji_Subhas_University.png
Radha Govind University ,Jharkhand,Management,"40,000","78,000",8.6,8.9,8,8.7,8.9,8.4,8.5,/images/Radha_Govind_University.png
Sarala Birla University ,Jharkhand,Management,"1,21,200","1,89,700",8.5,8.6,8.3,8.4,8.8,8.4,8.2,/images/Sarala_Birla_University.png
"Institute of Management Studies, Ranchi University ",Jharkhand,Management,"40,000","60,000",8.1,8.6,6.8,8.6,7.8,8,8.8,"/images/Institute_of_Management_Studies,_Ranchi_University.png"
"ICFAI University, Ranchi ",Jharkhand,Management,"80,000","1,35,000",7.2,7.8,6.1,8.6,6.4,6.7,7.4,"/images/ICFAI_University,_Ranchi.png"
Institute of Science and Management ,Jharkhand,Management,--,--,8.5,8.8,7.5,8.8,9.2,8.2,8.5,/images/Institute_of_Science_and_Management.png
Jain Institute of Management & Entrepreneurship ,Jharkhand,Management,"1,40,000",--,--,--,--,--,--,--,--,/images/Jain_Institute_of_Management_&_Entrepreneurship.png
"Coxtan Administrative & Management College, Dhanbad ",Jharkhand,Management,"22,000","30,000",--,--,--,--,--,--,--,"/images/Coxtan_Administrative_&_Management_College,_Dhanbad.png"
Nilai Institute of Management ,Jharkhand,Management,"32,000",--,--,--,--,--,--,--,--,/images/Nilai_Institute_of_Management.png
"S.N. Sinha Institute of Business Manangement, Ranchi ",Jharkhand,Management,"5,76,000","5,76,000",--,--,--,--,--,--,--,"/images/S.N._Sinha_Institute_of_Business_Manangement,_Ranchi.png"
Kejriwal Institute of Management & Development Studies ,Jharkhand,Management,"4,72,000",--,9,9,9.5,8,9.8,9.5,8,/images/Kejriwal_Institute_of_Management_&_Development_Studies.png
Birsa Agricultural University ,Jharkhand,Management,"14,300",--,7.3,7.6,8.3,7.2,7.6,5,8.3,/images/Birsa_Agricultural_University.png
"Ranchi University, Ranchi ",Jharkhand,Management,"2,850","30,000",7.5,7.9,6.8,8,8.3,6.2,7.8,"/images/Ranchi_University,_Ranchi.png"
St. Xavier's College ,Jharkhand,Management,"66,200","1,25,000",8,8.5,7.5,8.3,8.4,6.9,8.2,/images/St._Xavier's_College.png
Central University of Jharkhand ,Jharkhand,Management,"28,640","23,720",7.5,8.3,7.5,8.5,7.2,5.3,8.1,/images/Central_University_of_Jharkhand.png
"Ranchi Women's College, Ranchi ",Jharkhand,Management,"14,150",--,7.4,8,7,8.1,7.1,6.9,7.5,"/images/Ranchi_Women's_College,_Ranchi.png"
"RKDF University, Ranchi ",Jharkhand,Management,"70,000","1,40,000",--,--,--,--,--,--,--,"/images/RKDF_University,_Ranchi.png"
"Faculty of Management Sciences and Liberal Arts, ",Himachal pradesh,Management,"94,556","2,56,540",8.9,8.4,8.3,9.3,8.9,9,9.5,"/images/Faculty_of_Management_Sciences_and_Liberal_Arts,.png"
Indian Institute of Management ,Himachal pradesh,Management,"11,75,000","2,000",8.7,8.5,8.6,8.8,8.8,8.8,8.8,/images/Indian_Institute_of_Management.png
Baddi University of Emerging Sciences and Technologies ,Himachal pradesh,Management,"1,73,000","74,123",7.1,6.7,6.9,7.2,7.3,7,7.7,/images/Baddi_University_of_Emerging_Sciences_and_Technologies.png
Maharishi Markandeshwar ,Himachal pradesh,Management,"76,000","2,00,000",8.6,9,8.2,8.9,8.2,8.4,8.9,/images/Maharishi_Markandeshwar.png
"Arni University, Kangra ",Himachal pradesh,Management,"1,05,000","45,000",8,8.2,7.4,8.1,8.4,7.7,8.4,"/images/Arni_University,_Kangra.png"
Bahra University ,Himachal pradesh,Management,"1,15,100","80,000",7.6,7.8,7.5,8,7.7,7,7.6,/images/Bahra_University.png
Eternal University ,Himachal pradesh,Management,"73,000","45,000",7.5,7.4,7.1,7.8,8.2,7.1,7.4,/images/Eternal_University.png
Abhilashi University ,Himachal pradesh,Management,"30,000","80,000",8.4,8.9,8.3,8.4,8.6,8.1,8.1,/images/Abhilashi_University.png
IEC University Baddi ,Himachal pradesh,Management,"88,600","43,600",7.6,7.5,7.5,7.4,7.7,8,7.5,/images/IEC_University_Baddi.png
Career Point University ,Himachal pradesh,Management,"40,000","50,000",7.5,7.5,7.4,7,7.6,6.6,8.6,/images/Career_Point_University.png
Sri Sai University ,Himachal pradesh,Management,"50,000","90,000",7.4,7.3,6.3,8.2,7.7,6.8,8,/images/Sri_Sai_University.png
Himachal Pradesh University Business School ,Himachal pradesh,Management,"7,100","39,600",8.1,8.4,7.7,8.3,8,8.1,8.1,/images/Himachal_Pradesh_University_Business_School.png
"Himalayan Institute of Management, Sirmaur ",Himachal pradesh,Management,"40,000","72,700",--,--,--,--,--,--,--,"/images/Himalayan_Institute_of_Management,_Sirmaur.png"
Abhilashi Institute of Management Studies ,Himachal pradesh,Management,"81,700",--,--,--,--,--,--,--,--,/images/Abhilashi_Institute_of_Management_Studies.png
"LR Institute of Management, Solan ",Himachal pradesh,Management,"71,000",--,--,--,--,--,--,--,--,"/images/LR_Institute_of_Management,_Solan.png"
Arni School of Hospitality and Tourism Management ,Himachal pradesh,Management,--,--,--,--,--,--,--,--,--,/images/Arni_School_of_Hospitality_and_Tourism_Management.png
"Akal College of Economics, Commerce and Management, ",Himachal pradesh,Management,"45,000","1,25,000",--,--,--,--,--,--,--,"/images/Akal_College_of_Economics,_Commerce_and_Management,.png"
National Institute of Technology Hamirpur,Himachal pradesh,Management,"34,050","94,100",8.2,7.9,8.1,7.7,9,7.8,8.5,/images/National_Institute_of_Technology_Hamirpur.png
"St Bede's College, Shimla ",Himachal pradesh,Management,"43,350",--,7.9,8.3,8.3,7.7,8.5,7.1,7.6,"/images/St_Bede's_College,_Shimla.png"
Indus International University ,Himachal pradesh,Management,"83,000","1,20,000",6.8,8,7,7,6,7,6,/images/Indus_International_University.png
Dr YS Parmar University of Horticulture and ,Himachal pradesh,Management,"70,200",--,7.9,8.6,8.5,8.4,8.1,5.3,8.2,/images/Dr_YS_Parmar_University_of_Horticulture_and.png
Chaudhary Sarwan Kumar Himachal Pradesh Krishi Vishvavidyalaya ,Himachal pradesh,Management,"35,040",--,8.7,9.2,8.4,8.7,8.8,8.4,8.7,/images/Chaudhary_Sarwan_Kumar_Himachal_Pradesh_Krishi_Vishvavidyalaya.png
Heritage Institute of Hotel and Tourism ,Himachal pradesh,Management,"50,000",--,8.8,8.7,9.3,9,8,9,9,/images/Heritage_Institute_of_Hotel_and_Tourism.png
Maharaja Agrasen University ,Himachal pradesh,Management,"57,000","1,03,000",7.5,7.7,7.5,7.6,8.7,7,6.2,/images/Maharaja_Agrasen_University.png
"ICFAI University, Baddi ",Himachal pradesh,Management,"35,800","85,000",8,9,7,8,8,8,8,"/images/ICFAI_University,_Baddi.png"
"Himalayan Group of Professional Institutions, Sirmaur ",Himachal pradesh,Management,"54,500","87,200",8.2,8.4,7.6,8.4,8.4,8.2,8,"/images/Himalayan_Group_of_Professional_Institutions,_Sirmaur.png"
Manav Bharti University ,Himachal pradesh,Management,"50,000","70,000",6.2,5.3,4.7,6.7,7,6.3,7,/images/Manav_Bharti_University.png
"Chitkara University, Solan ",Himachal pradesh,Management,"1,00,000","1,10,000",8.2,8.2,7.5,8.2,8.4,8.8,8.3,"/images/Chitkara_University,_Solan.png"
The Business School University of Jammu ,Jammu,Management,"57,049",--,8,9,8.7,9,8.8,7.2,5,/images/The_Business_School_University_of_Jammu.png
"University of Jammu, Jammu ",Jammu,Management,"78,071",--,6.6,7.5,6.8,7.4,7.6,4.9,5.6,"/images/University_of_Jammu,_Jammu.png"
Model Institute of Engineering and Technology ,Jammu,Management,"58,500","78,080",7.7,8.1,6.8,8.1,8,7.2,8,/images/Model_Institute_of_Engineering_and_Technology.png
Indian Institute of Management ,Jammu,Management,"6,65,000","4,50,000",9,8.7,8.7,9.2,8.8,8.7,9.6,/images/Indian_Institute_of_Management.png
"Priyadarshini Institute of Management and Science, Jammu ",Jammu,Management,--,--,8.8,9.3,--,--,9,8,--,"/images/Priyadarshini_Institute_of_Management_and_Science,_Jammu.png"
School of Agri Business Management ,Jammu,Management,"93,100",--,--,--,--,--,--,--,--,/images/School_of_Agri_Business_Management.png
Shri Mata Vaishno Devi University ,Jammu,Management,"92,750","97,750",7.6,7.5,7.9,7,8.3,6.7,8.3,/images/Shri_Mata_Vaishno_Devi_University.png
Sher-e-Kashmir University of Agricultural Sciences and Technology ,Jammu,Management,"60,000",--,7.4,8.4,7.4,7.7,8,5.9,7.2,/images/Sher-e-Kashmir_University_of_Agricultural_Sciences_and_Technology.png
Institute of Hotel Management Catering Technology and ,Jammu,Management,--,--,7.2,7,8,7.8,8,7,5.3,/images/Institute_of_Hotel_Management_Catering_Technology_and.png
National Institute of Technology Srinagar,Jammu,Management,"1,01,800",--,6.8,7.1,6.3,7.1,6.8,6.6,6.9,/images/National_Institute_of_Technology_Srinagar.png
Islamic University of Science and Technology ,Jammu,Management,"96,200","2,55,000",7.4,8.4,6.9,8.2,8,5.5,7.2,/images/Islamic_University_of_Science_and_Technology.png
SSM College of Engineering and Technology ,Jammu,Management,"68,000",--,6.9,7.4,6.7,7.3,7.6,4.9,7.4,/images/SSM_College_of_Engineering_and_Technology.png
Baldev Institute of Management Technology and Sciences ,Jammu,Management,--,--,--,--,--,--,--,--,--,/images/Baldev_Institute_of_Management_Technology_and_Sciences.png
"Government College for Women, Srinagar ",Jammu,Management,"6,832","10,000",6.8,7,7,7,8,3.5,8.5,"/images/Government_College_for_Women,_Srinagar.png"
"Government Degree College for Boys, Udhampur ",Jammu,Management,"10,450",--,6.6,6.7,5.7,7,6.7,5.3,8,"/images/Government_Degree_College_for_Boys,_Udhampur.png"
"Government MAM College, Jammu ",Jammu,Management,"9,268",--,7.1,7.4,6.3,8.3,7,5.1,8.4,"/images/Government_MAM_College,_Jammu.png"
"Government Degree College, Kathua ",Jammu,Management,--,--,6.3,7,6.1,7.3,6.4,4.9,6.3,"/images/Government_Degree_College,_Kathua.png"
Sri Pratap Memorial Rajput College of Commerce ,Jammu,Management,"9,545",--,6.9,7.6,6.2,8.1,5.6,5.7,8.2,/images/Sri_Pratap_Memorial_Rajput_College_of_Commerce.png
"SEM College, Budgam ",Jammu,Management,--,--,--,--,--,--,--,--,--,"/images/SEM_College,_Budgam.png"
Baba Ghulam Shah Badshah University ,Jammu,Management,"2,42,800","67,500",7.2,7.9,7.6,7.4,7.1,5.9,7.1,/images/Baba_Ghulam_Shah_Badshah_University.png
"Central University of Jammu, Jammu ",Jammu,Management,"11,715","26,050",8.2,8.4,7.8,8.5,8.6,7.3,8.5,"/images/Central_University_of_Jammu,_Jammu.png"
Central University of Kashmir ,Jammu,Management,"19,900",--,7.8,8.2,7.8,8.4,7.2,7.4,7.6,/images/Central_University_of_Kashmir.png
University of Kashmir ,Jammu,Management,"6,050","30,000",6.7,7,6.9,7.1,7.2,5.1,6.8,/images/University_of_Kashmir.png
"Gandhi Memorial College, Srinagar ",Jammu,Management,--,--,5.6,6.7,4.4,7.9,5.7,3.3,5.6,"/images/Gandhi_Memorial_College,_Srinagar.png"
"Government Degree College, Baramulla ",Jammu,Management,"6,644",--,7.4,8.2,6.4,8.4,8,6.3,7.3,"/images/Government_Degree_College,_Baramulla.png"
Government Degree College ,Jammu,Management,--,--,7.2,8.4,5.4,8.4,8.4,4.7,7.9,/images/Government_Degree_College.png
"Islamia College of Science and Commerce, Srinagar ",Jammu,Management,"16,500","8,470",7.3,8.1,7.2,7.8,7.7,5.7,7.5,"/images/Islamia_College_of_Science_and_Commerce,_Srinagar.png"
Sher-e-Kashmir University of Agricultural Sciences and Technology ,Jammu,Management,"93,100",--,7.7,8.4,7,8.4,7.4,7,7.9,/images/Sher-e-Kashmir_University_of_Agricultural_Sciences_and_Technology.png
"Directorate of Distance Education, University of Jammu, ",Jammu,Management,"7,335",--,7.4,8,6.6,8.4,7.6,6.4,7.6,"/images/Directorate_of_Distance_Education,_University_of_Jammu,.png"
Cluster University of Srinagar ,Jammu,Management,"25,875",--,8.2,8.7,8.3,8.1,8.3,7.2,8.5,/images/Cluster_University_of_Srinagar.png
"University Business School, Panjab University ",Chandigarh,Management,"25,660",--,8.3,8.1,8.4,8.4,7.9,8.1,8.7,"/images/University_Business_School,_Panjab_University.png"
"University School of Business, Chandigarh University ",Chandigarh,Management,"1,05,000","1,95,000",9.1,9.1,8.8,9.1,9.2,9.3,8.9,"/images/University_School_of_Business,_Chandigarh_University.png"
LM Thapar School of Management ,Chandigarh,Management,"4,15,860","4,80,000",7.9,7.7,8.1,8,7.9,7.7,7.8,/images/LM_Thapar_School_of_Management.png
Amity Global Business School ,Chandigarh,Management,"1,32,000","3,10,000",8.2,8.7,7.6,8.2,8.1,7.9,8.5,/images/Amity_Global_Business_School.png
Post Graduate Institute of Medical Education & ,Chandigarh,Management,--,--,8,8.3,6.8,8.8,8.2,8,8,/images/Post_Graduate_Institute_of_Medical_Education_&.png
Panjab University ,Chandigarh,Management,"34,355",--,7.7,8.2,7.7,8,7.7,6.5,8.2,/images/Panjab_University.png
Chandigarh Institute of Hotel Management and Catering ,Chandigarh,Management,"29,900",--,8.3,8.8,8.3,7.9,8.9,8.7,7,/images/Chandigarh_Institute_of_Hotel_Management_and_Catering.png
"University Institute of Tourism and Hospitality Management, ",Chandigarh,Management,"1,66,000",--,9.6,9.8,9.4,9.8,9.6,9.6,9.6,"/images/University_Institute_of_Tourism_and_Hospitality_Management,.png"
Punjab Engineering College University of Technology ,Chandigarh,Management,"28,000",--,8,7.9,7.3,7.6,7.7,8.4,9,/images/Punjab_Engineering_College_University_of_Technology.png
Mehr Chand Mahajan Dayanand Anglo Vedic College ,Chandigarh,Management,"31,820",--,8.2,8.4,8,8.5,8.2,7.6,8.4,/images/Mehr_Chand_Mahajan_Dayanand_Anglo_Vedic_College.png
Hotel & Catering Management Institute ,Chandigarh,Management,"82,000","72,000",--,--,--,--,--,--,--,/images/Hotel_&_Catering_Management_Institute.png
DAV College ,Chandigarh,Management,"36,571","24,500",8,8.4,7.4,8.3,8,6.8,8.8,/images/DAV_College.png
Goswami Ganesh Dutt Sanatan Dharama College ,Chandigarh,Management,"24,000",--,8.1,8.6,7.6,8.5,8.1,7.1,8.8,/images/Goswami_Ganesh_Dutt_Sanatan_Dharama_College.png
"Post Graduate Government College, Chandigarh ",Chandigarh,Management,"35,116",--,7.7,8.4,7.3,8.4,7.4,6.5,7.9,"/images/Post_Graduate_Government_College,_Chandigarh.png"
Institute of Technology and Future Management Trends ,Chandigarh,Management,"91,050","1,27,450",7,6.8,7.3,6.6,7,6.6,7.4,/images/Institute_of_Technology_and_Future_Management_Trends.png
Apex Institute of Technology ,Chandigarh,Management,"2,10,000",--,--,--,--,--,--,--,--,/images/Apex_Institute_of_Technology.png
"IITT Institutions, Chandigarh ",Chandigarh,Management,"46,850","80,750",--,--,--,--,--,--,--,"/images/IITT_Institutions,_Chandigarh.png"
"Gurukul Vidyapeeth, Chandigarh ",Chandigarh,Management,--,--,3.5,5,3,4,3,2,4,"/images/Gurukul_Vidyapeeth,_Chandigarh.png"
"Dev Samaj College for Women, Chandigarh ",Chandigarh,Management,"32,450",--,8.3,8.3,8.7,9.4,8.3,6.5,8.4,"/images/Dev_Samaj_College_for_Women,_Chandigarh.png"
International Institute of Fashion Technology ,Chandigarh,Management,"2,34,500",--,8.7,9.3,8.7,9,9,8,8.3,/images/International_Institute_of_Fashion_Technology.png
Indira Gandhi Institute of Aeronautics ,Chandigarh,Management,--,--,8.8,--,--,--,--,--,--,/images/Indira_Gandhi_Institute_of_Aeronautics.png
Shivalik Institute of Paramedical Technology ,Chandigarh,Management,"60,000",--,7.7,8.5,7.3,7.8,7.3,7.3,7.8,/images/Shivalik_Institute_of_Paramedical_Technology.png
"Government College of Commerce and Business Administration, ",Chandigarh,Management,"89,186",--,8.2,8.9,6.7,8.8,8.7,7.4,8.9,"/images/Government_College_of_Commerce_and_Business_Administration,.png"
"Bhavik College of Management and Information Technology, ",Chandigarh,Management,--,--,--,--,--,--,--,--,--,"/images/Bhavik_College_of_Management_and_Information_Technology,.png"
"Artex Informatic Solutions, Chandigarh ",Chandigarh,Management,--,--,--,--,--,--,--,--,--,"/images/Artex_Informatic_Solutions,_Chandigarh.png"
"UEI Global, Chandigarh ",Chandigarh,Management,"1,10,000","3,01,550",8.3,8.2,8.3,8.3,8.5,8.5,8.2,"/images/UEI_Global,_Chandigarh.png"
"PG Government College for Girls, Chandigarh ",Chandigarh,Management,"36,571",--,8.1,7.7,7.4,8.9,8.3,8.2,8,"/images/PG_Government_College_for_Girls,_Chandigarh.png"
Indian Institute of Fashion & Design ,Chandigarh,Management,"1,55,000",--,8.4,8,8.4,8.7,8.3,8.6,8.4,/images/Indian_Institute_of_Fashion_&_Design.png
"University School of Open Learning, Panjab University ",Chandigarh,Management,"33,130","11,000",7.8,8.6,6.5,8.6,7.9,7.2,8.2,"/images/University_School_of_Open_Learning,_Panjab_University.png"
Indian Institute of Technology Guwahati,Assam,Science,"30,350","18,150",8.6,8.6,8.2,8.1,9.1,8.4,8.9,/images/Indian_Institute_of_Technology_Guwahati.png
National Institute of Technology Silchar,Assam,Science,"36,940","35,240",8.1,8.1,7.6,7.7,8.3,8.2,8.7,/images/National_Institute_of_Technology_Silchar.png
"Dibrugarh University, Dibrugarh ",Assam,Science,"9,560","52,380",7.8,7.9,7.7,8,8.4,6.5,8.2,"/images/Dibrugarh_University,_Dibrugarh.png"
Tezpur University ,Assam,Science,"37,586","33,986",8,8.2,8,7.9,8.8,6.7,8.5,/images/Tezpur_University.png
Royal Global University ,Assam,Science,"70,000","67,000",7.6,7.8,6.6,8,9,6.5,7.7,/images/Royal_Global_University.png
"Mangaldai Law College, Marigaon ",Assam,Science,--,--,--,--,--,--,--,--,--,"/images/Mangaldai_Law_College,_Marigaon.png"
Dibrugarh Hanumanbux Surajmal Kanoi College ,Assam,Science,--,--,8,8.6,7.5,8.8,9.2,5.3,8.5,/images/Dibrugarh_Hanumanbux_Surajmal_Kanoi_College.png
"Guwahati College, Guwahati ",Assam,Science,"4,500",--,6.8,7.1,5.8,7.8,6.6,5.9,7.3,"/images/Guwahati_College,_Guwahati.png"
Arya Vidyapeeth College ,Assam,Science,"6,370","40,000",7.1,7.7,6.5,8.7,7,5,7.4,/images/Arya_Vidyapeeth_College.png
"B. Borooah College, Guwahati ",Assam,Science,"7,160","15,000",7.6,8.2,7.3,8.6,7.5,5.8,8.2,"/images/B._Borooah_College,_Guwahati.png"
"Handique Girls College, Guwahati ",Assam,Science,"12,900",--,7.8,8.7,7,8.5,8.2,6.2,8.1,"/images/Handique_Girls_College,_Guwahati.png"
Assam Don Bosco University ,Assam,Science,"1,14,000","1,49,000",7.8,8.3,7.8,8.1,8.8,6.4,7.3,/images/Assam_Don_Bosco_University.png
Gauhati University ,Assam,Science,"12,000",--,8.2,8.4,7.5,8.7,8.4,7.2,8.7,/images/Gauhati_University.png
Indian Institute of Information Technology Assam,Assam,Science,"10,000",--,7.6,8.6,7,7.9,7.9,7.5,6.5,/images/Indian_Institute_of_Information_Technology_Assam.png
Assam Down Town University ,Assam,Science,"1,00,000","1,00,000",8.2,8.4,7.6,8.4,8.2,7.8,8.6,/images/Assam_Down_Town_University.png
Central Institute of Technology ,Assam,Science,"70,200",--,7,7.4,5.5,7.7,8.2,5.3,8,/images/Central_Institute_of_Technology.png
NERIM Group of Institutions ,Assam,Science,"65,200",--,7.1,7.7,6.1,7.5,7.8,6.9,6.6,/images/NERIM_Group_of_Institutions.png
Assam Agricultural University ,Assam,Science,"20,210","13,150",8.1,8.3,7.6,8.3,8.5,7.6,8.2,/images/Assam_Agricultural_University.png
Assam Science and Technology University ,Assam,Science,"21,000",--,7.8,7.9,7.6,8,7.7,7.6,7.9,/images/Assam_Science_and_Technology_University.png
Asian Institute of Management and Technology ,Assam,Science,"76,000",--,8.2,7.5,8,8.5,8.5,8.1,8.3,/images/Asian_Institute_of_Management_and_Technology.png
"Girijananda Chowdhury Institute of Management & Technology, ",Assam,Science,"50,000",--,7.3,8,6.2,8.3,6.7,6.4,8,"/images/Girijananda_Chowdhury_Institute_of_Management_&_Technology,.png"
"Lalit Chandra Bharali College, Guwahati ",Assam,Science,"7,180",--,7.1,7.5,6.8,7.8,8.3,5.2,6.8,"/images/Lalit_Chandra_Bharali_College,_Guwahati.png"
"Pragjyotish College, Guwahati ",Assam,Science,"14,230","40,000",6.5,7.3,5.8,7.6,7.3,4.3,6.9,"/images/Pragjyotish_College,_Guwahati.png"
Jorhat Institute of Science and Technology ,Assam,Science,--,--,6.4,7.6,6.3,7.2,5.5,5.2,6.4,/images/Jorhat_Institute_of_Science_and_Technology.png
Assam Rajiv Gandhi University of Cooperative Management ,Assam,Science,"62,000",--,8.4,9,7.5,9,8.5,8,8.5,/images/Assam_Rajiv_Gandhi_University_of_Cooperative_Management.png
Scholar's Institute of Technology and Management ,Assam,Science,"2,00,000",--,5.5,7,4.5,7.5,8,3,3,/images/Scholar's_Institute_of_Technology_and_Management.png
Anandaram Dhekial Phookan College ,Assam,Science,"24,670",--,8.2,9,7.2,8.8,9.2,6.2,8.6,/images/Anandaram_Dhekial_Phookan_College.png
Baosi Banikanta Kakati College ,Assam,Science,--,--,8.7,9,9,--,--,--,--,/images/Baosi_Banikanta_Kakati_College.png
"BH College, Barpeta ",Assam,Science,--,--,7.2,7.7,6.6,8.4,7.9,4.4,7.9,"/images/BH_College,_Barpeta.png"
"Bimala Prasad Chaliha College, Kamrup ",Assam,Science,--,--,--,--,--,--,--,--,--,"/images/Bimala_Prasad_Chaliha_College,_Kamrup.png"
Indian Institute of Technology Patna,Bihar,Science,"33,600","23,168",8,8.4,7.1,8.1,8.2,7.9,8.2,/images/Indian_Institute_of_Technology_Patna.png
"Dr. Rajendra Prasad Central Agricultural University, Samastipur ",Bihar,Science,"29,100","29,100",7.1,7.5,7.1,7.6,7.6,6.3,6.4,"/images/Dr._Rajendra_Prasad_Central_Agricultural_University,_Samastipur.png"
Indira Gandhi Institute of Medical Sciences ,Bihar,Science,"48,000","20,000",8.7,8.8,8.6,8.3,8.7,9.3,8.3,/images/Indira_Gandhi_Institute_of_Medical_Sciences.png
"Gaya College, Gaya ",Bihar,Science,"1,595","1,00,000",7.1,7.8,6,7.8,7.7,5.6,7.8,"/images/Gaya_College,_Gaya.png"
Ram Krishna Dwarika College ,Bihar,Science,"11,250",--,6.9,7.8,6.1,7.7,7,5.1,7.6,/images/Ram_Krishna_Dwarika_College.png
"T.N.B. College, Bhagalpur ",Bihar,Science,"1,194",--,6.9,7.6,6.5,8.1,7,4.2,7.9,"/images/T.N.B._College,_Bhagalpur.png"
"Magadh Mahila College, Patna ",Bihar,Science,"7,027","7,850",7.8,8.5,7.3,9,8,6.1,7.8,"/images/Magadh_Mahila_College,_Patna.png"
National Institute of Technology Patna,Bihar,Science,"1,65,700","56,300",7.7,7.9,6.9,7.9,7.3,8,8,/images/National_Institute_of_Technology_Patna.png
Tilka Manjhi Bhagalpur University ,Bihar,Science,"3,850","20,300",7.5,7.7,6.8,8.1,7.6,6.4,8.1,/images/Tilka_Manjhi_Bhagalpur_University.png
Anugrah Narayan College ,Bihar,Science,"30,000",--,6.8,7.5,5.4,7.5,7.7,5.5,7.4,/images/Anugrah_Narayan_College.png
Bihar Agricultural University ,Bihar,Science,"13,200","12,970",8.3,8.5,7.8,8.6,8.4,8.2,8.4,/images/Bihar_Agricultural_University.png
"Maltidhari College, Patna ",Bihar,Science,"12,333",--,8.3,9,9,7,8,7,--,"/images/Maltidhari_College,_Patna.png"
Magadh University ,Bihar,Science,"50,610",--,6,7.1,5,6.9,6.4,4.7,5.8,/images/Magadh_University.png
Patna Women's College ,Bihar,Science,--,--,7.8,8.3,7.3,8.2,8.6,6.2,8.1,/images/Patna_Women's_College.png
"Tirhut College of Agriculture, Muzaffarpur ",Bihar,Science,"25,010",--,5.6,7,6,5.7,4.7,5.7,4.3,"/images/Tirhut_College_of_Agriculture,_Muzaffarpur.png"
Ram Lakhan Singh Yadav College ,Bihar,Science,--,--,--,--,--,--,--,--,--,/images/Ram_Lakhan_Singh_Yadav_College.png
Aryabhatta Knowledge University ,Bihar,Science,"42,000",--,8,8.7,7.1,8.1,8.3,7.6,8.1,/images/Aryabhatta_Knowledge_University.png
"College of Commerce, Arts & Science, Patna ",Bihar,Science,--,--,6.9,7.9,4.7,8.1,7.6,5.6,7.3,"/images/College_of_Commerce,_Arts_&_Science,_Patna.png"
Patna University ,Bihar,Science,"3,448","6,620",7,7.6,6.2,8.2,7.3,5.1,7.4,/images/Patna_University.png
Birla Institute of Technology ,Bihar,Science,"75,000",--,7.2,7.3,8,6.5,7.4,6.7,7.2,/images/Birla_Institute_of_Technology.png
Catalyst Institute of Management and Advance Global ,Bihar,Science,--,--,8.3,8.8,7.7,8.8,8.2,8.7,7.7,/images/Catalyst_Institute_of_Management_and_Advance_Global.png
Gopal Narayan Singh University ,Bihar,Science,"64,000","64,000",8.5,8.6,8.6,8.2,8.9,8.1,8.4,/images/Gopal_Narayan_Singh_University.png
Indian Institute of Business Management ,Bihar,Science,--,--,5.8,7,4.7,6,5.7,6.3,5.3,/images/Indian_Institute_of_Business_Management.png
Nalanda Open University ,Bihar,Science,"4,400","2,400",7.3,9,5.8,8.3,7.2,5.4,7.8,/images/Nalanda_Open_University.png
Muzaffarpur Institute of Technology ,Bihar,Science,--,--,7.1,7.3,6.8,7.6,7.2,6.2,7.4,/images/Muzaffarpur_Institute_of_Technology.png
"Bihar National College, Patna ",Bihar,Science,--,--,6.3,7.7,5.6,7.6,5.8,4.3,6.9,"/images/Bihar_National_College,_Patna.png"
"Al-Karim University, Katihar ",Bihar,Science,--,--,--,--,--,--,--,--,--,"/images/Al-Karim_University,_Katihar.png"
Anugrah Memorial College ,Bihar,Science,"2,525",--,6.4,7.3,4,9,8,4.3,5.7,/images/Anugrah_Memorial_College.png
Anugrah Narayan Singh College ,Bihar,Science,--,--,5.8,5,5,6,7.5,5,6,/images/Anugrah_Narayan_Singh_College.png
National Institute of Technology Raipur,Chhattisgarh,Science,"28,000",--,7.4,7.8,6.4,7.5,7,7.7,8.1,/images/National_Institute_of_Technology_Raipur.png
Dr. C.V. Raman University ,Chhattisgarh,Science,"16,000","10,000",7,6.9,6.2,7.4,7.5,6.7,7.3,/images/Dr._C.V._Raman_University.png
Government Jamuna Prasad Verma Post Graduate Arts ,Chhattisgarh,Science,"1,365",--,5.3,6,3,8,5,3,7,/images/Government_Jamuna_Prasad_Verma_Post_Graduate_Arts.png
Indira Gandhi Krishi Vishwavidyalaya ,Chhattisgarh,Science,"14,669","22,165",7.5,7.6,7.3,8.3,7.1,6.8,7.6,/images/Indira_Gandhi_Krishi_Vishwavidyalaya.png
Pt. Ravishankar Shukla University ,Chhattisgarh,Science,"4,885","26,330",6.1,7,4.8,6.8,6.8,4.1,6.8,/images/Pt._Ravishankar_Shukla_University.png
"RMD College of Agriculture and Research Station, ",Chhattisgarh,Science,--,--,--,--,--,--,--,--,--,"/images/RMD_College_of_Agriculture_and_Research_Station,.png"
"Kushabhau Thakre Patrakarita Avam Jansanchar Vishwavidyalaya, Raipur ",Chhattisgarh,Science,"21,085","20,400",7,7.3,7,7,7,6.3,7.3,"/images/Kushabhau_Thakre_Patrakarita_Avam_Jansanchar_Vishwavidyalaya,_Raipur.png"
Chhattisgarh Kamdhenu Vishwavidyalaya ,Chhattisgarh,Science,--,--,6.8,7,6.5,7,7,6,7,/images/Chhattisgarh_Kamdhenu_Vishwavidyalaya.png
"MATS University, Raipur ",Chhattisgarh,Science,"25,000","25,000",7.4,7.4,7,7.8,7.4,7.2,7.4,"/images/MATS_University,_Raipur.png"
Indian Institute of Technology Bhilai,Chhattisgarh,Science,"45,300","40,300",7.7,8.1,6.6,7.8,7,7.6,8.8,/images/Indian_Institute_of_Technology_Bhilai.png
"Government Mahaprabhu Vallabhacharya Post Graduate College, Mahasamund ",Chhattisgarh,Science,"1,111","1,231",--,--,--,--,--,--,--,"/images/Government_Mahaprabhu_Vallabhacharya_Post_Graduate_College,_Mahasamund.png"
"Amity University, Raipur ",Chhattisgarh,Science,"36,000","76,000",7.8,7.8,8.3,8,8,6.3,8.2,"/images/Amity_University,_Raipur.png"
International Institute of Information Technology ,Chhattisgarh,Science,"80,050",--,8.2,8.1,8.6,7.6,8.7,7.6,8.6,/images/International_Institute_of_Information_Technology.png
"ITM University, Raipur ",Chhattisgarh,Science,"42,000","53,000",7.4,8,6.4,7,8.3,7.2,7.6,"/images/ITM_University,_Raipur.png"
Bhilai Institute of Technology ,Chhattisgarh,Science,--,--,7.3,7.7,6.7,7.6,7.7,6.4,7.5,/images/Bhilai_Institute_of_Technology.png
OP Jindal University ,Chhattisgarh,Science,"40,000","57,000",8.9,9.1,8.3,9,9.5,8.4,9,/images/OP_Jindal_University.png
"ICFAI University, Raipur ",Chhattisgarh,Science,"45,000",--,8.6,8.6,8.4,8.8,8.8,8.6,8.4,"/images/ICFAI_University,_Raipur.png"
Raipur Institute of Technology ,Chhattisgarh,Science,--,--,8,8.6,7.4,7.5,8.5,8,7.7,/images/Raipur_Institute_of_Technology.png
Shri Shankaracharya Institute of Professional Management and ,Chhattisgarh,Science,"29,500","50,312",8,8.3,7.7,8.6,7.8,7.7,7.9,/images/Shri_Shankaracharya_Institute_of_Professional_Management_and.png
Shri Rawatpura Sarkar University ,Chhattisgarh,Science,"33,200","37,200",8.5,9,8,8.5,8.5,8.5,8.5,/images/Shri_Rawatpura_Sarkar_University.png
Maharishi University of Management and Technology Bilaspur ,Chhattisgarh,Science,"9,000","15,500",6.4,7.5,7,6,7.5,5.3,5,/images/Maharishi_University_of_Management_and_Technology_Bilaspur.png
AAFT University of Media and Arts ,Chhattisgarh,Science,--,--,--,--,--,--,--,--,--,/images/AAFT_University_of_Media_and_Arts.png
Chouksey Engineering College ,Chhattisgarh,Science,--,--,8,8.2,8.3,8.1,8,7,8.5,/images/Chouksey_Engineering_College.png
Disha Institute of Management and Technology ,Chhattisgarh,Science,--,--,8.1,8,8.8,7.9,9.7,6.3,8,/images/Disha_Institute_of_Management_and_Technology.png
Rungta College of Engineering and Technology ,Chhattisgarh,Science,--,--,7.7,8.2,7.3,7.7,8.2,8.2,6.7,/images/Rungta_College_of_Engineering_and_Technology.png
"Rungta Group of Institutions Bhilai Campus, Bhilai ",Chhattisgarh,Science,"12,000","28,000",8.6,9.1,8.7,7.9,9.2,9.1,7.6,"/images/Rungta_Group_of_Institutions_Bhilai_Campus,_Bhilai.png"
Kruti Institute of Technology and Engineering ,Chhattisgarh,Science,--,--,7.9,8.3,7.7,8.3,9.5,6.5,7.3,/images/Kruti_Institute_of_Technology_and_Engineering.png
"ISBM University, Raipur ",Chhattisgarh,Science,"19,900","30,900",--,--,--,--,--,--,--,"/images/ISBM_University,_Raipur.png"
Rungta College of Science and Technology ,Chhattisgarh,Science,"15,000","25,000",7.8,7.6,7.6,7.8,8.2,7.6,7.7,/images/Rungta_College_of_Science_and_Technology.png
"Rungta Group of Institutions Raipur Campus, Raipur ",Chhattisgarh,Science,"21,000",--,8.7,9,8,8,9,9,9,"/images/Rungta_Group_of_Institutions_Raipur_Campus,_Raipur.png"
Indian Institute of Technology Dhanbad,Jharkhand,Science,"43,500","47,400",8.3,8.6,7.8,7.8,8.5,8.3,8.6,/images/Indian_Institute_of_Technology_Dhanbad.png
Birla Institute of Technology ,Jharkhand,Science,"1,34,000","1,40,000",8.1,8.3,7.6,7.9,8.3,8.1,8.4,/images/Birla_Institute_of_Technology.png
Birsa Agricultural University ,Jharkhand,Science,"13,800",--,7.3,7.6,8.3,7.2,7.6,5,8.3,/images/Birsa_Agricultural_University.png
National Institute of Technology Jamshedpur,Jharkhand,Science,"48,000","48,000",7.8,7.4,8.2,7.2,6.9,8.6,8.5,/images/National_Institute_of_Technology_Jamshedpur.png
"Ranchi University, Ranchi ",Jharkhand,Science,"2,850","30,000",7.5,7.9,6.8,8,8.3,6.2,7.8,"/images/Ranchi_University,_Ranchi.png"
St. Xavier's College ,Jharkhand,Science,"27,200","37,000",8,8.5,7.5,8.3,8.4,6.9,8.2,/images/St._Xavier's_College.png
Central University of Jharkhand ,Jharkhand,Science,"30,120","27,720",7.5,8.3,7.5,8.5,7.2,5.3,8.1,/images/Central_University_of_Jharkhand.png
Central Institute of Psychiatry ,Jharkhand,Science,--,--,6.3,--,--,7,--,4.5,7.5,/images/Central_Institute_of_Psychiatry.png
YBN University ,Jharkhand,Science,"24,500","20,600",8.2,8.5,7.5,8.5,8,8.3,8.4,/images/YBN_University.png
"Ranchi Women's College, Ranchi ",Jharkhand,Science,"2,350","2,850",7.4,8,7,8.1,7.1,6.9,7.5,"/images/Ranchi_Women's_College,_Ranchi.png"
"RKDF University, Ranchi ",Jharkhand,Science,"32,000","20,000",--,--,--,--,--,--,--,"/images/RKDF_University,_Ranchi.png"
Jharkhand Rai University ,Jharkhand,Science,"1,28,000",--,7.7,8,7.5,8.8,7.3,6.9,7.8,/images/Jharkhand_Rai_University.png
"Nirmala College, Ranchi ",Jharkhand,Science,"21,000",--,8.5,9.2,8.1,8.9,8.7,7.3,8.8,"/images/Nirmala_College,_Ranchi.png"
Nilamber Pitamber University ,Jharkhand,Science,--,--,8.5,9,7.7,8.6,8.7,8.3,8.6,/images/Nilamber_Pitamber_University.png
Netaji Subhas University ,Jharkhand,Science,"50,000","40,000",9,9.5,9.4,8.7,9.2,8.5,8.7,/images/Netaji_Subhas_University.png
"Sai Nath University, Ranchi ",Jharkhand,Science,"58,000",--,6.8,7.4,6.7,6.8,6.9,6.9,6.3,"/images/Sai_Nath_University,_Ranchi.png"
Radha Govind University ,Jharkhand,Science,"7,000","11,000",8.6,8.9,8,8.7,8.9,8.4,8.5,/images/Radha_Govind_University.png
"Arka Jain University, Jamshedpur ",Jharkhand,Science,"58,000",--,8.1,8.1,7.7,8.1,8,7.5,9,"/images/Arka_Jain_University,_Jamshedpur.png"
"Amity University, Ranchi ",Jharkhand,Science,"1,00,000",--,7.8,8.2,7.5,8.5,7.2,7,8.2,"/images/Amity_University,_Ranchi.png"
Doranda College ,Jharkhand,Science,"1,108",--,6.3,6.8,5.3,7.3,6.7,5,6.5,/images/Doranda_College.png
"ICFAI University, Ranchi ",Jharkhand,Science,"40,000",--,7.2,7.8,6.1,8.6,6.4,6.7,7.4,"/images/ICFAI_University,_Ranchi.png"
Sarala Birla University ,Jharkhand,Science,"47,800","97,000",8.5,8.6,8.3,8.4,8.8,8.4,8.2,/images/Sarala_Birla_University.png
"Marwari College, Ranchi ",Jharkhand,Science,"4,035","40,750",6.9,8.1,5.2,7.9,6.8,6.9,6.7,"/images/Marwari_College,_Ranchi.png"
Capital University ,Jharkhand,Science,"1,10,000",--,8.2,8.3,8.1,8,8.3,8.1,8.1,/images/Capital_University.png
Ramchandra Chandravansi University ,Jharkhand,Science,"6,000",--,5.7,7,--,--,6,4,--,/images/Ramchandra_Chandravansi_University.png
"Coxtan Administrative & Management College, Dhanbad ",Jharkhand,Science,"25,000","30,000",--,--,--,--,--,--,--,"/images/Coxtan_Administrative_&_Management_College,_Dhanbad.png"
"Annada College, Hazaribagh ",Jharkhand,Science,"5,000",--,6.9,8.1,5.3,7.4,7.3,6.2,7.2,"/images/Annada_College,_Hazaribagh.png"
"B.S.K. College, Barharwa, Sahibganj ",Jharkhand,Science,--,--,6.8,8.2,5.8,8.3,7,4.2,7.5,"/images/B.S.K._College,_Barharwa,_Sahibganj.png"
Indian Institute of Technology Mandi,Himachal pradesh,Science,"23,500",--,7.8,7.8,8,7.7,7.5,7.5,8.1,/images/Indian_Institute_of_Technology_Mandi.png
National Institute of Technology Hamirpur,Himachal pradesh,Science,"39,100","34,050",8.2,7.9,8.1,7.7,9,7.8,8.5,/images/National_Institute_of_Technology_Hamirpur.png
"Faculty of Management Sciences and Liberal Arts, ",Himachal pradesh,Science,"1,11,100","1,51,500",8.9,8.4,8.3,9.3,8.9,9,9.5,"/images/Faculty_of_Management_Sciences_and_Liberal_Arts,.png"
"St Bede's College, Shimla ",Himachal pradesh,Science,"63,850","70,350",7.9,8.3,8.3,7.7,8.5,7.1,7.6,"/images/St_Bede's_College,_Shimla.png"
Indus International University ,Himachal pradesh,Science,"54,000","62,000",6.8,8,7,7,6,7,6,/images/Indus_International_University.png
Jaypee University of Information Technology ,Himachal pradesh,Science,"70,000","50,000",7.9,8,8.4,7,8.7,7.9,7.6,/images/Jaypee_University_of_Information_Technology.png
Dr YS Parmar University of Horticulture and ,Himachal pradesh,Science,"61,400","75,800",7.9,8.6,8.5,8.4,8.1,5.3,8.2,/images/Dr_YS_Parmar_University_of_Horticulture_and.png
Chaudhary Sarwan Kumar Himachal Pradesh Krishi Vishvavidyalaya ,Himachal pradesh,Science,"30,540","42,918",8.7,9.2,8.4,8.7,8.8,8.4,8.7,/images/Chaudhary_Sarwan_Kumar_Himachal_Pradesh_Krishi_Vishvavidyalaya.png
"Shoolini University, Solan ",Himachal pradesh,Science,"1,51,500","89,486",8.3,8.4,7.6,8.4,8.6,8.3,8.7,"/images/Shoolini_University,_Solan.png"
Heritage Institute of Hotel and Tourism ,Himachal pradesh,Science,"3,88,000",--,8.8,8.7,9.3,9,8,9,9,/images/Heritage_Institute_of_Hotel_and_Tourism.png
Maharishi Markandeshwar ,Himachal pradesh,Science,"53,500","58,500",8.6,9,8.2,8.9,8.2,8.4,8.9,/images/Maharishi_Markandeshwar.png
Eternal University ,Himachal pradesh,Science,"65,000","60,000",7.5,7.4,7.1,7.8,8.2,7.1,7.4,/images/Eternal_University.png
Abhilashi University ,Himachal pradesh,Science,"1,20,000","60,000",8.4,8.9,8.3,8.4,8.6,8.1,8.1,/images/Abhilashi_University.png
Baddi University of Emerging Sciences and Technologies ,Himachal pradesh,Science,"84,223","74,123",7.1,6.7,6.9,7.2,7.3,7,7.7,/images/Baddi_University_of_Emerging_Sciences_and_Technologies.png
IEC University Baddi ,Himachal pradesh,Science,"53,600","53,600",7.6,7.5,7.5,7.4,7.7,8,7.5,/images/IEC_University_Baddi.png
Career Point University ,Himachal pradesh,Science,"60,000","37,000",7.5,7.5,7.4,7,7.6,6.6,8.6,/images/Career_Point_University.png
Sri Sai University ,Himachal pradesh,Science,"50,000","45,000",7.4,7.3,6.3,8.2,7.7,6.8,8,/images/Sri_Sai_University.png
"Arni University, Kangra ",Himachal pradesh,Science,"25,000","60,000",8,8.2,7.4,8.1,8.4,7.7,8.4,"/images/Arni_University,_Kangra.png"
Bahra University ,Himachal pradesh,Science,"54,500","80,000",7.6,7.8,7.5,8,7.7,7,7.6,/images/Bahra_University.png
Maharaja Agrasen University ,Himachal pradesh,Science,"40,000","52,000",7.5,7.7,7.5,7.6,8.7,7,6.2,/images/Maharaja_Agrasen_University.png
"ICFAI University, Baddi ",Himachal pradesh,Science,"32,500","35,000",8,9,7,8,8,8,8,"/images/ICFAI_University,_Baddi.png"
Manav Bharti University ,Himachal pradesh,Science,"30,000",--,6.2,5.3,4.7,6.7,7,6.3,7,/images/Manav_Bharti_University.png
"Chitkara University, Solan ",Himachal pradesh,Science,"1,10,000",--,8.2,8.2,7.5,8.2,8.4,8.8,8.3,"/images/Chitkara_University,_Solan.png"
"Akal College of Engineering and Technology, Sirmaur ",Himachal pradesh,Science,"40,000","65,000",--,--,--,--,--,--,--,"/images/Akal_College_of_Engineering_and_Technology,_Sirmaur.png"
"Akal College of Economics, Commerce and Management, ",Himachal pradesh,Science,"63,000","55,000",--,--,--,--,--,--,--,"/images/Akal_College_of_Economics,_Commerce_and_Management,.png"
"Faculty of Applied Sciences and Biotechnology, Shoolini ",Himachal pradesh,Science,"89,486","1,29,886",8.4,8.3,8.5,--,8.7,8,--,"/images/Faculty_of_Applied_Sciences_and_Biotechnology,_Shoolini.png"
Baba Balak Nath Post Graduate College ,Himachal pradesh,Science,"2,955",--,8,--,--,--,--,--,--,/images/Baba_Balak_Nath_Post_Graduate_College.png
"GGDSD College, Palampur ",Himachal pradesh,Science,"16,150",--,--,--,--,--,--,--,--,"/images/GGDSD_College,_Palampur.png"
"Government Post Graduate College, Una ",Himachal pradesh,Science,"2,939",--,8.6,9,8.3,8.3,9.5,7.5,8.7,"/images/Government_Post_Graduate_College,_Una.png"
Shri Mata Vaishno Devi University ,Jammu,Science,"92,750","92,750",7.6,7.5,7.9,7,8.3,6.7,8.3,/images/Shri_Mata_Vaishno_Devi_University.png
Central Institute of Temperate Horticultural ,Jammu,Science,--,--,--,--,--,--,--,--,--,/images/Central_Institute_of_Temperate_Horticultural.png
"University of Jammu, Jammu ",Jammu,Science,--,--,6.6,7.5,6.8,7.4,7.6,4.9,5.6,"/images/University_of_Jammu,_Jammu.png"
Sher-e-Kashmir University of Agricultural Sciences and Technology ,Jammu,Science,"31,400","30,600",7.4,8.4,7.4,7.7,8,5.9,7.2,/images/Sher-e-Kashmir_University_of_Agricultural_Sciences_and_Technology.png
Indian Institute of Management ,Jammu,Science,--,--,9,8.7,8.7,9.2,8.8,8.7,9.6,/images/Indian_Institute_of_Management.png
"Government Degree College, Srinagar ",Jammu,Science,--,--,7.1,7.7,6.9,7.6,7,5.7,7.8,"/images/Government_Degree_College,_Srinagar.png"
National Institute of Technology Srinagar,Jammu,Science,"54,600",--,6.8,7.1,6.3,7.1,6.8,6.6,6.9,/images/National_Institute_of_Technology_Srinagar.png
Indian Institute of Technology Jammu,Jammu,Science,"40,750",--,8.3,8.9,8.8,8,7.8,7.6,8.6,/images/Indian_Institute_of_Technology_Jammu.png
Islamic University of Science and Technology ,Jammu,Science,"66,200","36,200",7.4,8.4,6.9,8.2,8,5.5,7.2,/images/Islamic_University_of_Science_and_Technology.png
"Amar Singh Government Degree College, Srinagar ",Jammu,Science,--,--,7.1,8.2,6.2,8.6,7.6,5.2,6.9,"/images/Amar_Singh_Government_Degree_College,_Srinagar.png"
Government College for Women ,Jammu,Science,"32,760",--,7.5,8.6,7.8,8.4,8.2,3.7,8.1,/images/Government_College_for_Women.png
"Government College for Women, Srinagar ",Jammu,Science,"3,458",--,6.8,7,7,7,8,3.5,8.5,"/images/Government_College_for_Women,_Srinagar.png"
"Government Degree College, Jammu ",Jammu,Science,"7,430",--,7,8,6.3,7.8,8,4.1,7.8,"/images/Government_Degree_College,_Jammu.png"
"Government Degree College for Boys, Anantnag ",Jammu,Science,--,--,6.1,6.9,5.1,6.6,6.9,4.6,6.2,"/images/Government_Degree_College_for_Boys,_Anantnag.png"
"Government Degree College for Boys, Udhampur ",Jammu,Science,"21,960",--,6.6,6.7,5.7,7,6.7,5.3,8,"/images/Government_Degree_College_for_Boys,_Udhampur.png"
"Government Degree College for Women, Anantnag ",Jammu,Science,"2,780",--,8,9,6,9,9,7,8,"/images/Government_Degree_College_for_Women,_Anantnag.png"
"Government MAM College, Jammu ",Jammu,Science,"5,338",--,7.1,7.4,6.3,8.3,7,5.1,8.4,"/images/Government_MAM_College,_Jammu.png"
"Swami Vishwatamanand Saraswati Degree College, Rajauri ",Jammu,Science,--,--,8.8,8,9,9,9,9,9,"/images/Swami_Vishwatamanand_Saraswati_Degree_College,_Rajauri.png"
"Government Degree College, Doda ",Jammu,Science,--,--,6.7,--,--,--,--,--,--,"/images/Government_Degree_College,_Doda.png"
Sher-i-Kashmir Institute of Medical Sciences ,Jammu,Science,"67,000",--,6.6,8,4.7,6.3,6.8,8,5.7,/images/Sher-i-Kashmir_Institute_of_Medical_Sciences.png
"Government Degree College, Kathua ",Jammu,Science,--,--,6.3,7,6.1,7.3,6.4,4.9,6.3,"/images/Government_Degree_College,_Kathua.png"
Sant Rocha Singh Degree College ,Jammu,Science,--,--,--,--,--,--,--,--,--,/images/Sant_Rocha_Singh_Degree_College.png
Bhargava Degree College ,Jammu,Science,--,--,--,--,--,--,--,--,--,/images/Bhargava_Degree_College.png
Baba Ghulam Shah Badshah University ,Jammu,Science,"2,09,750","67,500",7.2,7.9,7.6,7.4,7.1,5.9,7.1,/images/Baba_Ghulam_Shah_Badshah_University.png
"Central University of Jammu, Jammu ",Jammu,Science,"11,715","11,715",8.2,8.4,7.8,8.5,8.6,7.3,8.5,"/images/Central_University_of_Jammu,_Jammu.png"
Central University of Kashmir ,Jammu,Science,"16,900","30,000",7.8,8.2,7.8,8.4,7.2,7.4,7.6,/images/Central_University_of_Kashmir.png
University of Kashmir ,Jammu,Science,"27,800","30,000",6.7,7,6.9,7.1,7.2,5.1,6.8,/images/University_of_Kashmir.png
"Govt. Gandhi Memorial Science College, Jammu ",Jammu,Science,"6,595",--,6.7,7.3,6.1,7.9,6.8,4.2,7.6,"/images/Govt._Gandhi_Memorial_Science_College,_Jammu.png"
"Gandhi Memorial College, Srinagar ",Jammu,Science,--,--,5.6,6.7,4.4,7.9,5.7,3.3,5.6,"/images/Gandhi_Memorial_College,_Srinagar.png"
"Government Degree College, Baramulla ",Jammu,Science,"2,814",--,7.4,8.2,6.4,8.4,8,6.3,7.3,"/images/Government_Degree_College,_Baramulla.png"
Mehr Chand Mahajan Dayanand Anglo Vedic College ,Chandigarh,Science,"37,200","22,900",8.2,8.4,8,8.5,8.2,7.6,8.4,/images/Mehr_Chand_Mahajan_Dayanand_Anglo_Vedic_College.png
"Post Graduate Government College, Chandigarh ",Chandigarh,Science,"26,590","53,760",7.7,8.4,7.3,8.4,7.4,6.5,7.9,"/images/Post_Graduate_Government_College,_Chandigarh.png"
"Government Home Science College, Chandigarh ",Chandigarh,Science,"87,060","55,530",9.1,8.7,9.3,9.3,8.7,8.7,9.7,"/images/Government_Home_Science_College,_Chandigarh.png"
Goswami Ganesh Dutt Sanatan Dharama College ,Chandigarh,Science,"24,500",--,8.1,8.6,7.6,8.5,8.1,7.1,8.8,/images/Goswami_Ganesh_Dutt_Sanatan_Dharama_College.png
Post Graduate Institute of Medical Education & ,Chandigarh,Science,"7,320","3,470",8,8.3,6.8,8.8,8.2,8,8,/images/Post_Graduate_Institute_of_Medical_Education_&.png
Panjab University ,Chandigarh,Science,"12,700","12,000",7.7,8.2,7.7,8,7.7,6.5,8.2,/images/Panjab_University.png
Government Medical College and Hospital ,Chandigarh,Science,"9,500","26,054",7.9,8.7,7,8.5,8.2,6.9,8.3,/images/Government_Medical_College_and_Hospital.png
"Chitkara School of Hospitality -[CSH], Chandigarh ",Chandigarh,Science,--,--,8.4,8.7,7,9,8.3,8.7,8.5,"/images/Chitkara_School_of_Hospitality_-[CSH],_Chandigarh.png"
"University Institute of Tourism and Hospitality Management, ",Chandigarh,Science,"1,16,000",--,9.6,9.8,9.4,9.8,9.6,9.6,9.6,"/images/University_Institute_of_Tourism_and_Hospitality_Management,.png"
Punjab Engineering College University of Technology ,Chandigarh,Science,"28,000",--,8,7.9,7.3,7.6,7.7,8.4,9,/images/Punjab_Engineering_College_University_of_Technology.png
"University School of Business, Chandigarh University ",Chandigarh,Science,"60,000",--,9.1,9.1,8.8,9.1,9.2,9.3,8.9,"/images/University_School_of_Business,_Chandigarh_University.png"
DAV College ,Chandigarh,Science,"29,065","58,910",8,8.4,7.4,8.3,8,6.8,8.8,/images/DAV_College.png
"Morph Academy, Chandigarh ",Chandigarh,Science,"70,000","80,000",8.3,9,6,9,8.5,8.5,9,"/images/Morph_Academy,_Chandigarh.png"
"Post Graduate Government College for Girls, Chandigarh ",Chandigarh,Science,"21,550","27,400",8.1,8.6,8.4,8.9,8.2,6.1,8.5,"/images/Post_Graduate_Government_College_for_Girls,_Chandigarh.png"
"University Institute of Engineering and Technology -[UIET], ",Chandigarh,Science,--,--,7.4,7.5,7.5,7.4,7,7,8.2,"/images/University_Institute_of_Engineering_and_Technology_-[UIET],.png"
LM Thapar School of Management ,Chandigarh,Science,"1,13,460",--,7.9,7.7,8.1,8,7.9,7.7,7.8,/images/LM_Thapar_School_of_Management.png
"Guru Gobind Singh College for Women, Chandigarh ",Chandigarh,Science,"81,574",--,6.5,7.5,5.5,8.3,6,3.7,8,"/images/Guru_Gobind_Singh_College_for_Women,_Chandigarh.png"
Institute of Technology and Future Management Trends ,Chandigarh,Science,--,--,7,6.8,7.3,6.6,7,6.6,7.4,/images/Institute_of_Technology_and_Future_Management_Trends.png
"IITT Institutions, Chandigarh ",Chandigarh,Science,"50,850","46,850",--,--,--,--,--,--,--,"/images/IITT_Institutions,_Chandigarh.png"
Dr. S. S. Bhatnagar University Institute of ,Chandigarh,Science,"33,065",--,7.1,7,7.9,6.9,5.7,7.1,8,/images/Dr._S._S._Bhatnagar_University_Institute_of.png
"Gurukul Vidyapeeth, Chandigarh ",Chandigarh,Science,--,--,3.5,5,3,4,3,2,4,"/images/Gurukul_Vidyapeeth,_Chandigarh.png"
"Dev Samaj College for Women, Chandigarh ",Chandigarh,Science,"24,700",--,8.3,8.3,8.7,9.4,8.3,6.5,8.4,"/images/Dev_Samaj_College_for_Women,_Chandigarh.png"
Indian National Portage Association ,Chandigarh,Science,"2,000",--,--,--,--,--,--,--,--,/images/Indian_National_Portage_Association.png
Inter National Institute of Fashion Design ,Chandigarh,Science,"21,000",--,7.4,7.5,5.7,8.5,6,7.8,8.6,/images/Inter_National_Institute_of_Fashion_Design.png
International Institute of Fashion Technology ,Chandigarh,Science,"52,000",--,8.7,9.3,8.7,9,9,8,8.3,/images/International_Institute_of_Fashion_Technology.png
Shivalik Institute of Paramedical Technology ,Chandigarh,Science,"80,000","60,000",7.7,8.5,7.3,7.8,7.3,7.3,7.8,/images/Shivalik_Institute_of_Paramedical_Technology.png
"Bhavik College of Management and Information Technology, ",Chandigarh,Science,--,--,--,--,--,--,--,--,--,"/images/Bhavik_College_of_Management_and_Information_Technology,.png"
"Artex Informatic Solutions, Chandigarh ",Chandigarh,Science,--,--,--,--,--,--,--,--,--,"/images/Artex_Informatic_Solutions,_Chandigarh.png"
"Anovus Institute of Clinical Research, Chandigarh ",Chandigarh,Science,--,--,--,--,--,--,--,--,--,"/images/Anovus_Institute_of_Clinical_Research,_Chandigarh.png"
"Dibrugarh University, Dibrugarh ",Assam,Commerce,"6,000","4,880",7.8,7.9,7.7,8,8.4,6.5,8.2,"/images/Dibrugarh_University,_Dibrugarh.png"
Tezpur University ,Assam,Commerce,"30,186","30,186",8,8.2,8,7.9,8.8,6.7,8.5,/images/Tezpur_University.png
Royal Global University ,Assam,Commerce,"1,20,000","67,000",7.6,7.8,6.6,8,9,6.5,7.7,/images/Royal_Global_University.png
"Dispur College, Guwahati ",Assam,Commerce,"8,890",--,6.1,6.9,4.6,7.4,6.3,4.5,7,"/images/Dispur_College,_Guwahati.png"
"Guwahati College, Guwahati ",Assam,Commerce,--,--,6.8,7.1,5.8,7.8,6.6,5.9,7.3,"/images/Guwahati_College,_Guwahati.png"
Arya Vidyapeeth College ,Assam,Commerce,"6,300","2,500",7.1,7.7,6.5,8.7,7,5,7.4,/images/Arya_Vidyapeeth_College.png
Assam Don Bosco University ,Assam,Commerce,"93,000","94,000",7.8,8.3,7.8,8.1,8.8,6.4,7.3,/images/Assam_Don_Bosco_University.png
Gauhati University ,Assam,Commerce,"14,090",--,8.2,8.4,7.5,8.7,8.4,7.2,8.7,/images/Gauhati_University.png
NERIM Group of Institutions ,Assam,Commerce,"65,200","55,200",7.1,7.7,6.1,7.5,7.8,6.9,6.6,/images/NERIM_Group_of_Institutions.png
"Lalit Chandra Bharali College, Guwahati ",Assam,Commerce,"7,740",--,7.1,7.5,6.8,7.8,8.3,5.2,6.8,"/images/Lalit_Chandra_Bharali_College,_Guwahati.png"
"Pragjyotish College, Guwahati ",Assam,Commerce,"16,000",--,6.5,7.3,5.8,7.6,7.3,4.3,6.9,"/images/Pragjyotish_College,_Guwahati.png"
Assam Rajiv Gandhi University of Cooperative Management ,Assam,Commerce,"22,000",--,8.4,9,7.5,9,8.5,8,8.5,/images/Assam_Rajiv_Gandhi_University_of_Cooperative_Management.png
"BH College, Barpeta ",Assam,Commerce,--,--,7.2,7.7,6.6,8.4,7.9,4.4,7.9,"/images/BH_College,_Barpeta.png"
"Bagadhar Barahma Kishan College, Baksa ",Assam,Commerce,"2,300",--,--,--,--,--,--,--,--,"/images/Bagadhar_Barahma_Kishan_College,_Baksa.png"
"Barpeta Girls College, Barpeta ",Assam,Commerce,"5,660",--,--,--,--,--,--,--,--,"/images/Barpeta_Girls_College,_Barpeta.png"
Bhawanipur Hastinapur Bijni College ,Assam,Commerce,"5,000",--,9.2,--,--,--,--,--,--,/images/Bhawanipur_Hastinapur_Bijni_College.png
"Bhola Nath College, Dhubri ",Assam,Commerce,"9,480",--,7.3,8.5,6,8,8,5,8.5,"/images/Bhola_Nath_College,_Dhubri.png"
"Bihpuria College, Lakhimpur ",Assam,Commerce,"5,540",--,7.5,8,7.5,8.7,7.5,6,7,"/images/Bihpuria_College,_Lakhimpur.png"
"Bikali College, Goalpara ",Assam,Commerce,"4,745","1,500",7.6,8.5,7.5,8.5,8,7,6,"/images/Bikali_College,_Goalpara.png"
"Biswanath College, Sonitpur ",Assam,Commerce,"12,260",--,8.2,9.8,8.3,--,--,--,--,"/images/Biswanath_College,_Sonitpur.png"
"Bongaigaon College, Bongaigaon ",Assam,Commerce,--,--,8.2,8.5,8,8.6,7.8,7.9,8.3,"/images/Bongaigaon_College,_Bongaigaon.png"
"Cachar College, Silchar ",Assam,Commerce,"11,080",--,7.6,8.1,6.8,8.4,7.7,6.7,8.1,"/images/Cachar_College,_Silchar.png"
"Chaiduar College, Sonitpur ",Assam,Commerce,"6,000",--,8,8.3,7.3,8.7,8,7.7,8,"/images/Chaiduar_College,_Sonitpur.png"
Chandra Kamal Bezbaruah College ,Assam,Commerce,--,--,--,--,--,--,--,--,--,/images/Chandra_Kamal_Bezbaruah_College.png
"Dakshin Kamrup College, Nalbari ",Assam,Commerce,"10,300",--,7,7.8,6.1,7.8,7.4,5.6,7.1,"/images/Dakshin_Kamrup_College,_Nalbari.png"
"Darrang College, Tezpur ",Assam,Commerce,"9,100",--,7.8,8.6,6.8,8.4,8.1,6.9,8,"/images/Darrang_College,_Tezpur.png"
"Dhemaji Commerce College, Dhemaji ",Assam,Commerce,--,--,--,--,--,--,--,--,--,"/images/Dhemaji_Commerce_College,_Dhemaji.png"
"Dhing College, Nagaon ",Assam,Commerce,--,--,--,--,--,--,--,--,--,"/images/Dhing_College,_Nagaon.png"
"Dibru College, Dibrugarh ",Assam,Commerce,--,--,7.6,8.1,7.2,7.9,7.6,7,7.9,"/images/Dibru_College,_Dibrugarh.png"
"Digboi College, Dibrugarh ",Assam,Commerce,"12,970",--,7.9,8.3,7.4,8.5,7.9,7.2,8.1,"/images/Digboi_College,_Dibrugarh.png"
"Gaya College, Gaya ",Bihar,Commerce,"1,390","2,660",7.1,7.8,6,7.8,7.7,5.6,7.8,"/images/Gaya_College,_Gaya.png"
Ram Krishna Dwarika College ,Bihar,Commerce,"2,300",--,6.9,7.8,6.1,7.7,7,5.1,7.6,/images/Ram_Krishna_Dwarika_College.png
"Magadh Mahila College, Patna ",Bihar,Commerce,"20,175",--,7.8,8.5,7.3,9,8,6.1,7.8,"/images/Magadh_Mahila_College,_Patna.png"
Tilka Manjhi Bhagalpur University ,Bihar,Commerce,"2,850",--,7.5,7.7,6.8,8.1,7.6,6.4,8.1,/images/Tilka_Manjhi_Bhagalpur_University.png
Magadh University ,Bihar,Commerce,--,--,6,7.1,5,6.9,6.4,4.7,5.8,/images/Magadh_University.png
"Vanijya Mahavidhyalaya, Patna ",Bihar,Commerce,"2,790",--,--,--,--,--,--,--,--,"/images/Vanijya_Mahavidhyalaya,_Patna.png"
Patna Women's College ,Bihar,Commerce,--,--,7.8,8.3,7.3,8.2,8.6,6.2,8.1,/images/Patna_Women's_College.png
Ram Lakhan Singh Yadav College ,Bihar,Commerce,--,--,--,--,--,--,--,--,--,/images/Ram_Lakhan_Singh_Yadav_College.png
"Amity University, Patna ",Bihar,Commerce,"95,000",--,7.8,8.5,7.2,7.8,7.7,7.8,7.9,"/images/Amity_University,_Patna.png"
Aryabhatta Knowledge University ,Bihar,Commerce,--,--,8,8.7,7.1,8.1,8.3,7.6,8.1,/images/Aryabhatta_Knowledge_University.png
Indian Institute of Management ,Bihar,Commerce,--,--,8.7,8.6,8.5,8.9,8.6,8.9,8.7,/images/Indian_Institute_of_Management.png
"College of Commerce, Arts & Science, Patna ",Bihar,Commerce,--,--,6.9,7.9,4.7,8.1,7.6,5.6,7.3,"/images/College_of_Commerce,_Arts_&_Science,_Patna.png"
Patna University ,Bihar,Commerce,"9,000","8,000",7,7.6,6.2,8.2,7.3,5.1,7.4,/images/Patna_University.png
Catalyst Institute of Management and Advance Global ,Bihar,Commerce,--,--,8.3,8.8,7.7,8.8,8.2,8.7,7.7,/images/Catalyst_Institute_of_Management_and_Advance_Global.png
Gopal Narayan Singh University ,Bihar,Commerce,"16,000","20,000",8.5,8.6,8.6,8.2,8.9,8.1,8.4,/images/Gopal_Narayan_Singh_University.png
Nalanda Open University ,Bihar,Commerce,"2,400","4,400",7.3,9,5.8,8.3,7.2,5.4,7.8,/images/Nalanda_Open_University.png
"St Xavier's College of Management and Technology, ",Bihar,Commerce,"56,000",--,8.3,8.8,7.6,8.7,8.4,7.4,8.9,"/images/St_Xavier's_College_of_Management_and_Technology,.png"
"Moti Babu Institute of Technology- [MBIT], Patna ",Bihar,Commerce,--,--,9.5,--,--,--,--,--,--,"/images/Moti_Babu_Institute_of_Technology-_[MBIT],_Patna.png"
"Buddha Institute of Technology- [BIT], Gaya ",Bihar,Commerce,--,--,7.4,7.3,7,8,7,7,8,"/images/Buddha_Institute_of_Technology-_[BIT],_Gaya.png"
"B.M.D. College, Vaishali ",Bihar,Commerce,--,--,7.6,8.7,8,8.3,6.7,7.3,6.7,"/images/B.M.D._College,_Vaishali.png"
Bhuwaneshwari Dayal College ,Bihar,Commerce,--,--,7.2,8.2,6.3,8.4,7.6,5.3,7.1,/images/Bhuwaneshwari_Dayal_College.png
"Daudnagar College, Aurangabad ",Bihar,Commerce,--,--,5.4,7,2,9,5,2.5,7,"/images/Daudnagar_College,_Aurangabad.png"
"Forbesganj College, Araria ",Bihar,Commerce,--,--,6.8,6.7,6.7,8,7,4.7,7.7,"/images/Forbesganj_College,_Araria.png"
"GDM College, Harnaut ",Bihar,Commerce,"1,038",--,6.7,8,2,7,--,--,--,"/images/GDM_College,_Harnaut.png"
"H.D. Jain College, Arrah ",Bihar,Commerce,"1,800","2,700",7,8.1,5.7,7.7,6.7,6.4,7.1,"/images/H.D._Jain_College,_Arrah.png"
"K.B. Jha College, Katihar ",Bihar,Commerce,"1,339",--,7.7,8.8,7,8.8,6.8,6.3,8.3,"/images/K.B._Jha_College,_Katihar.png"
Kanhai Lal Sahu College ,Bihar,Commerce,--,--,6.7,7,6,7.5,7.6,5.8,6.5,/images/Kanhai_Lal_Sahu_College.png
Langat Singh College ,Bihar,Commerce,--,--,7.5,8,7.1,8.1,7.7,6.7,7.4,/images/Langat_Singh_College.png
"M.V. College, Buxar ",Bihar,Commerce,"1,500","3,000",6.5,6.3,4.8,7.9,6.8,5.5,7.7,"/images/M.V._College,_Buxar.png"
Government Jamuna Prasad Verma Post Graduate Arts ,Chhattisgarh,Commerce,"1,063",--,5.3,6,3,8,5,3,7,/images/Government_Jamuna_Prasad_Verma_Post_Graduate_Arts.png
"Mahant Laxminarayan Das College, Raipur ",Chhattisgarh,Commerce,--,--,6.6,7,4,7.5,7,7,7,"/images/Mahant_Laxminarayan_Das_College,_Raipur.png"
Pt. Ravishankar Shukla University ,Chhattisgarh,Commerce,--,--,6.1,7,4.8,6.8,6.8,4.1,6.8,/images/Pt._Ravishankar_Shukla_University.png
"MATS University, Raipur ",Chhattisgarh,Commerce,"75,000","75,000",7.4,7.4,7,7.8,7.4,7.2,7.4,"/images/MATS_University,_Raipur.png"
"Government Mahaprabhu Vallabhacharya Post Graduate College, Mahasamund ",Chhattisgarh,Commerce,"1,111","1,231",--,--,--,--,--,--,--,"/images/Government_Mahaprabhu_Vallabhacharya_Post_Graduate_College,_Mahasamund.png"
"Amity University, Raipur ",Chhattisgarh,Commerce,"54,000","50,000",7.8,7.8,8.3,8,8,6.3,8.2,"/images/Amity_University,_Raipur.png"
"ITM University, Raipur ",Chhattisgarh,Commerce,"42,000",--,7.4,8,6.4,7,8.3,7.2,7.6,"/images/ITM_University,_Raipur.png"
OP Jindal University ,Chhattisgarh,Commerce,"96,000",--,8.9,9.1,8.3,9,9.5,8.4,9,/images/OP_Jindal_University.png
"ICFAI University, Raipur ",Chhattisgarh,Commerce,"45,000",--,8.6,8.6,8.4,8.8,8.8,8.6,8.4,"/images/ICFAI_University,_Raipur.png"
Shri Shankaracharya Institute of Professional Management and ,Chhattisgarh,Commerce,"32,000",--,8,8.3,7.7,8.6,7.8,7.7,7.9,/images/Shri_Shankaracharya_Institute_of_Professional_Management_and.png
Shri Rawatpura Sarkar University ,Chhattisgarh,Commerce,"24,200","31,200",8.5,9,8,8.5,8.5,8.5,8.5,/images/Shri_Rawatpura_Sarkar_University.png
Maharishi University of Management and Technology Bilaspur ,Chhattisgarh,Commerce,"11,000","14,000",6.4,7.5,7,6,7.5,5.3,5,/images/Maharishi_University_of_Management_and_Technology_Bilaspur.png
KK Modi University ,Chhattisgarh,Commerce,"83,500",--,7.5,8.5,6,--,7.5,8,--,/images/KK_Modi_University.png
"Rungta Group of Institutions Bhilai Campus, Bhilai ",Chhattisgarh,Commerce,"20,000",--,8.6,9.1,8.7,7.9,9.2,9.1,7.6,"/images/Rungta_Group_of_Institutions_Bhilai_Campus,_Bhilai.png"
Kruti Institute of Technology and Engineering ,Chhattisgarh,Commerce,--,--,7.9,8.3,7.7,8.3,9.5,6.5,7.3,/images/Kruti_Institute_of_Technology_and_Engineering.png
"ISBM University, Raipur ",Chhattisgarh,Commerce,"18,900","23,900",--,--,--,--,--,--,--,"/images/ISBM_University,_Raipur.png"
"Disha College of Management Studies- [DCMS], Raipur ",Chhattisgarh,Commerce,--,--,8,8,8,8.3,8.3,7.3,8,"/images/Disha_College_of_Management_Studies-_[DCMS],_Raipur.png"
"Rungta Group of Institutions Raipur Campus, Raipur ",Chhattisgarh,Commerce,"15,000",--,8.7,9,8,8,9,9,9,"/images/Rungta_Group_of_Institutions_Raipur_Campus,_Raipur.png"
"MATS School of Business Studies, Raipur ",Chhattisgarh,Commerce,"75,000","23,000",7.3,8.2,5.4,--,8.1,7.5,--,"/images/MATS_School_of_Business_Studies,_Raipur.png"
"Bhilai Mahila Mahavidyalaya, Durg ",Chhattisgarh,Commerce,"15,000","17,000",6.6,6.7,5.3,7.3,7,5.5,7.5,"/images/Bhilai_Mahila_Mahavidyalaya,_Durg.png"
"Christ College, Bastar ",Chhattisgarh,Commerce,--,--,7.7,--,--,9,--,5,9,"/images/Christ_College,_Bastar.png"
"D.L.S. P.G. College, Bilaspur ",Chhattisgarh,Commerce,"6,000","11,000",--,--,--,--,--,--,--,"/images/D.L.S._P.G._College,_Bilaspur.png"
"Durga Mahavidyalaya, Raipur ",Chhattisgarh,Commerce,--,--,4.7,5,4,5.3,4.3,3,6.3,"/images/Durga_Mahavidyalaya,_Raipur.png"
"Ghanshyam Singh Arya Kanya Mahavidyalaya, Durg ",Chhattisgarh,Commerce,"4,100",--,--,--,--,--,--,--,--,"/images/Ghanshyam_Singh_Arya_Kanya_Mahavidyalaya,_Durg.png"
"Government DB Girl's Post Graduate College, Raipur ",Chhattisgarh,Commerce,"1,730","7,852",3.9,6,--,4,4,2.5,3,"/images/Government_DB_Girl's_Post_Graduate_College,_Raipur.png"
"Government Digvijay Autonomous College, Rajnandgaon ",Chhattisgarh,Commerce,--,--,--,--,--,--,--,--,--,"/images/Government_Digvijay_Autonomous_College,_Rajnandgaon.png"
"Government Maharishi Valmiki College, Kanker ",Chhattisgarh,Commerce,783,--,--,--,--,--,--,--,--,"/images/Government_Maharishi_Valmiki_College,_Kanker.png"
"Government Ram Bhajan Rai NES College, Jashpur ",Chhattisgarh,Commerce,--,--,--,--,--,--,--,--,--,"/images/Government_Ram_Bhajan_Rai_NES_College,_Jashpur.png"
"Government Shahid Kaushal Yadav College, Balod ",Chhattisgarh,Commerce,--,--,--,--,--,--,--,--,--,"/images/Government_Shahid_Kaushal_Yadav_College,_Balod.png"
"Ranchi University, Ranchi ",Jharkhand,Commerce,"2,850","2,350",7.5,7.9,6.8,8,8.3,6.2,7.8,"/images/Ranchi_University,_Ranchi.png"
St. Xavier's College ,Jharkhand,Commerce,"49,100","32,300",8,8.5,7.5,8.3,8.4,6.9,8.2,/images/St._Xavier's_College.png
YBN University ,Jharkhand,Commerce,"1,03,000","17,600",8.2,8.5,7.5,8.5,8,8.3,8.4,/images/YBN_University.png
"Ranchi Women's College, Ranchi ",Jharkhand,Commerce,"2,350","2,850",7.4,8,7,8.1,7.1,6.9,7.5,"/images/Ranchi_Women's_College,_Ranchi.png"
"RKDF University, Ranchi ",Jharkhand,Commerce,"32,000","30,000",--,--,--,--,--,--,--,"/images/RKDF_University,_Ranchi.png"
Jharkhand Rai University ,Jharkhand,Commerce,--,--,7.7,8,7.5,8.8,7.3,6.9,7.8,/images/Jharkhand_Rai_University.png
"Nirmala College, Ranchi ",Jharkhand,Commerce,"17,000",--,8.5,9.2,8.1,8.9,8.7,7.3,8.8,"/images/Nirmala_College,_Ranchi.png"
Nilamber Pitamber University ,Jharkhand,Commerce,--,--,8.5,9,7.7,8.6,8.7,8.3,8.6,/images/Nilamber_Pitamber_University.png
Netaji Subhas University ,Jharkhand,Commerce,"40,000","50,000",9,9.5,9.4,8.7,9.2,8.5,8.7,/images/Netaji_Subhas_University.png
"Sai Nath University, Ranchi ",Jharkhand,Commerce,"5,000","10,000",6.8,7.4,6.7,6.8,6.9,6.9,6.3,"/images/Sai_Nath_University,_Ranchi.png"
Radha Govind University ,Jharkhand,Commerce,"6,000","9,000",8.6,8.9,8,8.7,8.9,8.4,8.5,/images/Radha_Govind_University.png
"Arka Jain University, Jamshedpur ",Jharkhand,Commerce,"3,00,000","58,000",8.1,8.1,7.7,8.1,8,7.5,9,"/images/Arka_Jain_University,_Jamshedpur.png"
"Amity University, Ranchi ",Jharkhand,Commerce,"76,000",--,7.8,8.2,7.5,8.5,7.2,7,8.2,"/images/Amity_University,_Ranchi.png"
Usha Martin University ,Jharkhand,Commerce,"1,06,000","36,000",7.6,8.5,6.5,8.8,6.8,7.9,7.1,/images/Usha_Martin_University.png
Doranda College ,Jharkhand,Commerce,745,"2,134",6.3,6.8,5.3,7.3,6.7,5,6.5,/images/Doranda_College.png
"ICFAI University, Ranchi ",Jharkhand,Commerce,"50,000",--,7.2,7.8,6.1,8.6,6.4,6.7,7.4,"/images/ICFAI_University,_Ranchi.png"
Sarala Birla University ,Jharkhand,Commerce,"46,800","42,200",8.5,8.6,8.3,8.4,8.8,8.4,8.2,/images/Sarala_Birla_University.png
"Marwari College, Ranchi ",Jharkhand,Commerce,"2,631","4,060",6.9,8.1,5.2,7.9,6.8,6.9,6.7,"/images/Marwari_College,_Ranchi.png"
Capital University ,Jharkhand,Commerce,"1,10,000",--,8.2,8.3,8.1,8,8.3,8.1,8.1,/images/Capital_University.png
Ramchandra Chandravansi University ,Jharkhand,Commerce,"6,000",--,5.7,7,--,--,6,4,--,/images/Ramchandra_Chandravansi_University.png
"Coxtan Administrative & Management College, Dhanbad ",Jharkhand,Commerce,"12,000","20,000",--,--,--,--,--,--,--,"/images/Coxtan_Administrative_&_Management_College,_Dhanbad.png"
"Annada College, Hazaribagh ",Jharkhand,Commerce,"4,720",--,6.9,8.1,5.3,7.4,7.3,6.2,7.2,"/images/Annada_College,_Hazaribagh.png"
"B.S.K. College, Barharwa, Sahibganj ",Jharkhand,Commerce,--,--,6.8,8.2,5.8,8.3,7,4.2,7.5,"/images/B.S.K._College,_Barharwa,_Sahibganj.png"
"Gossner College, Ranchi ",Jharkhand,Commerce,"28,020",--,7.2,7.8,6.3,8.2,7.6,5.8,7.4,"/images/Gossner_College,_Ranchi.png"
Jagannath Jain College ,Jharkhand,Commerce,568,--,7.6,8.8,6.4,8.8,8.6,4.8,8.4,/images/Jagannath_Jain_College.png
"Jamshedpur Women's College, Jamshedpur ",Jharkhand,Commerce,"4,150","2,240",7.4,7.8,7.4,7.6,7.3,7.2,6.9,"/images/Jamshedpur_Women's_College,_Jamshedpur.png"
"KB Women's College, Hazaribagh ",Jharkhand,Commerce,"3,180",--,8.5,9,9,8,9,7.5,8.5,"/images/KB_Women's_College,_Hazaribagh.png"
Karim City College ,Jharkhand,Commerce,"27,500","3,060",7.4,7.9,6.4,8.4,7.6,6.1,8.1,/images/Karim_City_College.png
"PK Roy Memorial College, Dhanbad ",Jharkhand,Commerce,"2,822",960,6.4,7.1,5.4,7.1,6.8,5.2,6.6,"/images/PK_Roy_Memorial_College,_Dhanbad.png"
"Faculty of Management Sciences and Liberal Arts, ",Himachal pradesh,Commerce,"94,556",--,8.9,8.4,8.3,9.3,8.9,9,9.5,"/images/Faculty_of_Management_Sciences_and_Liberal_Arts,.png"
"St Bede's College, Shimla ",Himachal pradesh,Commerce,"35,450","34,450",7.9,8.3,8.3,7.7,8.5,7.1,7.6,"/images/St_Bede's_College,_Shimla.png"
Indus International University ,Himachal pradesh,Commerce,"45,000",--,6.8,8,7,7,6,7,6,/images/Indus_International_University.png
Dr YS Parmar University of Horticulture and ,Himachal pradesh,Commerce,"75,800",--,7.9,8.6,8.5,8.4,8.1,5.3,8.2,/images/Dr_YS_Parmar_University_of_Horticulture_and.png
Indian Institute of Management ,Himachal pradesh,Commerce,--,--,8.7,8.5,8.6,8.8,8.8,8.8,8.8,/images/Indian_Institute_of_Management.png
Maharishi Markandeshwar ,Himachal pradesh,Commerce,"76,000",--,8.6,9,8.2,8.9,8.2,8.4,8.9,/images/Maharishi_Markandeshwar.png
Eternal University ,Himachal pradesh,Commerce,"63,000",--,7.5,7.4,7.1,7.8,8.2,7.1,7.4,/images/Eternal_University.png
Baddi University of Emerging Sciences and Technologies ,Himachal pradesh,Commerce,"74,123",--,7.1,6.7,6.9,7.2,7.3,7,7.7,/images/Baddi_University_of_Emerging_Sciences_and_Technologies.png
IEC University Baddi ,Himachal pradesh,Commerce,"53,600",--,7.6,7.5,7.5,7.4,7.7,8,7.5,/images/IEC_University_Baddi.png
Career Point University ,Himachal pradesh,Commerce,"30,000","40,000",7.5,7.5,7.4,7,7.6,6.6,8.6,/images/Career_Point_University.png
Sri Sai University ,Himachal pradesh,Commerce,"40,000","45,000",7.4,7.3,6.3,8.2,7.7,6.8,8,/images/Sri_Sai_University.png
"Arni University, Kangra ",Himachal pradesh,Commerce,"2,00,000","30,000",8,8.2,7.4,8.1,8.4,7.7,8.4,"/images/Arni_University,_Kangra.png"
Bahra University ,Himachal pradesh,Commerce,"44,400",--,7.6,7.8,7.5,8,7.7,7,7.6,/images/Bahra_University.png
Maharaja Agrasen University ,Himachal pradesh,Commerce,"56,000","65,000",7.5,7.7,7.5,7.6,8.7,7,6.2,/images/Maharaja_Agrasen_University.png
"ICFAI University, Baddi ",Himachal pradesh,Commerce,"31,400","45,000",8,9,7,8,8,8,8,"/images/ICFAI_University,_Baddi.png"
Manav Bharti University ,Himachal pradesh,Commerce,"30,000","50,000",6.2,5.3,4.7,6.7,7,6.3,7,/images/Manav_Bharti_University.png
"Bells Institute of Management & Technology, Shimla ",Himachal pradesh,Commerce,--,--,6.8,8,8,6,8,4,7,"/images/Bells_Institute_of_Management_&_Technology,_Shimla.png"
"Akal College of Economics, Commerce and Management, ",Himachal pradesh,Commerce,"63,000","55,000",--,--,--,--,--,--,--,"/images/Akal_College_of_Economics,_Commerce_and_Management,.png"
"GGDSD College, Palampur ",Himachal pradesh,Commerce,"15,190",--,--,--,--,--,--,--,--,"/images/GGDSD_College,_Palampur.png"
"Government Post Graduate College, Una ",Himachal pradesh,Commerce,--,--,8.6,9,8.3,8.3,9.5,7.5,8.7,"/images/Government_Post_Graduate_College,_Una.png"
"Lal Bahadur Shastri Government Degree College, Shimla ",Himachal pradesh,Commerce,--,--,--,--,--,--,--,--,--,"/images/Lal_Bahadur_Shastri_Government_Degree_College,_Shimla.png"
"MP Govt College, Una ",Himachal pradesh,Commerce,"3,125",--,4.5,5,3,7,5,3,4,"/images/MP_Govt_College,_Una.png"
"Pandit Sant Ram Government College, Kangra ",Himachal pradesh,Commerce,"2,068",--,7.8,9,7,9,7.7,5.3,8.5,"/images/Pandit_Sant_Ram_Government_College,_Kangra.png"
"Vallabh Government College, Mandi ",Himachal pradesh,Commerce,"2,340",--,7,8.4,6.7,8.1,6.9,3.8,8,"/images/Vallabh_Government_College,_Mandi.png"
Himachal Pradesh University ,Himachal pradesh,Commerce,"4,580",--,7.2,7.7,6.7,7.7,7.3,6.1,7.7,/images/Himachal_Pradesh_University.png
Swami Vivekanand Government College ,Himachal pradesh,Commerce,"2,434",--,8.1,8.7,8,9.5,8.3,5,9,/images/Swami_Vivekanand_Government_College.png
"Government College, Kangra ",Himachal pradesh,Commerce,"2,850",--,7.2,7.8,6.8,8,7.4,5.5,7.5,"/images/Government_College,_Kangra.png"
"Government Post Graduate College, Chamba ",Himachal pradesh,Commerce,"1,591",--,5.8,7.6,4.8,7.3,7,4,4.3,"/images/Government_Post_Graduate_College,_Chamba.png"
"University of Jammu, Jammu ",Jammu,Commerce,--,--,6.6,7.5,6.8,7.4,7.6,4.9,5.6,"/images/University_of_Jammu,_Jammu.png"
Sher-e-Kashmir University of Agricultural Sciences and Technology ,Jammu,Commerce,"60,000",--,7.4,8.4,7.4,7.7,8,5.9,7.2,/images/Sher-e-Kashmir_University_of_Agricultural_Sciences_and_Technology.png
"Government Degree College, Srinagar ",Jammu,Commerce,--,--,7.1,7.7,6.9,7.6,7,5.7,7.8,"/images/Government_Degree_College,_Srinagar.png"
Model Institute of Engineering and Technology ,Jammu,Commerce,"58,500",--,7.7,8.1,6.8,8.1,8,7.2,8,/images/Model_Institute_of_Engineering_and_Technology.png
Baldev Institute of Management Technology and Sciences ,Jammu,Commerce,--,--,--,--,--,--,--,--,--,/images/Baldev_Institute_of_Management_Technology_and_Sciences.png
Government College for Women ,Jammu,Commerce,"29,510",--,7.5,8.6,7.8,8.4,8.2,3.7,8.1,/images/Government_College_for_Women.png
"Government College for Women, Srinagar ",Jammu,Commerce,"4,536",--,6.8,7,7,7,8,3.5,8.5,"/images/Government_College_for_Women,_Srinagar.png"
"Government Degree College for Boys, Anantnag ",Jammu,Commerce,--,--,6.1,6.9,5.1,6.6,6.9,4.6,6.2,"/images/Government_Degree_College_for_Boys,_Anantnag.png"
"Government Degree College for Boys, Udhampur ",Jammu,Commerce,"6,170",--,6.6,6.7,5.7,7,6.7,5.3,8,"/images/Government_Degree_College_for_Boys,_Udhampur.png"
"Government Degree College, Doda ",Jammu,Commerce,--,--,6.7,--,--,--,--,--,--,"/images/Government_Degree_College,_Doda.png"
"Government Degree College, Kathua ",Jammu,Commerce,--,--,6.3,7,6.1,7.3,6.4,4.9,6.3,"/images/Government_Degree_College,_Kathua.png"
Sri Pratap Memorial Rajput College of Commerce ,Jammu,Commerce,"5,335",--,6.9,7.6,6.2,8.1,5.6,5.7,8.2,/images/Sri_Pratap_Memorial_Rajput_College_of_Commerce.png
Sant Rocha Singh Degree College ,Jammu,Commerce,--,--,--,--,--,--,--,--,--,/images/Sant_Rocha_Singh_Degree_College.png
Central University of Kashmir ,Jammu,Commerce,--,--,7.8,8.2,7.8,8.4,7.2,7.4,7.6,/images/Central_University_of_Kashmir.png
University of Kashmir ,Jammu,Commerce,"18,000","9,350",6.7,7,6.9,7.1,7.2,5.1,6.8,/images/University_of_Kashmir.png
"Gandhi Memorial College, Srinagar ",Jammu,Commerce,--,--,5.6,6.7,4.4,7.9,5.7,3.3,5.6,"/images/Gandhi_Memorial_College,_Srinagar.png"
"Government Degree College, Baramulla ",Jammu,Commerce,"2,644",--,7.4,8.2,6.4,8.4,8,6.3,7.3,"/images/Government_Degree_College,_Baramulla.png"
Government Degree College ,Jammu,Commerce,--,--,7.2,8.4,5.4,8.4,8.4,4.7,7.9,/images/Government_Degree_College.png
Government Degree College Pulwama ,Jammu,Commerce,"2,635",--,6.8,6.5,6,8,6.5,6.6,7.4,/images/Government_Degree_College_Pulwama.png
"Islamia College of Science and Commerce, Srinagar ",Jammu,Commerce,"6,480","14,780",7.3,8.1,7.2,7.8,7.7,5.7,7.5,"/images/Islamia_College_of_Science_and_Commerce,_Srinagar.png"
Sher-e-Kashmir University of Agricultural Sciences and Technology ,Jammu,Commerce,"54,366",--,7.7,8.4,7,8.4,7.4,7,7.9,/images/Sher-e-Kashmir_University_of_Agricultural_Sciences_and_Technology.png
"Directorate of Distance Education, University of Jammu, ",Jammu,Commerce,"6,405","7,290",7.4,8,6.6,8.4,7.6,6.4,7.6,"/images/Directorate_of_Distance_Education,_University_of_Jammu,.png"
"Government Degree College For Women, Baramulla ",Jammu,Commerce,"5,970",--,--,--,--,--,--,--,--,"/images/Government_Degree_College_For_Women,_Baramulla.png"
"Cluster University of Jammu, Jammu ",Jammu,Commerce,"36,380","35,680",8.5,8,--,--,--,--,--,"/images/Cluster_University_of_Jammu,_Jammu.png"
Cluster University of Srinagar ,Jammu,Commerce,"24,780",--,8.2,8.7,8.3,8.1,8.3,7.2,8.5,/images/Cluster_University_of_Srinagar.png
"Directorate of Distance Education, University Of Kashmir, ",Jammu,Commerce,"4,675",--,--,--,--,--,--,--,--,"/images/Directorate_of_Distance_Education,_University_Of_Kashmir,.png"
"University of Ladakh, Ladakh ",Jammu,Commerce,"21,050",--,--,--,--,--,--,--,--,"/images/University_of_Ladakh,_Ladakh.png"
Mehr Chand Mahajan Dayanand Anglo Vedic College ,Chandigarh,Commerce,"23,930","24,940",8.2,8.4,8,8.5,8.2,7.6,8.4,/images/Mehr_Chand_Mahajan_Dayanand_Anglo_Vedic_College.png
Panjab University ,Chandigarh,Commerce,"8,410","9,975",7.7,8.2,7.7,8,7.7,6.5,8.2,/images/Panjab_University.png
"University Business School, Panjab University ",Chandigarh,Commerce,"50,275",--,8.3,8.1,8.4,8.4,7.9,8.1,8.7,"/images/University_Business_School,_Panjab_University.png"
"University School of Business, Chandigarh University ",Chandigarh,Commerce,"1,05,000","60,000",9.1,9.1,8.8,9.1,9.2,9.3,8.9,"/images/University_School_of_Business,_Chandigarh_University.png"
DAV College ,Chandigarh,Commerce,"21,985","21,970",8,8.4,7.4,8.3,8,6.8,8.8,/images/DAV_College.png
Goswami Ganesh Dutt Sanatan Dharama College ,Chandigarh,Commerce,"24,500",--,8.1,8.6,7.6,8.5,8.1,7.1,8.8,/images/Goswami_Ganesh_Dutt_Sanatan_Dharama_College.png
"Post Graduate Government College, Chandigarh ",Chandigarh,Commerce,"20,110","21,200",7.7,8.4,7.3,8.4,7.4,6.5,7.9,"/images/Post_Graduate_Government_College,_Chandigarh.png"
"Post Graduate Government College for Girls, Chandigarh ",Chandigarh,Commerce,"20,110","21,200",8.1,8.6,8.4,8.9,8.2,6.1,8.5,"/images/Post_Graduate_Government_College_for_Girls,_Chandigarh.png"
"Guru Gobind Singh College for Women, Chandigarh ",Chandigarh,Commerce,"38,159","51,444",6.5,7.5,5.5,8.3,6,3.7,8,"/images/Guru_Gobind_Singh_College_for_Women,_Chandigarh.png"
"IITT Institutions, Chandigarh ",Chandigarh,Commerce,"46,850","38,850",--,--,--,--,--,--,--,"/images/IITT_Institutions,_Chandigarh.png"
"Dev Samaj College for Women, Chandigarh ",Chandigarh,Commerce,"24,240","24,760",8.3,8.3,8.7,9.4,8.3,6.5,8.4,"/images/Dev_Samaj_College_for_Women,_Chandigarh.png"
"Government College of Commerce and Business Administration, ",Chandigarh,Commerce,--,--,8.2,8.9,6.7,8.8,8.7,7.4,8.9,"/images/Government_College_of_Commerce_and_Business_Administration,.png"
"Artex Informatic Solutions, Chandigarh ",Chandigarh,Commerce,--,--,--,--,--,--,--,--,--,"/images/Artex_Informatic_Solutions,_Chandigarh.png"
"UEI Global, Chandigarh ",Chandigarh,Commerce,"35,000",--,8.3,8.2,8.3,8.3,8.5,8.5,8.2,"/images/UEI_Global,_Chandigarh.png"
Sri Guru Gobind Singh College ,Chandigarh,Commerce,"24,745","21,970",7.9,8.3,7.5,8.6,7.5,6.8,8.4,/images/Sri_Guru_Gobind_Singh_College.png
"PG Government College for Girls, Chandigarh ",Chandigarh,Commerce,"21,985","21,970",8.1,7.7,7.4,8.9,8.3,8.2,8,"/images/PG_Government_College_for_Girls,_Chandigarh.png"
"University School of Open Learning, Panjab University ",Chandigarh,Commerce,"15,690","16,775",7.8,8.6,6.5,8.6,7.9,7.2,8.2,"/images/University_School_of_Open_Learning,_Panjab_University.png"
"Institute of Distance & Online Learning, Chandigarh ",Chandigarh,Commerce,"20,400","20,400",--,--,--,--,--,--,--,"/images/Institute_of_Distance_&_Online_Learning,_Chandigarh.png"
Swami Vivekanand College of Management and Technology ,Chandigarh,Commerce,"32,000",--,8.3,9,8,--,8,8,--,/images/Swami_Vivekanand_College_of_Management_and_Technology.png
Swami Vivekanand Group Of Institutes ,Chandigarh,Commerce,"36,000","30,000",8.5,9,7.8,--,9,8.1,--,/images/Swami_Vivekanand_Group_Of_Institutes.png
Arya Vidyapeeth College ,Assam,Arts,"5,250","7,000",7.1,7.7,6.5,8.7,7,5,7.4,/images/Arya_Vidyapeeth_College.png
"Dispur College, Guwahati ",Assam,Arts,"8,890",--,6.1,6.9,4.6,7.4,6.3,4.5,7,"/images/Dispur_College,_Guwahati.png"
"Guwahati College, Guwahati ",Assam,Arts,--,--,6.8,7.1,5.8,7.8,6.6,5.9,7.3,"/images/Guwahati_College,_Guwahati.png"
"B. Borooah College, Guwahati ",Assam,Arts,"5,840",--,7.6,8.2,7.3,8.6,7.5,5.8,8.2,"/images/B._Borooah_College,_Guwahati.png"
"Handique Girls College, Guwahati ",Assam,Arts,"5,150",--,7.8,8.7,7,8.5,8.2,6.2,8.1,"/images/Handique_Girls_College,_Guwahati.png"
"Lalit Chandra Bharali College, Guwahati ",Assam,Arts,"5,060",--,7.1,7.5,6.8,7.8,8.3,5.2,6.8,"/images/Lalit_Chandra_Bharali_College,_Guwahati.png"
"Pragjyotish College, Guwahati ",Assam,Arts,"24,000","12,270",6.5,7.3,5.8,7.6,7.3,4.3,6.9,"/images/Pragjyotish_College,_Guwahati.png"
Indian Institute of Technology Guwahati,Assam,Arts,"18,150","30,350",8.6,8.6,8.2,8.1,9.1,8.4,8.9,/images/Indian_Institute_of_Technology_Guwahati.png
National Institute of Technology Silchar,Assam,Arts,"35,240",--,8.1,8.1,7.6,7.7,8.3,8.2,8.7,/images/National_Institute_of_Technology_Silchar.png
"Dibrugarh University, Dibrugarh ",Assam,Arts,"20,780","6,000",7.8,7.9,7.7,8,8.4,6.5,8.2,"/images/Dibrugarh_University,_Dibrugarh.png"
Tezpur University ,Assam,Arts,"50,186","39,186",8,8.2,8,7.9,8.8,6.7,8.5,/images/Tezpur_University.png
Royal Global University ,Assam,Arts,"66,000","66,000",7.6,7.8,6.6,8,9,6.5,7.7,/images/Royal_Global_University.png
Dibrugarh Hanumanbux Surajmal Kanoi College ,Assam,Arts,--,--,8,8.6,7.5,8.8,9.2,5.3,8.5,/images/Dibrugarh_Hanumanbux_Surajmal_Kanoi_College.png
Assam Don Bosco University ,Assam,Arts,"93,000","94,000",7.8,8.3,7.8,8.1,8.8,6.4,7.3,/images/Assam_Don_Bosco_University.png
Gauhati University ,Assam,Arts,"14,090","11,090",8.2,8.4,7.5,8.7,8.4,7.2,8.7,/images/Gauhati_University.png
Indian Institute of Information Technology Assam,Assam,Arts,"10,000",--,7.6,8.6,7,7.9,7.9,7.5,6.5,/images/Indian_Institute_of_Information_Technology_Assam.png
Assam Down Town University ,Assam,Arts,"90,000","60,000",8.2,8.4,7.6,8.4,8.2,7.8,8.6,/images/Assam_Down_Town_University.png
Central Institute of Technology ,Assam,Arts,--,--,7,7.4,5.5,7.7,8.2,5.3,8,/images/Central_Institute_of_Technology.png
NERIM Group of Institutions ,Assam,Arts,"65,200","65,200",7.1,7.7,6.1,7.5,7.8,6.9,6.6,/images/NERIM_Group_of_Institutions.png
"Assam Women's University, Jorhat ",Assam,Arts,"16,918","10,386",7.7,8.3,7.3,8.2,6.7,7.5,8.3,"/images/Assam_Women's_University,_Jorhat.png"
Asian Institute of Management and Technology ,Assam,Arts,"82,000",--,8.2,7.5,8,8.5,8.5,8.1,8.3,/images/Asian_Institute_of_Management_and_Technology.png
Tata Institute of Social Sciences ,Assam,Arts,"36,900","58,000",7.7,9,7.7,8.3,7,8,6.3,/images/Tata_Institute_of_Social_Sciences.png
Assam Rajiv Gandhi University of Cooperative Management ,Assam,Arts,"62,000",--,8.4,9,7.5,9,8.5,8,8.5,/images/Assam_Rajiv_Gandhi_University_of_Cooperative_Management.png
Anandaram Dhekial Phookan College ,Assam,Arts,--,--,8.2,9,7.2,8.8,9.2,6.2,8.6,/images/Anandaram_Dhekial_Phookan_College.png
Baosi Banikanta Kakati College ,Assam,Arts,--,--,8.7,9,9,--,--,--,--,/images/Baosi_Banikanta_Kakati_College.png
"BH College, Barpeta ",Assam,Arts,--,--,7.2,7.7,6.6,8.4,7.9,4.4,7.9,"/images/BH_College,_Barpeta.png"
"Bimala Prasad Chaliha College, Kamrup ",Assam,Arts,--,--,--,--,--,--,--,--,--,"/images/Bimala_Prasad_Chaliha_College,_Kamrup.png"
"Bagadhar Barahma Kishan College, Baksa ",Assam,Arts,"4,080",--,--,--,--,--,--,--,--,"/images/Bagadhar_Barahma_Kishan_College,_Baksa.png"
"Bahona College, Jorhat ",Assam,Arts,--,--,8.3,8.7,8,8.7,8.3,8.3,7.7,"/images/Bahona_College,_Jorhat.png"
"Bhattadev University, Pathsala ",Assam,Arts,"5,210","19,700",7.2,7.3,5.9,7.5,7.7,7.2,7.8,"/images/Bhattadev_University,_Pathsala.png"
"Magadh Mahila College, Patna ",Bihar,Arts,"6,257","12,500",7.8,8.5,7.3,9,8,6.1,7.8,"/images/Magadh_Mahila_College,_Patna.png"
Anugrah Narayan College ,Bihar,Arts,"30,000",--,6.8,7.5,5.4,7.5,7.7,5.5,7.4,/images/Anugrah_Narayan_College.png
Patna Women's College ,Bihar,Arts,"31,150",--,7.8,8.3,7.3,8.2,8.6,6.2,8.1,/images/Patna_Women's_College.png
Ram Krishna Dwarika College ,Bihar,Arts,"2,500",--,6.9,7.8,6.1,7.7,7,5.1,7.6,/images/Ram_Krishna_Dwarika_College.png
Ram Lakhan Singh Yadav College ,Bihar,Arts,--,--,--,--,--,--,--,--,--,/images/Ram_Lakhan_Singh_Yadav_College.png
"College of Commerce, Arts & Science, Patna ",Bihar,Arts,--,--,6.9,7.9,4.7,8.1,7.6,5.6,7.3,"/images/College_of_Commerce,_Arts_&_Science,_Patna.png"
Patna University ,Bihar,Arts,"8,200","6,620",7,7.6,6.2,8.2,7.3,5.1,7.4,/images/Patna_University.png
"Patna College, Patna ",Bihar,Arts,"1,858",--,6.3,7.5,5.3,7.3,6.5,4.6,6.4,"/images/Patna_College,_Patna.png"
Nalanda Open University ,Bihar,Arts,"2,400","4,400",7.3,9,5.8,8.3,7.2,5.4,7.8,/images/Nalanda_Open_University.png
"Bihar National College, Patna ",Bihar,Arts,--,--,6.3,7.7,5.6,7.6,5.8,4.3,6.9,"/images/Bihar_National_College,_Patna.png"
Indian Institute of Technology Patna,Bihar,Arts,"23,168",--,8,8.4,7.1,8.1,8.2,7.9,8.2,/images/Indian_Institute_of_Technology_Patna.png
"Gaya College, Gaya ",Bihar,Arts,"20,000","25,000",7.1,7.8,6,7.8,7.7,5.6,7.8,"/images/Gaya_College,_Gaya.png"
"T.N.B. College, Bhagalpur ",Bihar,Arts,"1,130",--,6.9,7.6,6.5,8.1,7,4.2,7.9,"/images/T.N.B._College,_Bhagalpur.png"
National Institute of Technology Patna,Bihar,Arts,"56,300",--,7.7,7.9,6.9,7.9,7.3,8,8,/images/National_Institute_of_Technology_Patna.png
Tilka Manjhi Bhagalpur University ,Bihar,Arts,"2,550",--,7.5,7.7,6.8,8.1,7.6,6.4,8.1,/images/Tilka_Manjhi_Bhagalpur_University.png
"Maltidhari College, Patna ",Bihar,Arts,"7,000",--,8.3,9,9,7,8,7,--,"/images/Maltidhari_College,_Patna.png"
Magadh University ,Bihar,Arts,"6,193",--,6,7.1,5,6.9,6.4,4.7,5.8,/images/Magadh_University.png
"St Xavier's College of Education, Patna ",Bihar,Arts,"5,000","5,000",7.8,8,8,8,7,8,8,"/images/St_Xavier's_College_of_Education,_Patna.png"
"Amity University, Patna ",Bihar,Arts,"72,000",--,7.8,8.5,7.2,7.8,7.7,7.8,7.9,"/images/Amity_University,_Patna.png"
Aryabhatta Knowledge University ,Bihar,Arts,--,--,8,8.7,7.1,8.1,8.3,7.6,8.1,/images/Aryabhatta_Knowledge_University.png
Gopal Narayan Singh University ,Bihar,Arts,"10,000","12,000",8.5,8.6,8.6,8.2,8.9,8.1,8.4,/images/Gopal_Narayan_Singh_University.png
Anugrah Memorial College ,Bihar,Arts,"2,524",--,6.4,7.3,4,9,8,4.3,5.7,/images/Anugrah_Memorial_College.png
Anugrah Narayan Singh College ,Bihar,Arts,--,--,5.8,5,5,6,7.5,5,6,/images/Anugrah_Narayan_Singh_College.png
"B.M.D. College, Vaishali ",Bihar,Arts,--,--,7.6,8.7,8,8.3,6.7,7.3,6.7,"/images/B.M.D._College,_Vaishali.png"
"Bhola Prasad Singh College, Gopalganj ",Bihar,Arts,--,--,--,--,--,--,--,--,--,"/images/Bhola_Prasad_Singh_College,_Gopalganj.png"
Bhuwaneshwari Dayal College ,Bihar,Arts,--,--,7.2,8.2,6.3,8.4,7.6,5.3,7.1,/images/Bhuwaneshwari_Dayal_College.png
"Bindeshwar Singh College , Patna ",Bihar,Arts,--,--,8.4,9.3,8.7,9.7,8.5,7.8,6.3,"/images/Bindeshwar_Singh_College_,_Patna.png"
"D.K. College, Buxar ",Bihar,Arts,--,--,7.7,8.3,7,8.7,8.7,6.7,7,"/images/D.K._College,_Buxar.png"
"Daudnagar College, Aurangabad ",Bihar,Arts,"2,700",--,5.4,7,2,9,5,2.5,7,"/images/Daudnagar_College,_Aurangabad.png"
Government Jamuna Prasad Verma Post Graduate Arts ,Chhattisgarh,Arts,"1,263","1,178",5.3,6,3,8,5,3,7,/images/Government_Jamuna_Prasad_Verma_Post_Graduate_Arts.png
"Government Mahaprabhu Vallabhacharya Post Graduate College, Mahasamund ",Chhattisgarh,Arts,"1,111","1,231",--,--,--,--,--,--,--,"/images/Government_Mahaprabhu_Vallabhacharya_Post_Graduate_College,_Mahasamund.png"
National Institute of Technology Raipur,Chhattisgarh,Arts,"28,000",--,7.4,7.8,6.4,7.5,7,7.7,8.1,/images/National_Institute_of_Technology_Raipur.png
"Mahant Laxminarayan Das College, Raipur ",Chhattisgarh,Arts,--,--,6.6,7,4,7.5,7,7,7,"/images/Mahant_Laxminarayan_Das_College,_Raipur.png"
Pt. Ravishankar Shukla University ,Chhattisgarh,Arts,"5,970","17,050",6.1,7,4.8,6.8,6.8,4.1,6.8,/images/Pt._Ravishankar_Shukla_University.png
"Kushabhau Thakre Patrakarita Avam Jansanchar Vishwavidyalaya, Raipur ",Chhattisgarh,Arts,"20,400","18,200",7,7.3,7,7,7,6.3,7.3,"/images/Kushabhau_Thakre_Patrakarita_Avam_Jansanchar_Vishwavidyalaya,_Raipur.png"
"MATS University, Raipur ",Chhattisgarh,Arts,"35,000","15,000",7.4,7.4,7,7.8,7.4,7.2,7.4,"/images/MATS_University,_Raipur.png"
Indian Institute of Technology Bhilai,Chhattisgarh,Arts,"40,300",--,7.7,8.1,6.6,7.8,7,7.6,8.8,/images/Indian_Institute_of_Technology_Bhilai.png
"Amity University, Raipur ",Chhattisgarh,Arts,"50,000","50,000",7.8,7.8,8.3,8,8,6.3,8.2,"/images/Amity_University,_Raipur.png"
International Institute of Information Technology ,Chhattisgarh,Arts,"80,150",--,8.2,8.1,8.6,7.6,8.7,7.6,8.6,/images/International_Institute_of_Information_Technology.png
"ITM University, Raipur ",Chhattisgarh,Arts,"74,000",--,7.4,8,6.4,7,8.3,7.2,7.6,"/images/ITM_University,_Raipur.png"
"ICFAI University, Raipur ",Chhattisgarh,Arts,"45,000","27,000",8.6,8.6,8.4,8.8,8.8,8.6,8.4,"/images/ICFAI_University,_Raipur.png"
Shri Rawatpura Sarkar University ,Chhattisgarh,Arts,"17,700","20,200",8.5,9,8,8.5,8.5,8.5,8.5,/images/Shri_Rawatpura_Sarkar_University.png
Maharishi University of Management and Technology Bilaspur ,Chhattisgarh,Arts,"9,000","11,000",6.4,7.5,7,6,7.5,5.3,5,/images/Maharishi_University_of_Management_and_Technology_Bilaspur.png
AAFT University of Media and Arts ,Chhattisgarh,Arts,"2,80,000","2,80,000",--,--,--,--,--,--,--,/images/AAFT_University_of_Media_and_Arts.png
"Rungta Group of Institutions Bhilai Campus, Bhilai ",Chhattisgarh,Arts,"17,000",--,8.6,9.1,8.7,7.9,9.2,9.1,7.6,"/images/Rungta_Group_of_Institutions_Bhilai_Campus,_Bhilai.png"
"ISBM University, Raipur ",Chhattisgarh,Arts,"16,900","17,900",--,--,--,--,--,--,--,"/images/ISBM_University,_Raipur.png"
"Disha College of Management Studies- [DCMS], Raipur ",Chhattisgarh,Arts,--,--,8,8,8,8.3,8.3,7.3,8,"/images/Disha_College_of_Management_Studies-_[DCMS],_Raipur.png"
OP Jindal University School Of Engineering ,Chhattisgarh,Arts,"1,00,000",--,6.7,7.1,6.4,7,7.1,6.1,6.6,/images/OP_Jindal_University_School_Of_Engineering.png
"MATS School of Business Studies, Raipur ",Chhattisgarh,Arts,"25,000",--,7.3,8.2,5.4,--,8.1,7.5,--,"/images/MATS_School_of_Business_Studies,_Raipur.png"
"Christ College, Bastar ",Chhattisgarh,Arts,--,--,7.7,--,--,9,--,5,9,"/images/Christ_College,_Bastar.png"
"D.L.S. P.G. College, Bilaspur ",Chhattisgarh,Arts,"6,000","5,000",--,--,--,--,--,--,--,"/images/D.L.S._P.G._College,_Bilaspur.png"
"Durga Mahavidyalaya, Raipur ",Chhattisgarh,Arts,--,--,4.7,5,4,5.3,4.3,3,6.3,"/images/Durga_Mahavidyalaya,_Raipur.png"
"Ghanshyam Singh Arya Kanya Mahavidyalaya, Durg ",Chhattisgarh,Arts,"3,300",--,--,--,--,--,--,--,--,"/images/Ghanshyam_Singh_Arya_Kanya_Mahavidyalaya,_Durg.png"
"Government DB Girl's Post Graduate College, Raipur ",Chhattisgarh,Arts,"1,780","1,852",3.9,6,--,4,4,2.5,3,"/images/Government_DB_Girl's_Post_Graduate_College,_Raipur.png"
"Government Digvijay Autonomous College, Rajnandgaon ",Chhattisgarh,Arts,--,--,--,--,--,--,--,--,--,"/images/Government_Digvijay_Autonomous_College,_Rajnandgaon.png"
"Government Maharishi Valmiki College, Kanker ",Chhattisgarh,Arts,713,773,--,--,--,--,--,--,--,"/images/Government_Maharishi_Valmiki_College,_Kanker.png"
"Government Ram Bhajan Rai NES College, Jashpur ",Chhattisgarh,Arts,--,--,--,--,--,--,--,--,--,"/images/Government_Ram_Bhajan_Rai_NES_College,_Jashpur.png"
"Government Shahid Kaushal Yadav College, Balod ",Chhattisgarh,Arts,--,--,--,--,--,--,--,--,--,"/images/Government_Shahid_Kaushal_Yadav_College,_Balod.png"
"Ranchi University, Ranchi ",Jharkhand,Arts,"2,850","2,350",7.5,7.9,6.8,8,8.3,6.2,7.8,"/images/Ranchi_University,_Ranchi.png"
St. Xavier's College ,Jharkhand,Arts,"24,300","32,300",8,8.5,7.5,8.3,8.4,6.9,8.2,/images/St._Xavier's_College.png
Central University of Jharkhand ,Jharkhand,Arts,"22,320","23,720",7.5,8.3,7.5,8.5,7.2,5.3,8.1,/images/Central_University_of_Jharkhand.png
"Sai Nath University, Ranchi ",Jharkhand,Arts,"58,000",--,6.8,7.4,6.7,6.8,6.9,6.9,6.3,"/images/Sai_Nath_University,_Ranchi.png"
"Ranchi Women's College, Ranchi ",Jharkhand,Arts,"2,350","2,850",7.4,8,7,8.1,7.1,6.9,7.5,"/images/Ranchi_Women's_College,_Ranchi.png"
"Nirmala College, Ranchi ",Jharkhand,Arts,"16,500",--,8.5,9.2,8.1,8.9,8.7,7.3,8.8,"/images/Nirmala_College,_Ranchi.png"
Doranda College ,Jharkhand,Arts,--,--,6.3,6.8,5.3,7.3,6.7,5,6.5,/images/Doranda_College.png
"Marwari College, Ranchi ",Jharkhand,Arts,"7,455",--,6.9,8.1,5.2,7.9,6.8,6.9,6.7,"/images/Marwari_College,_Ranchi.png"
Indian Institute of Management ,Jharkhand,Arts,--,--,9,8.8,8.9,9.4,8.3,9.3,9.5,/images/Indian_Institute_of_Management.png
YBN University ,Jharkhand,Arts,"25,600","1,01,650",8.2,8.5,7.5,8.5,8,8.3,8.4,/images/YBN_University.png
"RKDF University, Ranchi ",Jharkhand,Arts,"30,000","40,000",--,--,--,--,--,--,--,"/images/RKDF_University,_Ranchi.png"
Nilamber Pitamber University ,Jharkhand,Arts,--,--,8.5,9,7.7,8.6,8.7,8.3,8.6,/images/Nilamber_Pitamber_University.png
Netaji Subhas University ,Jharkhand,Arts,"40,000","30,000",9,9.5,9.4,8.7,9.2,8.5,8.7,/images/Netaji_Subhas_University.png
Radha Govind University ,Jharkhand,Arts,"20,000","10,000",8.6,8.9,8,8.7,8.9,8.4,8.5,/images/Radha_Govind_University.png
National Institute of Foundry & Forge Technology ,Jharkhand,Arts,"33,400",--,8.4,8.1,7.9,8.5,8.4,8.8,8.4,/images/National_Institute_of_Foundry_&_Forge_Technology.png
"Arka Jain University, Jamshedpur ",Jharkhand,Arts,"3,00,000","53,000",8.1,8.1,7.7,8.1,8,7.5,9,"/images/Arka_Jain_University,_Jamshedpur.png"
"Amity University, Ranchi ",Jharkhand,Arts,"71,000",--,7.8,8.2,7.5,8.5,7.2,7,8.2,"/images/Amity_University,_Ranchi.png"
Usha Martin University ,Jharkhand,Arts,"1,06,000","33,000",7.6,8.5,6.5,8.8,6.8,7.9,7.1,/images/Usha_Martin_University.png
"ICFAI University, Ranchi ",Jharkhand,Arts,"40,000",--,7.2,7.8,6.1,8.6,6.4,6.7,7.4,"/images/ICFAI_University,_Ranchi.png"
Sarala Birla University ,Jharkhand,Arts,"47,300","40,800",8.5,8.6,8.3,8.4,8.8,8.4,8.2,/images/Sarala_Birla_University.png
Capital University ,Jharkhand,Arts,"1,10,000",--,8.2,8.3,8.1,8,8.3,8.1,8.1,/images/Capital_University.png
Ramchandra Chandravansi University ,Jharkhand,Arts,"25,000",--,5.7,7,--,--,6,4,--,/images/Ramchandra_Chandravansi_University.png
"Coxtan Administrative & Management College, Dhanbad ",Jharkhand,Arts,"12,000","18,000",--,--,--,--,--,--,--,"/images/Coxtan_Administrative_&_Management_College,_Dhanbad.png"
"Annada College, Hazaribagh ",Jharkhand,Arts,"4,720",--,6.9,8.1,5.3,7.4,7.3,6.2,7.2,"/images/Annada_College,_Hazaribagh.png"
"B.S.K. College, Barharwa, Sahibganj ",Jharkhand,Arts,--,--,6.8,8.2,5.8,8.3,7,4.2,7.5,"/images/B.S.K._College,_Barharwa,_Sahibganj.png"
"Chatra College, Chatra ",Jharkhand,Arts,--,--,5,2,6,6,2,8,6,"/images/Chatra_College,_Chatra.png"
"Gossner College, Ranchi ",Jharkhand,Arts,"8,450","30,420",7.2,7.8,6.3,8.2,7.6,5.8,7.4,"/images/Gossner_College,_Ranchi.png"
Jagannath Jain College ,Jharkhand,Arts,568,--,7.6,8.8,6.4,8.8,8.6,4.8,8.4,/images/Jagannath_Jain_College.png
"Jamshedpur Women's College, Jamshedpur ",Jharkhand,Arts,"2,680","4,450",7.4,7.8,7.4,7.6,7.3,7.2,6.9,"/images/Jamshedpur_Women's_College,_Jamshedpur.png"
Indian Institute of Technology Mandi,Himachal pradesh,Arts,"23,500","23,500",7.8,7.8,8,7.7,7.5,7.5,8.1,/images/Indian_Institute_of_Technology_Mandi.png
"Faculty of Management Sciences and Liberal Arts, ",Himachal pradesh,Arts,"1,11,100","1,51,500",8.9,8.4,8.3,9.3,8.9,9,9.5,"/images/Faculty_of_Management_Sciences_and_Liberal_Arts,.png"
"St Bede's College, Shimla ",Himachal pradesh,Arts,"25,350","34,450",7.9,8.3,8.3,7.7,8.5,7.1,7.6,"/images/St_Bede's_College,_Shimla.png"
Indus International University ,Himachal pradesh,Arts,"42,000","38,000",6.8,8,7,7,6,7,6,/images/Indus_International_University.png
Jaypee University of Information Technology ,Himachal pradesh,Arts,"50,000",--,7.9,8,8.4,7,8.7,7.9,7.6,/images/Jaypee_University_of_Information_Technology.png
"Shoolini University, Solan ",Himachal pradesh,Arts,"1,11,100","94,556",8.3,8.4,7.6,8.4,8.6,8.3,8.7,"/images/Shoolini_University,_Solan.png"
Eternal University ,Himachal pradesh,Arts,"73,000","40,000",7.5,7.4,7.1,7.8,8.2,7.1,7.4,/images/Eternal_University.png
Abhilashi University ,Himachal pradesh,Arts,"60,000","40,000",8.4,8.9,8.3,8.4,8.6,8.1,8.1,/images/Abhilashi_University.png
IEC University Baddi ,Himachal pradesh,Arts,"28,600","33,600",7.6,7.5,7.5,7.4,7.7,8,7.5,/images/IEC_University_Baddi.png
Career Point University ,Himachal pradesh,Arts,"65,000","20,000",7.5,7.5,7.4,7,7.6,6.6,8.6,/images/Career_Point_University.png
Sri Sai University ,Himachal pradesh,Arts,"35,000","10,000",7.4,7.3,6.3,8.2,7.7,6.8,8,/images/Sri_Sai_University.png
"Arni University, Kangra ",Himachal pradesh,Arts,"25,000","20,000",8,8.2,7.4,8.1,8.4,7.7,8.4,"/images/Arni_University,_Kangra.png"
Bahra University ,Himachal pradesh,Arts,"60,000",--,7.6,7.8,7.5,8,7.7,7,7.6,/images/Bahra_University.png
"AP Goyal Shimla University, Shimla ",Himachal pradesh,Arts,"60,000",--,7.4,7,6.8,7.7,8,7.5,7.3,"/images/AP_Goyal_Shimla_University,_Shimla.png"
Maharaja Agrasen University ,Himachal pradesh,Arts,--,--,7.5,7.7,7.5,7.6,8.7,7,6.2,/images/Maharaja_Agrasen_University.png
Manav Bharti University ,Himachal pradesh,Arts,"25,000","36,000",6.2,5.3,4.7,6.7,7,6.3,7,/images/Manav_Bharti_University.png
"Akal College of Economics, Commerce and Management, ",Himachal pradesh,Arts,"73,000",--,--,--,--,--,--,--,--,"/images/Akal_College_of_Economics,_Commerce_and_Management,.png"
Baba Balak Nath Post Graduate College ,Himachal pradesh,Arts,"2,955",--,8,--,--,--,--,--,--,/images/Baba_Balak_Nath_Post_Graduate_College.png
"GGDSD College, Palampur ",Himachal pradesh,Arts,"15,190",--,--,--,--,--,--,--,--,"/images/GGDSD_College,_Palampur.png"
"Government Post Graduate College, Una ",Himachal pradesh,Arts,"4,219",--,8.6,9,8.3,8.3,9.5,7.5,8.7,"/images/Government_Post_Graduate_College,_Una.png"
"Lal Bahadur Shastri Government Degree College, Shimla ",Himachal pradesh,Arts,--,--,--,--,--,--,--,--,--,"/images/Lal_Bahadur_Shastri_Government_Degree_College,_Shimla.png"
"MP Govt College, Una ",Himachal pradesh,Arts,"3,125",--,4.5,5,3,7,5,3,4,"/images/MP_Govt_College,_Una.png"
"Pandit Sant Ram Government College, Kangra ",Himachal pradesh,Arts,"2,144",--,7.8,9,7,9,7.7,5.3,8.5,"/images/Pandit_Sant_Ram_Government_College,_Kangra.png"
"Vallabh Government College, Mandi ",Himachal pradesh,Arts,"2,160",--,7,8.4,6.7,8.1,6.9,3.8,8,"/images/Vallabh_Government_College,_Mandi.png"
Deer Park Institute ,Himachal pradesh,Arts,--,--,9.2,9,9,--,--,--,--,/images/Deer_Park_Institute.png
"KLB DAV College for Girls, Kangra ",Himachal pradesh,Arts,--,--,--,--,--,--,--,--,--,"/images/KLB_DAV_College_for_Girls,_Kangra.png"
Himachal Pradesh University ,Himachal pradesh,Arts,"5,800","6,480",7.2,7.7,6.7,7.7,7.3,6.1,7.7,/images/Himachal_Pradesh_University.png
Swami Vivekanand Government College ,Himachal pradesh,Arts,"2,434",--,8.1,8.7,8,9.5,8.3,5,9,/images/Swami_Vivekanand_Government_College.png
"Government College, Kangra ",Himachal pradesh,Arts,"2,850",--,7.2,7.8,6.8,8,7.4,5.5,7.5,"/images/Government_College,_Kangra.png"
"Government Post Graduate College, Chamba ",Himachal pradesh,Arts,"1,576","1,586",5.8,7.6,4.8,7.3,7,4,4.3,"/images/Government_Post_Graduate_College,_Chamba.png"
"Government Degree College, Srinagar ",Jammu,Arts,--,--,7.1,7.7,6.9,7.6,7,5.7,7.8,"/images/Government_Degree_College,_Srinagar.png"
Shri Mata Vaishno Devi University ,Jammu,Arts,"81,750","92,750",7.6,7.5,7.9,7,8.3,6.7,8.3,/images/Shri_Mata_Vaishno_Devi_University.png
Central Institute of Temperate Horticultural ,Jammu,Arts,--,--,--,--,--,--,--,--,--,/images/Central_Institute_of_Temperate_Horticultural.png
"University of Jammu, Jammu ",Jammu,Arts,--,--,6.6,7.5,6.8,7.4,7.6,4.9,5.6,"/images/University_of_Jammu,_Jammu.png"
Indian Institute of Technology Jammu,Jammu,Arts,"40,750",--,8.3,8.9,8.8,8,7.8,7.6,8.6,/images/Indian_Institute_of_Technology_Jammu.png
Islamic University of Science and Technology ,Jammu,Arts,"52,200","36,200",7.4,8.4,6.9,8.2,8,5.5,7.2,/images/Islamic_University_of_Science_and_Technology.png
"Amar Singh Government Degree College, Srinagar ",Jammu,Arts,--,--,7.1,8.2,6.2,8.6,7.6,5.2,6.9,"/images/Amar_Singh_Government_Degree_College,_Srinagar.png"
Government College for Women ,Jammu,Arts,"28,560",--,7.5,8.6,7.8,8.4,8.2,3.7,8.1,/images/Government_College_for_Women.png
"Government College for Women, Srinagar ",Jammu,Arts,"4,382",--,6.8,7,7,7,8,3.5,8.5,"/images/Government_College_for_Women,_Srinagar.png"
"Government Degree College, Jammu ",Jammu,Arts,"7,290",--,7,8,6.3,7.8,8,4.1,7.8,"/images/Government_Degree_College,_Jammu.png"
"Government Degree College for Boys, Anantnag ",Jammu,Arts,--,--,6.1,6.9,5.1,6.6,6.9,4.6,6.2,"/images/Government_Degree_College_for_Boys,_Anantnag.png"
"Government Degree College for Boys, Udhampur ",Jammu,Arts,"6,170",--,6.6,6.7,5.7,7,6.7,5.3,8,"/images/Government_Degree_College_for_Boys,_Udhampur.png"
"Government Degree College for Women, Anantnag ",Jammu,Arts,"2,530",--,8,9,6,9,9,7,8,"/images/Government_Degree_College_for_Women,_Anantnag.png"
"Government MAM College, Jammu ",Jammu,Arts,"5,028",--,7.1,7.4,6.3,8.3,7,5.1,8.4,"/images/Government_MAM_College,_Jammu.png"
"Jamia Tul Banat Saifni, Srinagar ",Jammu,Arts,"43,000",--,--,--,--,--,--,--,--,"/images/Jamia_Tul_Banat_Saifni,_Srinagar.png"
"Swami Vishwatamanand Saraswati Degree College, Rajauri ",Jammu,Arts,--,--,8.8,8,9,9,9,9,9,"/images/Swami_Vishwatamanand_Saraswati_Degree_College,_Rajauri.png"
"Government Degree College, Doda ",Jammu,Arts,--,--,6.7,--,--,--,--,--,--,"/images/Government_Degree_College,_Doda.png"
"Government Degree College, Kathua ",Jammu,Arts,--,--,6.3,7,6.1,7.3,6.4,4.9,6.3,"/images/Government_Degree_College,_Kathua.png"
"Baba Farid College of Education, Kathua ",Jammu,Arts,"36,500","31,300",--,--,--,--,--,--,--,"/images/Baba_Farid_College_of_Education,_Kathua.png"
Bhargava Degree College ,Jammu,Arts,--,--,--,--,--,--,--,--,--,/images/Bhargava_Degree_College.png
Baba Ghulam Shah Badshah University ,Jammu,Arts,"67,500","1,08,750",7.2,7.9,7.6,7.4,7.1,5.9,7.1,/images/Baba_Ghulam_Shah_Badshah_University.png
"Central University of Jammu, Jammu ",Jammu,Arts,"26,050","11,715",8.2,8.4,7.8,8.5,8.6,7.3,8.5,"/images/Central_University_of_Jammu,_Jammu.png"
Central University of Kashmir ,Jammu,Arts,"3,000","12,900",7.8,8.2,7.8,8.4,7.2,7.4,7.6,/images/Central_University_of_Kashmir.png
University of Kashmir ,Jammu,Arts,"9,350","4,750",6.7,7,6.9,7.1,7.2,5.1,6.8,/images/University_of_Kashmir.png
"Govt. Gandhi Memorial Science College, Jammu ",Jammu,Arts,--,--,6.7,7.3,6.1,7.9,6.8,4.2,7.6,"/images/Govt._Gandhi_Memorial_Science_College,_Jammu.png"
"Gandhi Memorial College, Srinagar ",Jammu,Arts,--,--,5.6,6.7,4.4,7.9,5.7,3.3,5.6,"/images/Gandhi_Memorial_College,_Srinagar.png"
"Government Degree College, Baramulla ",Jammu,Arts,"2,644",--,7.4,8.2,6.4,8.4,8,6.3,7.3,"/images/Government_Degree_College,_Baramulla.png"
Government Degree College ,Jammu,Arts,--,--,7.2,8.4,5.4,8.4,8.4,4.7,7.9,/images/Government_Degree_College.png
Government Degree College Pulwama ,Jammu,Arts,"2,450",--,6.8,6.5,6,8,6.5,6.6,7.4,/images/Government_Degree_College_Pulwama.png
"Islamia College of Science and Commerce, Srinagar ",Jammu,Arts,"12,185",--,7.3,8.1,7.2,7.8,7.7,5.7,7.5,"/images/Islamia_College_of_Science_and_Commerce,_Srinagar.png"
Mehr Chand Mahajan Dayanand Anglo Vedic College ,Chandigarh,Arts,"20,040","20,060",8.2,8.4,8,8.5,8.2,7.6,8.4,/images/Mehr_Chand_Mahajan_Dayanand_Anglo_Vedic_College.png
DAV College ,Chandigarh,Arts,"37,430","20,250",8,8.4,7.4,8.3,8,6.8,8.8,/images/DAV_College.png
"Post Graduate Government College for Girls, Chandigarh ",Chandigarh,Arts,"16,670","22,000",8.1,8.6,8.4,8.9,8.2,6.1,8.5,"/images/Post_Graduate_Government_College_for_Girls,_Chandigarh.png"
"Post Graduate Government College, Chandigarh ",Chandigarh,Arts,"16,670","18,400",7.7,8.4,7.3,8.4,7.4,6.5,7.9,"/images/Post_Graduate_Government_College,_Chandigarh.png"
Panjab University ,Chandigarh,Arts,"8,100","8,100",7.7,8.2,7.7,8,7.7,6.5,8.2,/images/Panjab_University.png
"Government Home Science College, Chandigarh ",Chandigarh,Arts,"27,731",--,9.1,8.7,9.3,9.3,8.7,8.7,9.7,"/images/Government_Home_Science_College,_Chandigarh.png"
"University School of Business, Chandigarh University ",Chandigarh,Arts,"70,000",--,9.1,9.1,8.8,9.1,9.2,9.3,8.9,"/images/University_School_of_Business,_Chandigarh_University.png"
Goswami Ganesh Dutt Sanatan Dharama College ,Chandigarh,Arts,"23,500",--,8.1,8.6,7.6,8.5,8.1,7.1,8.8,/images/Goswami_Ganesh_Dutt_Sanatan_Dharama_College.png
"Guru Gobind Singh College for Women, Chandigarh ",Chandigarh,Arts,"37,396","12,787",6.5,7.5,5.5,8.3,6,3.7,8,"/images/Guru_Gobind_Singh_College_for_Women,_Chandigarh.png"
"Dev Samaj College for Women, Chandigarh ",Chandigarh,Arts,"17,350","19,880",8.3,8.3,8.7,9.4,8.3,6.5,8.4,"/images/Dev_Samaj_College_for_Women,_Chandigarh.png"
Indian National Portage Association ,Chandigarh,Arts,"6,000","2,000",--,--,--,--,--,--,--,/images/Indian_National_Portage_Association.png
Regional Institute of English ,Chandigarh,Arts,"20,267","1,450",8.7,9,9,--,--,--,--,/images/Regional_Institute_of_English.png
"Pracheen Kala Kendra, Chandigarh ",Chandigarh,Arts,--,--,9.1,9.7,9,9.3,9.3,8.4,8.8,"/images/Pracheen_Kala_Kendra,_Chandigarh.png"
"Institute of Fine Arts, Chandigarh ",Chandigarh,Arts,"62,000","72,000",8,8.3,7.7,8.7,8,6,9,"/images/Institute_of_Fine_Arts,_Chandigarh.png"
"Dev Samaj College of Education, Chandigarh ",Chandigarh,Arts,--,--,8.9,9,8,9.5,8.5,9,9.5,"/images/Dev_Samaj_College_of_Education,_Chandigarh.png"
Swami Vivekanand College of Education ,Chandigarh,Arts,"24,000",--,9.3,--,--,--,--,--,--,/images/Swami_Vivekanand_College_of_Education.png
"Artex Informatic Solutions, Chandigarh ",Chandigarh,Arts,--,--,--,--,--,--,--,--,--,"/images/Artex_Informatic_Solutions,_Chandigarh.png"
Sri Guru Gobind Singh College ,Chandigarh,Arts,"20,425","20,250",7.9,8.3,7.5,8.6,7.5,6.8,8.4,/images/Sri_Guru_Gobind_Singh_College.png
"PG Government College for Girls, Chandigarh ",Chandigarh,Arts,"21,985","20,250",8.1,7.7,7.4,8.9,8.3,8.2,8,"/images/PG_Government_College_for_Girls,_Chandigarh.png"
Indian Institute of Fashion & Design ,Chandigarh,Arts,"1,44,000",--,8.4,8,8.4,8.7,8.3,8.6,8.4,/images/Indian_Institute_of_Fashion_&_Design.png
"University School of Open Learning, Panjab University ",Chandigarh,Arts,"16,190","17,450",7.8,8.6,6.5,8.6,7.9,7.2,8.2,"/images/University_School_of_Open_Learning,_Panjab_University.png"
"Institute of Distance & Online Learning, Chandigarh ",Chandigarh,Arts,"19,600","22,400",--,--,--,--,--,--,--,"/images/Institute_of_Distance_&_Online_Learning,_Chandigarh.png"
"Government College of Arts, Chandigarh ",Chandigarh,Arts,"7,130","9,780",7.7,--,--,7,--,6,--,"/images/Government_College_of_Arts,_Chandigarh.png"
Government Polytechnic for Women ,Chandigarh,Arts,"7,225",--,--,--,--,--,--,--,--,/images/Government_Polytechnic_for_Women.png
Swami Vivekanand College of Management and Technology ,Chandigarh,Arts,"10,000",--,8.3,9,8,--,8,8,--,/images/Swami_Vivekanand_College_of_Management_and_Technology.png
Swami Vivekanand Group Of Institutes ,Chandigarh,Arts,"30,000","30,000",8.5,9,7.8,--,9,8.1,--,/images/Swami_Vivekanand_Group_Of_Institutes.png
Institute of Hotel Management Catering Technology and ,Assam,Hotel-management,"1,10,250",--,8,8.1,7.6,8.5,8,8.5,7.4,/images/Institute_of_Hotel_Management_Catering_Technology_and.png
Royal Global University ,Assam,Hotel-management,"90,000","67,000",7.6,7.8,6.6,8,9,6.5,7.7,/images/Royal_Global_University.png
Assam Down Town University ,Assam,Hotel-management,"1,00,000","90,000",8.2,8.4,7.6,8.4,8.2,7.8,8.6,/images/Assam_Down_Town_University.png
"Jagiroad College, Marigaon ",Assam,Hotel-management,--,--,8,8.4,7.9,8.2,8.1,6.9,8.2,"/images/Jagiroad_College,_Marigaon.png"
"Sibsagar Commerce College, Sibsagar ",Assam,Hotel-management,500,--,7.1,7.5,5.5,8,7.5,6.5,7.3,"/images/Sibsagar_Commerce_College,_Sibsagar.png"
Third Eye College ,Assam,Hotel-management,--,--,7.4,9,4,9,9,6,7.5,/images/Third_Eye_College.png
AIHM Institute of tourism and hotel management ,Assam,Hotel-management,"30,000",--,--,--,--,--,--,--,--,/images/AIHM_Institute_of_tourism_and_hotel_management.png
Furkating College ,Assam,Hotel-management,--,--,--,--,--,--,--,--,--,/images/Furkating_College.png
Institute of Advanced Management ,Assam,Hotel-management,"1,30,000","70,000",--,--,--,--,--,--,--,/images/Institute_of_Advanced_Management.png
"Jettwings Group of Institutes, Guwahati ",Assam,Hotel-management,"1,01,000","1,76,000",--,--,--,--,--,--,--,"/images/Jettwings_Group_of_Institutes,_Guwahati.png"
"CEC, Guwahati ",Assam,Hotel-management,"15,000",--,--,--,--,--,--,--,--,"/images/CEC,_Guwahati.png"
Institute of Hotel Management ,Bihar,Hotel-management,"46,040","17,960",8.8,9.4,7.8,8.7,8.8,9.1,8.7,/images/Institute_of_Hotel_Management.png
"Admerit College, Patna ",Bihar,Hotel-management,"21,000",--,7.7,9,5.7,9.3,7.3,8.3,6.3,"/images/Admerit_College,_Patna.png"
"Patliputra University, Patna ",Bihar,Hotel-management,--,--,7.7,7.8,7.4,8.3,7.7,7,7.7,"/images/Patliputra_University,_Patna.png"
Institute of Hotel Management ,Bihar,Hotel-management,"1,09,950","45,000",--,--,--,--,--,--,--,/images/Institute_of_Hotel_Management.png
"K.K. University, Nalanda ",Bihar,Hotel-management,--,--,8.6,7,--,--,--,--,--,"/images/K.K._University,_Nalanda.png"
"Dr. Zakir Husain Institute, Patna ",Bihar,Hotel-management,"41,500",--,--,--,--,--,--,--,--,"/images/Dr._Zakir_Husain_Institute,_Patna.png"
"Patna Institute of Nursing and Paramedical Science, ",Bihar,Hotel-management,--,--,--,--,--,--,--,--,--,"/images/Patna_Institute_of_Nursing_and_Paramedical_Science,.png"
Shri Rawatpura Sarkar University ,Chhattisgarh,Hotel-management,"30,700","50,000",8.5,9,8,8.5,8.5,8.5,8.5,/images/Shri_Rawatpura_Sarkar_University.png
Maharishi University of Management and Technology Bilaspur ,Chhattisgarh,Hotel-management,"20,000",--,6.4,7.5,7,6,7.5,5.3,5,/images/Maharishi_University_of_Management_and_Technology_Bilaspur.png
"Government DB Girl's Post Graduate College, Raipur ",Chhattisgarh,Hotel-management,"1,630",--,3.9,6,--,4,4,2.5,3,"/images/Government_DB_Girl's_Post_Graduate_College,_Raipur.png"
"Korba Computer College, Korba ",Chhattisgarh,Hotel-management,--,--,--,--,--,--,--,--,--,"/images/Korba_Computer_College,_Korba.png"
"Bilaspur University- [BU], Bilaspur ",Chhattisgarh,Hotel-management,"33,410",--,6.9,7.5,5.6,7.7,6.8,6.5,7.5,"/images/Bilaspur_University-_[BU],_Bilaspur.png"
Birla Institute of Technology ,Jharkhand,Hotel-management,"1,88,000",--,8.1,8.3,7.6,7.9,8.3,8.1,8.4,/images/Birla_Institute_of_Technology.png
YBN University ,Jharkhand,Hotel-management,"49,600","36,600",8.2,8.5,7.5,8.5,8,8.3,8.4,/images/YBN_University.png
"RKDF University, Ranchi ",Jharkhand,Hotel-management,"1,00,000","20,000",--,--,--,--,--,--,--,"/images/RKDF_University,_Ranchi.png"
Radha Govind University ,Jharkhand,Hotel-management,"63,000",--,8.6,8.9,8,8.7,8.9,8.4,8.5,/images/Radha_Govind_University.png
"Institute of Management Studies, Ranchi University ",Jharkhand,Hotel-management,"60,000",--,8.1,8.6,6.8,8.6,7.8,8,8.8,"/images/Institute_of_Management_Studies,_Ranchi_University.png"
Institute of Science and Management ,Jharkhand,Hotel-management,"2,80,000",--,8.5,8.8,7.5,8.8,9.2,8.2,8.5,/images/Institute_of_Science_and_Management.png
Capital University ,Jharkhand,Hotel-management,--,--,8.2,8.3,8.1,8,8.3,8.1,8.1,/images/Capital_University.png
Institute of Hotel Management ,Jharkhand,Hotel-management,"1,12,500","44,000",--,--,--,--,--,--,--,/images/Institute_of_Hotel_Management.png
"NIPS School of Hotel Management, Ranchi ",Jharkhand,Hotel-management,--,--,--,--,--,--,--,--,--,"/images/NIPS_School_of_Hotel_Management,_Ranchi.png"
Institute of Hotel Management Catering and Nutrition ,Himachal pradesh,Hotel-management,"36,650","1,06,900",8.2,8.4,7.6,8.7,8.3,8.5,7.9,/images/Institute_of_Hotel_Management_Catering_and_Nutrition.png
Heritage Institute of Hotel and Tourism ,Himachal pradesh,Hotel-management,"3,30,000","90,000",8.8,8.7,9.3,9,8,9,9,/images/Heritage_Institute_of_Hotel_and_Tourism.png
"Faculty of Management Sciences and Liberal Arts, ",Himachal pradesh,Hotel-management,"1,57,460",--,8.9,8.4,8.3,9.3,8.9,9,9.5,"/images/Faculty_of_Management_Sciences_and_Liberal_Arts,.png"
Indus International University ,Himachal pradesh,Hotel-management,"90,000",--,6.8,8,7,7,6,7,6,/images/Indus_International_University.png
Chaudhary Sarwan Kumar Himachal Pradesh Krishi Vishvavidyalaya ,Himachal pradesh,Hotel-management,"66,376",--,8.7,9.2,8.4,8.7,8.8,8.4,8.7,/images/Chaudhary_Sarwan_Kumar_Himachal_Pradesh_Krishi_Vishvavidyalaya.png
"Shoolini University, Solan ",Himachal pradesh,Hotel-management,"1,57,460",--,8.3,8.4,7.6,8.4,8.6,8.3,8.7,"/images/Shoolini_University,_Solan.png"
Maharishi Markandeshwar ,Himachal pradesh,Hotel-management,"85,500","43,500",8.6,9,8.2,8.9,8.2,8.4,8.9,/images/Maharishi_Markandeshwar.png
Baddi University of Emerging Sciences and Technologies ,Himachal pradesh,Hotel-management,"60,847",--,7.1,6.7,6.9,7.2,7.3,7,7.7,/images/Baddi_University_of_Emerging_Sciences_and_Technologies.png
IEC University Baddi ,Himachal pradesh,Hotel-management,"43,600","43,600",7.6,7.5,7.5,7.4,7.7,8,7.5,/images/IEC_University_Baddi.png
Career Point University ,Himachal pradesh,Hotel-management,"41,000","63,000",7.5,7.5,7.4,7,7.6,6.6,8.6,/images/Career_Point_University.png
Sri Sai University ,Himachal pradesh,Hotel-management,"60,000",--,7.4,7.3,6.3,8.2,7.7,6.8,8,/images/Sri_Sai_University.png
"Arni University, Kangra ",Himachal pradesh,Hotel-management,"65,000",--,8,8.2,7.4,8.1,8.4,7.7,8.4,"/images/Arni_University,_Kangra.png"
Bahra University ,Himachal pradesh,Hotel-management,"69,650",--,7.6,7.8,7.5,8,7.7,7,7.6,/images/Bahra_University.png
Maharaja Agrasen University ,Himachal pradesh,Hotel-management,"70,000","35,000",7.5,7.7,7.5,7.6,8.7,7,6.2,/images/Maharaja_Agrasen_University.png
Himachal Institute of Engineering and Technology ,Himachal pradesh,Hotel-management,"67,500",--,7.5,8.7,6.2,7.8,7.4,6.6,8,/images/Himachal_Institute_of_Engineering_and_Technology.png
"Chitkara University, Solan ",Himachal pradesh,Hotel-management,"1,10,000",--,8.2,8.2,7.5,8.2,8.4,8.8,8.3,"/images/Chitkara_University,_Solan.png"
"Bells Institute of Management & Technology, Shimla ",Himachal pradesh,Hotel-management,"60,000",--,6.8,8,8,6,8,4,7,"/images/Bells_Institute_of_Management_&_Technology,_Shimla.png"
Arni School of Hospitality and Tourism Management ,Himachal pradesh,Hotel-management,"62,000",--,--,--,--,--,--,--,--,/images/Arni_School_of_Hospitality_and_Tourism_Management.png
College of Basic Sciences ,Himachal pradesh,Hotel-management,"53,676",--,--,--,--,--,--,--,--,/images/College_of_Basic_Sciences.png
State Institute of Hotel Management Catering Technology ,Himachal pradesh,Hotel-management,"1,06,900",--,9.1,--,--,--,--,--,--,/images/State_Institute_of_Hotel_Management_Catering_Technology.png
Himachal Pradesh Technical University ,Himachal pradesh,Hotel-management,--,--,8.2,8.3,7.5,8.5,8.4,8.1,8.4,/images/Himachal_Pradesh_Technical_University.png
Himachal Pradesh University ,Himachal pradesh,Hotel-management,--,--,7.2,7.7,6.7,7.7,7.3,6.1,7.7,/images/Himachal_Pradesh_University.png
"SHEDS College of Hospitality Management, Solan ",Himachal pradesh,Hotel-management,--,--,--,--,--,--,--,--,--,"/images/SHEDS_College_of_Hospitality_Management,_Solan.png"
"KC Group of Institutions, Una ",Himachal pradesh,Hotel-management,--,--,--,--,--,--,--,--,--,"/images/KC_Group_of_Institutions,_Una.png"
Institute of Hotel Management Catering Technology and ,Jammu,Hotel-management,"1,06,900",--,7.2,7,8,7.8,8,7,5.3,/images/Institute_of_Hotel_Management_Catering_Technology_and.png
"Government College for Women, Srinagar ",Jammu,Hotel-management,"5,000",--,6.8,7,7,7,8,3.5,8.5,"/images/Government_College_for_Women,_Srinagar.png"
Baba Ghulam Shah Badshah University ,Jammu,Hotel-management,"12,000",--,7.2,7.9,7.6,7.4,7.1,5.9,7.1,/images/Baba_Ghulam_Shah_Badshah_University.png
Central University of Kashmir ,Jammu,Hotel-management,"30,000",--,7.8,8.2,7.8,8.4,7.2,7.4,7.6,/images/Central_University_of_Kashmir.png
Dr.Ambedkar Institute of Hotel Management Catering and ,Chandigarh,Hotel-management,"1,22,460","29,770",8.4,8.8,7.7,8.8,8.4,8.7,7.7,/images/Dr.Ambedkar_Institute_of_Hotel_Management_Catering_and.png
Chandigarh Institute of Hotel Management and Catering ,Chandigarh,Hotel-management,"3,00,000","29,900",8.3,8.8,8.3,7.9,8.9,8.7,7,/images/Chandigarh_Institute_of_Hotel_Management_and_Catering.png
"Chitkara School of Hospitality -[CSH], Chandigarh ",Chandigarh,Hotel-management,"1,07,020",--,8.4,8.7,7,9,8.3,8.7,8.5,"/images/Chitkara_School_of_Hospitality_-[CSH],_Chandigarh.png"
Hotel & Catering Management Institute ,Chandigarh,Hotel-management,"94,000","94,000",--,--,--,--,--,--,--,/images/Hotel_&_Catering_Management_Institute.png
Panjab University ,Chandigarh,Hotel-management,--,--,7.7,8.2,7.7,8,7.7,6.5,8.2,/images/Panjab_University.png
"IITT Institutions, Chandigarh ",Chandigarh,Hotel-management,"50,850","50,000",--,--,--,--,--,--,--,"/images/IITT_Institutions,_Chandigarh.png"
Indira Gandhi Institute of Aeronautics ,Chandigarh,Hotel-management,--,--,8.8,--,--,--,--,--,--,/images/Indira_Gandhi_Institute_of_Aeronautics.png
"UEI Global, Chandigarh ",Chandigarh,Hotel-management,"3,26,000","1,48,000",8.3,8.2,8.3,8.3,8.5,8.5,8.2,"/images/UEI_Global,_Chandigarh.png"
Swami Vivekanand Group Of Institutes ,Chandigarh,Hotel-management,"50,000",--,8.5,9,7.8,--,9,8.1,--,/images/Swami_Vivekanand_Group_Of_Institutes.png
Assam Agricultural University ,Assam,Agriculture,"13,150","19,590",8.1,8.3,7.6,8.3,8.5,7.6,8.2,/images/Assam_Agricultural_University.png
"Dibrugarh University, Dibrugarh ",Assam,Agriculture,"32,380",--,7.8,7.9,7.7,8,8.4,6.5,8.2,"/images/Dibrugarh_University,_Dibrugarh.png"
Institute of Hotel Management Catering Technology and ,Assam,Agriculture,--,--,8,8.1,7.6,8.5,8,8.5,7.4,/images/Institute_of_Hotel_Management_Catering_Technology_and.png
Tezpur University ,Assam,Agriculture,"32,377",--,8,8.2,8,7.9,8.8,6.7,8.5,/images/Tezpur_University.png
Royal Global University ,Assam,Agriculture,"47,000",--,7.6,7.8,6.6,8,9,6.5,7.7,/images/Royal_Global_University.png
Gauhati University ,Assam,Agriculture,"63,000",--,8.2,8.4,7.5,8.7,8.4,7.2,8.7,/images/Gauhati_University.png
Central Institute of Technology ,Assam,Agriculture,"70,200",--,7,7.4,5.5,7.7,8.2,5.3,8,/images/Central_Institute_of_Technology.png
"Bahona College, Jorhat ",Assam,Agriculture,--,--,8.3,8.7,8,8.7,8.3,8.3,7.7,"/images/Bahona_College,_Jorhat.png"
"Birjhora Kanya Mahavidyalaya, Bongaigaon ",Assam,Agriculture,--,--,--,--,--,--,--,--,--,"/images/Birjhora_Kanya_Mahavidyalaya,_Bongaigaon.png"
"Madhab Choudhury College, Barpeta ",Assam,Agriculture,"1,500",--,9.2,9.5,9,9.5,9,9,9,"/images/Madhab_Choudhury_College,_Barpeta.png"
Tyagbir Hem Baruah College ,Assam,Agriculture,--,--,--,--,--,--,--,--,--,/images/Tyagbir_Hem_Baruah_College.png
Krishna Kanta Handiqui State Open University ,Assam,Agriculture,"4,535",--,7.6,8.2,7.2,8.6,7.4,6.8,7.6,/images/Krishna_Kanta_Handiqui_State_Open_University.png
"Cotton University, Guwahati ",Assam,Agriculture,"7,450","35,220",7.7,8.4,7.1,8.3,7.6,6.1,8.5,"/images/Cotton_University,_Guwahati.png"
"Pub Kamrup College, Kamrup ",Assam,Agriculture,--,--,7.4,8,6.3,8.2,8.5,5.4,8,"/images/Pub_Kamrup_College,_Kamrup.png"
"North Lakhimpur College, Lakhimpur ",Assam,Agriculture,--,--,7,7.7,6.5,7.3,7.6,5.4,7.4,"/images/North_Lakhimpur_College,_Lakhimpur.png"
"Dr. Rajendra Prasad Central Agricultural University, Samastipur ",Bihar,Agriculture,"29,100","23,440",7.1,7.5,7.1,7.6,7.6,6.3,6.4,"/images/Dr._Rajendra_Prasad_Central_Agricultural_University,_Samastipur.png"
Bihar Agricultural University ,Bihar,Agriculture,"13,000","11,620",8.3,8.5,7.8,8.6,8.4,8.2,8.4,/images/Bihar_Agricultural_University.png
"Tirhut College of Agriculture, Muzaffarpur ",Bihar,Agriculture,"25,010",--,5.6,7,6,5.7,4.7,5.7,4.3,"/images/Tirhut_College_of_Agriculture,_Muzaffarpur.png"
Aryabhatta Knowledge University ,Bihar,Agriculture,--,--,8,8.7,7.1,8.1,8.3,7.6,8.1,/images/Aryabhatta_Knowledge_University.png
"Sandip University, Madhuban ",Bihar,Agriculture,"1,30,000",--,8.4,8.2,9,8.6,7.6,8.2,8.5,"/images/Sandip_University,_Madhuban.png"
Patna University ,Bihar,Agriculture,"15,000",--,7,7.6,6.2,8.2,7.3,5.1,7.4,/images/Patna_University.png
Gopal Narayan Singh University ,Bihar,Agriculture,"1,00,000","80,000",8.5,8.6,8.6,8.2,8.9,8.1,8.4,/images/Gopal_Narayan_Singh_University.png
Nalanda Open University ,Bihar,Agriculture,"1,650",--,7.3,9,5.8,8.3,7.2,5.4,7.8,/images/Nalanda_Open_University.png
Dr. C.V. Raman University ,Bihar,Agriculture,"60,000","25,000",--,--,--,--,--,--,--,/images/Dr._C.V._Raman_University.png
"H.D. Jain College, Arrah ",Bihar,Agriculture,"1,000",--,7,8.1,5.7,7.7,6.7,6.4,7.1,"/images/H.D._Jain_College,_Arrah.png"
"M.V. College, Buxar ",Bihar,Agriculture,"1,000",--,6.5,6.3,4.8,7.9,6.8,5.5,7.7,"/images/M.V._College,_Buxar.png"
"Bihar Veterinary College, Patna ",Bihar,Agriculture,--,--,7,8,9,8,7,5,5,"/images/Bihar_Veterinary_College,_Patna.png"
National Research Centre for Litchi ,Bihar,Agriculture,--,--,--,--,--,--,--,--,--,/images/National_Research_Centre_for_Litchi.png
BR Ambedkar Bihar University ,Bihar,Agriculture,--,--,7.7,7.9,7.5,8.1,7.6,7.2,8.1,/images/BR_Ambedkar_Bihar_University.png
"College of Basic Sciences & Humanities, Pusa ",Bihar,Agriculture,--,--,8.1,8.4,8.1,9,8.1,6.3,8.4,"/images/College_of_Basic_Sciences_&_Humanities,_Pusa.png"
"Patliputra University, Patna ",Bihar,Agriculture,--,--,7.7,7.8,7.4,8.3,7.7,7,7.7,"/images/Patliputra_University,_Patna.png"
"K.K. University, Nalanda ",Bihar,Agriculture,--,--,8.6,7,--,--,--,--,--,"/images/K.K._University,_Nalanda.png"
"Purnea University, Purnahiya ",Bihar,Agriculture,--,--,--,--,--,--,--,--,--,"/images/Purnea_University,_Purnahiya.png"
Indira Gandhi Krishi Vishwavidyalaya ,Chhattisgarh,Agriculture,"19,160","27,406",7.5,7.6,7.3,8.3,7.1,6.8,7.6,/images/Indira_Gandhi_Krishi_Vishwavidyalaya.png
"Bhartiya College of Agriculture and Agricultural Engineering, ",Chhattisgarh,Agriculture,--,--,--,--,--,--,--,--,--,"/images/Bhartiya_College_of_Agriculture_and_Agricultural_Engineering,.png"
Shaheed Gundadhur College of Agriculture and Research ,Chhattisgarh,Agriculture,--,--,--,--,--,--,--,--,--,/images/Shaheed_Gundadhur_College_of_Agriculture_and_Research.png
"RMD College of Agriculture and Research Station, ",Chhattisgarh,Agriculture,"5,000",--,--,--,--,--,--,--,--,"/images/RMD_College_of_Agriculture_and_Research_Station,.png"
Chhattisgarh Kamdhenu Vishwavidyalaya ,Chhattisgarh,Agriculture,"13,440",--,6.8,7,6.5,7,7,6,7,/images/Chhattisgarh_Kamdhenu_Vishwavidyalaya.png
Pt. Ravishankar Shukla University ,Chhattisgarh,Agriculture,"29,150","24,200",6.1,7,4.8,6.8,6.8,4.1,6.8,/images/Pt._Ravishankar_Shukla_University.png
Shri Rawatpura Sarkar University ,Chhattisgarh,Agriculture,--,--,8.5,9,8,8.5,8.5,8.5,8.5,/images/Shri_Rawatpura_Sarkar_University.png
"Bastar University, Bastar ",Chhattisgarh,Agriculture,"3,585",--,8,8,7.5,8.7,7.5,8.1,8.4,"/images/Bastar_University,_Bastar.png"
Birsa Agricultural University ,Jharkhand,Agriculture,"13,500","15,500",7.3,7.6,8.3,7.2,7.6,5,8.3,/images/Birsa_Agricultural_University.png
"Sai Nath University, Ranchi ",Jharkhand,Agriculture,"20,000","58,000",6.8,7.4,6.7,6.8,6.9,6.9,6.3,"/images/Sai_Nath_University,_Ranchi.png"
YBN University ,Jharkhand,Agriculture,"24,500","59,600",8.2,8.5,7.5,8.5,8,8.3,8.4,/images/YBN_University.png
"AISECT University, Hazaribagh ",Jharkhand,Agriculture,"36,000","36,000",9.9,--,--,--,--,--,--,"/images/AISECT_University,_Hazaribagh.png"
"RKDF University, Ranchi ",Jharkhand,Agriculture,"70,000","60,000",--,--,--,--,--,--,--,"/images/RKDF_University,_Ranchi.png"
Jharkhand Rai University ,Jharkhand,Agriculture,"1,28,000","1,15,000",7.7,8,7.5,8.8,7.3,6.9,7.8,/images/Jharkhand_Rai_University.png
Radha Govind University ,Jharkhand,Agriculture,"60,000","50,000",8.6,8.9,8,8.7,8.9,8.4,8.5,/images/Radha_Govind_University.png
Usha Martin University ,Jharkhand,Agriculture,"91,000",--,7.6,8.5,6.5,8.8,6.8,7.9,7.1,/images/Usha_Martin_University.png
Institute of Science and Management ,Jharkhand,Agriculture,--,--,8.5,8.8,7.5,8.8,9.2,8.2,8.5,/images/Institute_of_Science_and_Management.png
Capital University ,Jharkhand,Agriculture,"1,10,000",--,8.2,8.3,8.1,8,8.3,8.1,8.1,/images/Capital_University.png
"KB Women's College, Hazaribagh ",Jharkhand,Agriculture,"10,000",--,8.5,9,9,8,9,7.5,8.5,"/images/KB_Women's_College,_Hazaribagh.png"
"Faculty of Veterinary Science and Animal Husbandry, ",Jharkhand,Agriculture,--,--,8.1,8,8,8,8.5,8,8,"/images/Faculty_of_Veterinary_Science_and_Animal_Husbandry,.png"
"Dr. Shyama Prasad Mukherjee University, Ranchi ",Jharkhand,Agriculture,"22,000",--,6.5,7.2,5.2,6.8,6.9,6,7.1,"/images/Dr._Shyama_Prasad_Mukherjee_University,_Ranchi.png"
"Pragyan International University, Ranchi ",Jharkhand,Agriculture,--,--,--,--,--,--,--,--,--,"/images/Pragyan_International_University,_Ranchi.png"
Dr YS Parmar University of Horticulture and ,Himachal pradesh,Agriculture,"49,600","61,400",7.9,8.6,8.5,8.4,8.1,5.3,8.2,/images/Dr_YS_Parmar_University_of_Horticulture_and.png
Chaudhary Sarwan Kumar Himachal Pradesh Krishi Vishvavidyalaya ,Himachal pradesh,Agriculture,"26,376","48,218",8.7,9.2,8.4,8.7,8.8,8.4,8.7,/images/Chaudhary_Sarwan_Kumar_Himachal_Pradesh_Krishi_Vishvavidyalaya.png
"Shoolini University, Solan ",Himachal pradesh,Agriculture,"1,13,626","1,32,310",8.3,8.4,7.6,8.4,8.6,8.3,8.7,"/images/Shoolini_University,_Solan.png"
Maharishi Markandeshwar ,Himachal pradesh,Agriculture,"1,03,500","83,500",8.6,9,8.2,8.9,8.2,8.4,8.9,/images/Maharishi_Markandeshwar.png
Eternal University ,Himachal pradesh,Agriculture,"75,000","72,500",7.5,7.4,7.1,7.8,8.2,7.1,7.4,/images/Eternal_University.png
Abhilashi University ,Himachal pradesh,Agriculture,"70,000","80,000",8.4,8.9,8.3,8.4,8.6,8.1,8.1,/images/Abhilashi_University.png
Baddi University of Emerging Sciences and Technologies ,Himachal pradesh,Agriculture,"1,17,274",--,7.1,6.7,6.9,7.2,7.3,7,7.7,/images/Baddi_University_of_Emerging_Sciences_and_Technologies.png
"College of Agriculture, Palampur ",Himachal pradesh,Agriculture,"42,918","48,218",7.1,8.5,8,8,7.5,4,6.5,"/images/College_of_Agriculture,_Palampur.png"
State Institute of Hotel Management Catering Technology ,Himachal pradesh,Agriculture,"22,300",--,9.1,--,--,--,--,--,--,/images/State_Institute_of_Hotel_Management_Catering_Technology.png
Institute of Himalayan Bioresource Technology ,Himachal pradesh,Agriculture,--,--,8.1,8.5,7.9,8.5,8,7.8,8,/images/Institute_of_Himalayan_Bioresource_Technology.png
Akal College of Agriculture ,Himachal pradesh,Agriculture,"75,000","65,000",--,--,--,--,--,--,--,/images/Akal_College_of_Agriculture.png
Akal College of Basic Sciences ,Himachal pradesh,Agriculture,"75,000","72,500",--,--,--,--,--,--,--,/images/Akal_College_of_Basic_Sciences.png
Sher-e-Kashmir University of Agricultural Sciences and Technology ,Jammu,Agriculture,"31,400","30,600",7.4,8.4,7.4,7.7,8,5.9,7.2,/images/Sher-e-Kashmir_University_of_Agricultural_Sciences_and_Technology.png
"Government Degree College for Women, Anantnag ",Jammu,Agriculture,"3,930",--,8,9,6,9,9,7,8,"/images/Government_Degree_College_for_Women,_Anantnag.png"
University of Kashmir ,Jammu,Agriculture,--,--,6.7,7,6.9,7.1,7.2,5.1,6.8,/images/University_of_Kashmir.png
Sher-e-Kashmir University of Agricultural Sciences and Technology ,Jammu,Agriculture,"40,566","34,283",7.7,8.4,7,8.4,7.4,7,7.9,/images/Sher-e-Kashmir_University_of_Agricultural_Sciences_and_Technology.png
Panjab University ,Chandigarh,Agriculture,"34,923",--,7.7,8.2,7.7,8,7.7,6.5,8.2,/images/Panjab_University.png
Swami Vivekanand Group Of Institutes ,Chandigarh,Agriculture,"70,000",--,8.5,9,7.8,--,9,8.1,--,/images/Swami_Vivekanand_Group_Of_Institutes.png
Gauhati Medical College and Hospital ,Assam,Medical,--,--,8.5,8.6,7.7,8.5,8.3,9.3,8.3,/images/Gauhati_Medical_College_and_Hospital.png
Royal Global University ,Assam,Medical,"90,000","57,000",7.6,7.8,6.6,8,9,6.5,7.7,/images/Royal_Global_University.png
Gauhati University ,Assam,Medical,--,--,8.2,8.4,7.5,8.7,8.4,7.2,8.7,/images/Gauhati_University.png
Assam Down Town University ,Assam,Medical,"90,000","1,10,000",8.2,8.4,7.6,8.4,8.2,7.8,8.6,/images/Assam_Down_Town_University.png
"Assam Women's University, Jorhat ",Assam,Medical,"14,066","56,124",7.7,8.3,7.3,8.2,6.7,7.5,8.3,"/images/Assam_Women's_University,_Jorhat.png"
Assam Govt Homoeopathic Medical College and Hospital ,Assam,Medical,--,--,6,7,5,3,6,6,9,/images/Assam_Govt_Homoeopathic_Medical_College_and_Hospital.png
"Assam Medical College, Dibrugarh ",Assam,Medical,"25,000","25,000",8.8,9.3,8,8.8,8.1,9.5,8.8,"/images/Assam_Medical_College,_Dibrugarh.png"
Jorhat Medical College ,Assam,Medical,"17,500",--,8.1,8.3,7.8,8.3,7.9,8.2,8.1,/images/Jorhat_Medical_College.png
Silchar Medical College ,Assam,Medical,"22,000","17,670",8.5,8.3,7.8,8.9,8.5,8.7,8.7,/images/Silchar_Medical_College.png
Army Institute of Nursing ,Assam,Medical,"1,29,950",--,9.8,--,--,--,--,--,--,/images/Army_Institute_of_Nursing.png
Kaziranga University ,Assam,Medical,"80,500","1,10,500",7.5,7.3,6.7,8.1,7.4,7.2,8.1,/images/Kaziranga_University.png
Krishna Kanta Handiqui State Open University ,Assam,Medical,"11,235",--,7.6,8.2,7.2,8.6,7.4,6.8,7.6,/images/Krishna_Kanta_Handiqui_State_Open_University.png
Fakhruddin Ali Ahmed Medical College and Hospital ,Assam,Medical,"20,000",--,8.2,8.4,7.8,8.4,8,8.8,7.8,/images/Fakhruddin_Ali_Ahmed_Medical_College_and_Hospital.png
Tezpur Medical College & Hospital ,Assam,Medical,"27,075",--,7.9,8.8,5.8,8.7,7.8,--,--,/images/Tezpur_Medical_College_&_Hospital.png
"Pub Kamrup College, Kamrup ",Assam,Medical,"4,000","20,500",7.4,8,6.3,8.2,8.5,5.4,8,"/images/Pub_Kamrup_College,_Kamrup.png"
"Krishnaguru Adhyatmik Visvavidyalaya, Barpeta ",Assam,Medical,"70,000",--,--,--,--,--,--,--,--,"/images/Krishnaguru_Adhyatmik_Visvavidyalaya,_Barpeta.png"
"Mahapurusha Srimanta Sankaradeva Viswavidyalaya, Nagaon ",Assam,Medical,--,--,--,--,--,--,--,--,--,"/images/Mahapurusha_Srimanta_Sankaradeva_Viswavidyalaya,_Nagaon.png"
Srimanta Sankaradeva University of Health Sciences ,Assam,Medical,--,--,8.2,8.5,7.5,8.7,7.5,8.3,8.4,/images/Srimanta_Sankaradeva_University_of_Health_Sciences.png
"NEPEDS Group of Institutions, Guwahati ",Assam,Medical,--,--,--,--,--,--,--,--,--,"/images/NEPEDS_Group_of_Institutions,_Guwahati.png"
"PEWS Group of Institutions, Guwahati ",Assam,Medical,"90,000","1,10,000",--,--,--,--,--,--,--,"/images/PEWS_Group_of_Institutions,_Guwahati.png"
"Majuli University of Culture, Majuli ",Assam,Medical,"11,850",--,--,--,--,--,--,--,--,"/images/Majuli_University_of_Culture,_Majuli.png"
"Nalanda Medical College, Patna ",Bihar,Medical,--,--,7.7,7.8,7.1,7.8,8,8.1,7.5,"/images/Nalanda_Medical_College,_Patna.png"
Indira Gandhi Institute of Medical Sciences ,Bihar,Medical,"24,000","24,000",8.7,8.8,8.6,8.3,8.7,9.3,8.3,/images/Indira_Gandhi_Institute_of_Medical_Sciences.png
Tilka Manjhi Bhagalpur University ,Bihar,Medical,--,--,7.5,7.7,6.8,8.1,7.6,6.4,8.1,/images/Tilka_Manjhi_Bhagalpur_University.png
Magadh University ,Bihar,Medical,--,--,6,7.1,5,6.9,6.4,4.7,5.8,/images/Magadh_University.png
Aryabhatta Knowledge University ,Bihar,Medical,"42,000",--,8,8.7,7.1,8.1,8.3,7.6,8.1,/images/Aryabhatta_Knowledge_University.png
"College of Commerce, Arts & Science, Patna ",Bihar,Medical,--,--,6.9,7.9,4.7,8.1,7.6,5.6,7.3,"/images/College_of_Commerce,_Arts_&_Science,_Patna.png"
Patna University ,Bihar,Medical,"12,500",--,7,7.6,6.2,8.2,7.3,5.1,7.4,/images/Patna_University.png
Gopal Narayan Singh University ,Bihar,Medical,--,--,8.5,8.6,8.6,8.2,8.9,8.1,8.4,/images/Gopal_Narayan_Singh_University.png
Nalanda Open University ,Bihar,Medical,"5,500",--,7.3,9,5.8,8.3,7.2,5.4,7.8,/images/Nalanda_Open_University.png
"Al-Karim University, Katihar ",Bihar,Medical,"3,79,000","37,80,000",--,--,--,--,--,--,--,"/images/Al-Karim_University,_Katihar.png"
Dr. C.V. Raman University ,Bihar,Medical,"20,000",--,--,--,--,--,--,--,--,/images/Dr._C.V._Raman_University.png
Bhuwaneshwari Dayal College ,Bihar,Medical,--,--,7.2,8.2,6.3,8.4,7.6,5.3,7.1,/images/Bhuwaneshwari_Dayal_College.png
"H.D. Jain College, Arrah ",Bihar,Medical,"3,000","1,000",7,8.1,5.7,7.7,6.7,6.4,7.1,"/images/H.D._Jain_College,_Arrah.png"
"M.V. College, Buxar ",Bihar,Medical,"3,000","3,000",6.5,6.3,4.8,7.9,6.8,5.5,7.7,"/images/M.V._College,_Buxar.png"
Dr RB Singh Gaya Homoeopathic Medical College ,Bihar,Medical,"1,92,500",--,--,--,--,--,--,--,--,/images/Dr_RB_Singh_Gaya_Homoeopathic_Medical_College.png
Magadh Homoeopathic Medical College ,Bihar,Medical,--,--,--,--,--,--,--,--,--,/images/Magadh_Homoeopathic_Medical_College.png
Anugrah Narayan Magadh Medical College and Hospital ,Bihar,Medical,"9,700","1,600",7.6,7.8,7.1,8,6.2,9.2,7.5,/images/Anugrah_Narayan_Magadh_Medical_College_and_Hospital.png
"Darbhanga Medical College, Darbhanga ",Bihar,Medical,--,--,7.3,7.3,7,7.2,6.5,8.1,7.9,"/images/Darbhanga_Medical_College,_Darbhanga.png"
Jawaharlal Nehru Medical College ,Bihar,Medical,"61,500","82,30,000",8.3,8.3,8.2,8.2,8.1,8.6,8.4,/images/Jawaharlal_Nehru_Medical_College.png
"Katihar Medical College, Katihar ",Bihar,Medical,"26,50,000","11,50,000",8.6,8.7,8.7,8.7,8.4,8.5,8.4,"/images/Katihar_Medical_College,_Katihar.png"
Patna Medical College ,Bihar,Medical,279,279,7.4,7.8,7.2,7.8,6.2,8.6,7,/images/Patna_Medical_College.png
"Zulfequar Haider Unani Medical College and Hospital, ",Bihar,Medical,"2,87,050",--,--,--,--,--,--,--,--,"/images/Zulfequar_Haider_Unani_Medical_College_and_Hospital,.png"
Bihar Institute of Nursing and Paramedical ,Bihar,Medical,--,--,--,--,--,--,--,--,--,/images/Bihar_Institute_of_Nursing_and_Paramedical.png
JM Institute of Speech and Hearing ,Bihar,Medical,--,--,--,--,--,--,--,--,--,/images/JM_Institute_of_Speech_and_Hearing.png
BR Ambedkar Bihar University ,Bihar,Medical,"6,000","6,000",7.7,7.9,7.5,8.1,7.6,7.2,8.1,/images/BR_Ambedkar_Bihar_University.png
All India Institute of Medical Sciences Patna,Bihar,Medical,"1,628","2,027",8,8.1,7.7,7.7,8.1,8.4,7.9,/images/All_India_Institute_of_Medical_Sciences_Patna.png
Lalit Narayan Mithila University ,Bihar,Medical,"12,000",--,7.9,8.6,7.8,8.6,8.6,5.9,8,/images/Lalit_Narayan_Mithila_University.png
Maulana Mazharul Haque Arabic and Persian University ,Bihar,Medical,"28,200","23,200",8.2,8.8,8.3,8.6,8.7,7.1,7.9,/images/Maulana_Mazharul_Haque_Arabic_and_Persian_University.png
Vardhman Institute of Medical Sciences ,Bihar,Medical,"15,600",--,8.8,9.1,8.4,8.7,9.1,8.9,8.4,/images/Vardhman_Institute_of_Medical_Sciences.png
Shri Krishna Medical College ,Bihar,Medical,"20,100",500,8.2,7,--,--,--,--,--,/images/Shri_Krishna_Medical_College.png
"MATS University, Raipur ",Chhattisgarh,Medical,"13,000",--,7.4,7.4,7,7.8,7.4,7.2,7.4,"/images/MATS_University,_Raipur.png"
Shri Rawatpura Sarkar University ,Chhattisgarh,Medical,"45,200","24,200",8.5,9,8,8.5,8.5,8.5,8.5,/images/Shri_Rawatpura_Sarkar_University.png
Maharishi University of Management and Technology Bilaspur ,Chhattisgarh,Medical,"12,000",--,6.4,7.5,7,6,7.5,5.3,5,/images/Maharishi_University_of_Management_and_Technology_Bilaspur.png
"ISBM University, Raipur ",Chhattisgarh,Medical,"22,900",--,--,--,--,--,--,--,--,"/images/ISBM_University,_Raipur.png"
"D.L.S. P.G. College, Bilaspur ",Chhattisgarh,Medical,"8,000",--,--,--,--,--,--,--,--,"/images/D.L.S._P.G._College,_Bilaspur.png"
All India Institute of Medical Sciences Raipur,Chhattisgarh,Medical,"3,165","10,310",8.3,8.9,7.7,8.8,8.6,8.6,7.4,/images/All_India_Institute_of_Medical_Sciences_Raipur.png
"Apollo College of Physiotherapy, Durg ",Chhattisgarh,Medical,"52,500","75,000",--,--,--,--,--,--,--,"/images/Apollo_College_of_Physiotherapy,_Durg.png"
Chhattisgarh Institute of Medical Sciences ,Chhattisgarh,Medical,"42,000","26,000",8,8.3,6.9,8.2,6.9,9,8.7,/images/Chhattisgarh_Institute_of_Medical_Sciences.png
Post Graduate Institute of Behavioral and Medical ,Chhattisgarh,Medical,--,--,--,--,--,--,--,--,--,/images/Post_Graduate_Institute_of_Behavioral_and_Medical.png
"Netaji Subhash College, Raipur ",Chhattisgarh,Medical,"15,980",--,--,--,--,--,--,--,--,"/images/Netaji_Subhash_College,_Raipur.png"
Pt. Deen Dayal Upadhaya Memorial Ayush and ,Chhattisgarh,Medical,--,--,7.6,7,7.5,8,7.5,8,7.5,/images/Pt._Deen_Dayal_Upadhaya_Memorial_Ayush_and.png
Chhattisgarh Swami Vivekanand Technical University ,Chhattisgarh,Medical,--,--,6.1,7.3,5.4,6.9,6.4,4.7,5.8,/images/Chhattisgarh_Swami_Vivekanand_Technical_University.png
Chhattisgarh University ,Chhattisgarh,Medical,--,--,7.7,8,7.5,8,7,8,7.5,/images/Chhattisgarh_University.png
Pandit Sundarlal Sharma Open University ,Chhattisgarh,Medical,"8,200",--,7.4,8,6,8.2,8,6.9,7.4,/images/Pandit_Sundarlal_Sharma_Open_University.png
"St Vincent Pallotti College, Raipur ",Chhattisgarh,Medical,"17,600",--,7.3,8.5,5,8,7.5,6.5,8,"/images/St_Vincent_Pallotti_College,_Raipur.png"
"Dr. CV Raman University, Institute of Open ",Chhattisgarh,Medical,"21,000",--,6.8,7,6,7,7.5,6,7,"/images/Dr._CV_Raman_University,_Institute_of_Open.png"
Pt. Jawahar Lal Nehru Memorial Medical College ,Chhattisgarh,Medical,"50,000","50,000",8.1,8.2,7.5,8,8.2,8.7,7.7,/images/Pt._Jawahar_Lal_Nehru_Memorial_Medical_College.png
"Late Baliram Kashyap Memorial Govt. Medical College, ",Chhattisgarh,Medical,--,--,7.8,7,8,--,7,9,--,"/images/Late_Baliram_Kashyap_Memorial_Govt._Medical_College,.png"
Late Shri Lakhi Ram Agrawal Memorial Government ,Chhattisgarh,Medical,"50,000",--,7,7,7,7,7.5,7,6.5,/images/Late_Shri_Lakhi_Ram_Agrawal_Memorial_Government.png
Government Medical College Rajnandgaon ,Chhattisgarh,Medical,"50,000",--,8.1,8.5,7.5,9,7.5,9.5,6.5,/images/Government_Medical_College_Rajnandgaon.png
Government Medical College ,Chhattisgarh,Medical,--,--,8,--,--,--,--,--,--,/images/Government_Medical_College.png
"Shri Narayan Prasad Awasthi Government Ayurved College, ",Chhattisgarh,Medical,--,--,--,--,--,--,--,--,--,"/images/Shri_Narayan_Prasad_Awasthi_Government_Ayurved_College,.png"
"Pt. Harishankar Shukla Memorial College, Raipur ",Chhattisgarh,Medical,--,--,8.5,9,8,9,8,9,8,"/images/Pt._Harishankar_Shukla_Memorial_College,_Raipur.png"
Hemchand Yadav Vishwavidyalaya ,Chhattisgarh,Medical,--,--,7.8,7.9,7.4,8,7.6,7.7,8.2,/images/Hemchand_Yadav_Vishwavidyalaya.png
Shri Shankaracharya Institute Of Medical Sciences ,Chhattisgarh,Medical,"7,13,156",--,7,7.7,6,7.7,6.7,8,5.7,/images/Shri_Shankaracharya_Institute_Of_Medical_Sciences.png
Birsa Agricultural University ,Jharkhand,Medical,--,--,7.3,7.6,8.3,7.2,7.6,5,8.3,/images/Birsa_Agricultural_University.png
"Ranchi University, Ranchi ",Jharkhand,Medical,"2,350","2,850",7.5,7.9,6.8,8,8.3,6.2,7.8,"/images/Ranchi_University,_Ranchi.png"
Central Institute of Psychiatry ,Jharkhand,Medical,"3,000",--,6.3,--,--,7,--,4.5,7.5,/images/Central_Institute_of_Psychiatry.png
YBN University ,Jharkhand,Medical,"44,500","49,600",8.2,8.5,7.5,8.5,8,8.3,8.4,/images/YBN_University.png
"AISECT University, Hazaribagh ",Jharkhand,Medical,"15,000",--,9.9,--,--,--,--,--,--,"/images/AISECT_University,_Hazaribagh.png"
"RKDF University, Ranchi ",Jharkhand,Medical,"1,53,000","50,000",--,--,--,--,--,--,--,"/images/RKDF_University,_Ranchi.png"
Jharkhand Rai University ,Jharkhand,Medical,"75,000",--,7.7,8,7.5,8.8,7.3,6.9,7.8,/images/Jharkhand_Rai_University.png
Netaji Subhas University ,Jharkhand,Medical,"40,000",--,9,9.5,9.4,8.7,9.2,8.5,8.7,/images/Netaji_Subhas_University.png
Radha Govind University ,Jharkhand,Medical,"26,000",--,8.6,8.9,8,8.7,8.9,8.4,8.5,/images/Radha_Govind_University.png
"Arka Jain University, Jamshedpur ",Jharkhand,Medical,"93,000",--,8.1,8.1,7.7,8.1,8,7.5,9,"/images/Arka_Jain_University,_Jamshedpur.png"
Usha Martin University ,Jharkhand,Medical,"60,000","79,000",7.6,8.5,6.5,8.8,6.8,7.9,7.1,/images/Usha_Martin_University.png
Sarala Birla University ,Jharkhand,Medical,"38,300",--,8.5,8.6,8.3,8.4,8.8,8.4,8.2,/images/Sarala_Birla_University.png
Capital University ,Jharkhand,Medical,--,--,8.2,8.3,8.1,8,8.3,8.1,8.1,/images/Capital_University.png
Ramchandra Chandravansi University ,Jharkhand,Medical,"30,000","30,000",5.7,7,--,--,6,4,--,/images/Ramchandra_Chandravansi_University.png
"Coxtan Administrative & Management College, Dhanbad ",Jharkhand,Medical,--,--,--,--,--,--,--,--,--,"/images/Coxtan_Administrative_&_Management_College,_Dhanbad.png"
"Jamshedpur Women's College, Jamshedpur ",Jharkhand,Medical,"26,000",--,7.4,7.8,7.4,7.6,7.3,7.2,6.9,"/images/Jamshedpur_Women's_College,_Jamshedpur.png"
Shine Abdur Razzaque Ansari Institute of Health ,Jharkhand,Medical,"45,000",--,--,--,--,--,--,--,--,/images/Shine_Abdur_Razzaque_Ansari_Institute_of_Health.png
"Mahatma Gandhi Memorial Medical College, Jamshedpur ",Jharkhand,Medical,"1,500","1,500",7.6,7.6,7.9,7.3,6.8,8.3,7.6,"/images/Mahatma_Gandhi_Memorial_Medical_College,_Jamshedpur.png"
Patliputra Medical College & Hospital ,Jharkhand,Medical,--,--,8.3,8.8,8.2,8.4,7.2,9.2,8.1,/images/Patliputra_Medical_College_&_Hospital.png
Rajendra Institute of Medical Sciences ,Jharkhand,Medical,--,--,8,8.3,7.5,8.3,8.1,8.6,7.3,/images/Rajendra_Institute_of_Medical_Sciences.png
"Florence College of Nursing, Ranchi ",Jharkhand,Medical,--,--,--,--,--,--,--,--,--,"/images/Florence_College_of_Nursing,_Ranchi.png"
"Kolhan University, Chaibasa ",Jharkhand,Medical,--,--,7.3,7.4,6.7,8.1,6.7,6.9,7.7,"/images/Kolhan_University,_Chaibasa.png"
"Vananchal Educational and Welfare Trust, Garhwa ",Jharkhand,Medical,"1,30,000","24,000",7.2,8,7,7,7,7,7,"/images/Vananchal_Educational_and_Welfare_Trust,_Garhwa.png"
"Dr. Shyama Prasad Mukherjee University, Ranchi ",Jharkhand,Medical,"30,000","42,000",6.5,7.2,5.2,6.8,6.9,6,7.1,"/images/Dr._Shyama_Prasad_Mukherjee_University,_Ranchi.png"
"Markham college of Commerce, Hazaribagh ",Jharkhand,Medical,--,--,7,6.3,6,8,6.7,7.3,7.5,"/images/Markham_college_of_Commerce,_Hazaribagh.png"
"Pragyan International University, Ranchi ",Jharkhand,Medical,"19,500","14,500",--,--,--,--,--,--,--,"/images/Pragyan_International_University,_Ranchi.png"
Binod Bihar Mahto Koylanchal University ,Jharkhand,Medical,--,--,8.3,8.7,7.9,8.3,8.6,7.5,8.5,/images/Binod_Bihar_Mahto_Koylanchal_University.png
All India Institute of Medical Sciences Deoghar,Jharkhand,Medical,"1,693",--,--,--,--,--,--,--,--,/images/All_India_Institute_of_Medical_Sciences_Deoghar.png
Shrinivas Institute of Paramedical Sciences ,Jharkhand,Medical,"36,000","36,000",--,--,--,--,--,--,--,/images/Shrinivas_Institute_of_Paramedical_Sciences.png
Dr Rajendra Prasad Government Medical College ,Himachal pradesh,Medical,--,--,8.7,8.7,8,8.3,9,8.7,9.3,/images/Dr_Rajendra_Prasad_Government_Medical_College.png
"Shoolini University, Solan ",Himachal pradesh,Medical,"1,76,750",--,8.3,8.4,7.6,8.4,8.6,8.3,8.7,"/images/Shoolini_University,_Solan.png"
Maharishi Markandeshwar ,Himachal pradesh,Medical,"73,500","91,500",8.6,9,8.2,8.9,8.2,8.4,8.9,/images/Maharishi_Markandeshwar.png
Eternal University ,Himachal pradesh,Medical,"70,000",--,7.5,7.4,7.1,7.8,8.2,7.1,7.4,/images/Eternal_University.png
Abhilashi University ,Himachal pradesh,Medical,"2,60,000",--,8.4,8.9,8.3,8.4,8.6,8.1,8.1,/images/Abhilashi_University.png
Baddi University of Emerging Sciences and Technologies ,Himachal pradesh,Medical,"1,09,623",--,7.1,6.7,6.9,7.2,7.3,7,7.7,/images/Baddi_University_of_Emerging_Sciences_and_Technologies.png
IEC University Baddi ,Himachal pradesh,Medical,"88,600",--,7.6,7.5,7.5,7.4,7.7,8,7.5,/images/IEC_University_Baddi.png
Career Point University ,Himachal pradesh,Medical,"45,000",--,7.5,7.5,7.4,7,7.6,6.6,8.6,/images/Career_Point_University.png
Bahra University ,Himachal pradesh,Medical,"74,700",--,7.6,7.8,7.5,8,7.7,7,7.6,/images/Bahra_University.png
Solan Homoeopathic Medical College and Hospital ,Himachal pradesh,Medical,"93,875",--,9,9,--,--,9,9,--,/images/Solan_Homoeopathic_Medical_College_and_Hospital.png
Indira Gandhi Medical College ,Himachal pradesh,Medical,"13,000","39,000",7.1,7.8,6.5,7.8,5.9,7.8,6.7,/images/Indira_Gandhi_Medical_College.png
Himachal Pradesh University ,Himachal pradesh,Medical,"76,500","28,900",7.2,7.7,6.7,7.7,7.3,6.1,7.7,/images/Himachal_Pradesh_University.png
Akal College of Public Health and Hospital ,Himachal pradesh,Medical,"65,000",--,8.3,9,8,--,8,8,--,/images/Akal_College_of_Public_Health_and_Hospital.png
"Dr. Y. S. Parmar Medical College Nahan, ",Himachal pradesh,Medical,"60,000",--,7.7,8.5,8.4,8.5,5.7,8.2,6.9,"/images/Dr._Y._S._Parmar_Medical_College_Nahan,.png"
Pt. Jawahar Lal Nehru Government Medical College ,Himachal pradesh,Medical,"60,000",--,7.6,8,7,8,7.5,8,7,/images/Pt._Jawahar_Lal_Nehru_Government_Medical_College.png
Shri Lal Bahadur Shastri Government Medical College ,Himachal pradesh,Medical,"60,000",--,--,--,--,--,--,--,--,/images/Shri_Lal_Bahadur_Shastri_Government_Medical_College.png
Sher-e-Kashmir University of Agricultural Sciences and Technology ,Jammu,Medical,"60,000",--,7.4,8.4,7.4,7.7,8,5.9,7.2,/images/Sher-e-Kashmir_University_of_Agricultural_Sciences_and_Technology.png
Jammu Institute of Ayurveda and Research College ,Jammu,Medical,"1,13,500","1,72,500",5.9,6.5,4,7.7,8,4,5.3,/images/Jammu_Institute_of_Ayurveda_and_Research_College.png
"Bhargava Paramedical College, Jammu ",Jammu,Medical,--,--,--,--,--,--,--,--,--,"/images/Bhargava_Paramedical_College,_Jammu.png"
"Acharya Shri Chander College of Medical Sciences, ",Jammu,Medical,"39,000","13,05,000",7.5,8.2,6.8,7.8,7.2,8,6.8,"/images/Acharya_Shri_Chander_College_of_Medical_Sciences,.png"
"Government Medical College, Srinagar ",Jammu,Medical,"35,625","25,000",7.6,8.3,6,8,8.6,8.4,6.4,"/images/Government_Medical_College,_Srinagar.png"
Government Medical College ,Jammu,Medical,--,--,7.5,7.3,7,7,7.5,8.3,8,/images/Government_Medical_College.png
Sher-i-Kashmir Institute of Medical Sciences ,Jammu,Medical,"18,500","67,000",6.6,8,4.7,6.3,6.8,8,5.7,/images/Sher-i-Kashmir_Institute_of_Medical_Sciences.png
University of Kashmir ,Jammu,Medical,--,--,6.7,7,6.9,7.1,7.2,5.1,6.8,/images/University_of_Kashmir.png
Jammu College of Physiotherapy ,Jammu,Medical,"1,00,060",--,3.3,5,2,5,1,2,5,/images/Jammu_College_of_Physiotherapy.png
Kashmir Tibbia College Hospital and Research Centre ,Jammu,Medical,"1,10,000",--,4.5,8,1,8,6,3,1,/images/Kashmir_Tibbia_College_Hospital_and_Research_Centre.png
"Government Polytechnic For Women, Srinagar ",Jammu,Medical,"2,130",--,--,--,--,--,--,--,--,"/images/Government_Polytechnic_For_Women,_Srinagar.png"
Post Graduate Institute of Medical Education & ,Chandigarh,Medical,"3,470","3,470",8,8.3,6.8,8.8,8.2,8,8,/images/Post_Graduate_Institute_of_Medical_Education_&.png
Government Medical College and Hospital ,Chandigarh,Medical,"25,000","22,000",7.9,8.7,7,8.5,8.2,6.9,8.3,/images/Government_Medical_College_and_Hospital.png
Panjab University ,Chandigarh,Medical,"53,800","95,800",7.7,8.2,7.7,8,7.7,6.5,8.2,/images/Panjab_University.png
"Sri Guru Gobind Singh College of Pharmacy, ",Chandigarh,Medical,"2,575",--,8.8,9.3,8.3,9.7,8.3,7.7,9.3,"/images/Sri_Guru_Gobind_Singh_College_of_Pharmacy,.png"
DAV College ,Chandigarh,Medical,"23,510",--,8,8.4,7.4,8.3,8,6.8,8.8,/images/DAV_College.png
Goswami Ganesh Dutt Sanatan Dharama College ,Chandigarh,Medical,--,--,8.1,8.6,7.6,8.5,8.1,7.1,8.8,/images/Goswami_Ganesh_Dutt_Sanatan_Dharama_College.png
"Homoeopathic Medical College & Hospital, Chandigarh ",Chandigarh,Medical,"85,000",--,9.8,--,--,--,--,--,--,"/images/Homoeopathic_Medical_College_&_Hospital,_Chandigarh.png"
Shivalik Institute of Paramedical Technology ,Chandigarh,Medical,"70,000","80,000",7.7,8.5,7.3,7.8,7.3,7.3,7.8,/images/Shivalik_Institute_of_Paramedical_Technology.png
Government Industrial Training Institute for Women ,Chandigarh,Medical,--,--,--,--,--,--,--,--,--,/images/Government_Industrial_Training_Institute_for_Women.png
Swami Vivekanand Group Of Institutes ,Chandigarh,Medical,"32,840",--,8.5,9,7.8,--,9,8.1,--,/images/Swami_Vivekanand_Group_Of_Institutes.png
"Dibrugarh University, Dibrugarh ",Assam,Pharmacy,"6,000","4,820",7.8,7.9,7.7,8,8.4,6.5,8.2,"/images/Dibrugarh_University,_Dibrugarh.png"
Girijananda Chowdhury Institute of Pharmaceutical Science ,Assam,Pharmacy,"1,55,000","1,20,000",8,8.3,6.7,8.3,7.7,8.3,8.7,/images/Girijananda_Chowdhury_Institute_of_Pharmaceutical_Science.png
Royal Global University ,Assam,Pharmacy,"1,20,000","95,000",7.6,7.8,6.6,8,9,6.5,7.7,/images/Royal_Global_University.png
Assam Down Town University ,Assam,Pharmacy,"1,50,000","1,60,000",8.2,8.4,7.6,8.4,8.2,7.8,8.6,/images/Assam_Down_Town_University.png
Assam Science and Technology University ,Assam,Pharmacy,"21,000","3,000",7.8,7.9,7.6,8,7.7,7.6,7.9,/images/Assam_Science_and_Technology_University.png
National Institute of Pharmaceutical Education And Research ,Assam,Pharmacy,"1,23,350","1,10,150",8.2,9,8,8.2,7.5,8.2,8.4,/images/National_Institute_of_Pharmaceutical_Education_And_Research.png
"Assam University, Silchar ",Assam,Pharmacy,"41,545",--,7.5,7.8,6.5,8,7.6,6.6,8.4,"/images/Assam_University,_Silchar.png"
Kaziranga University ,Assam,Pharmacy,"1,20,500","1,00,500",7.5,7.3,6.7,8.1,7.4,7.2,8.1,/images/Kaziranga_University.png
Srimanta Sankaradeva University of Health Sciences ,Assam,Pharmacy,--,--,8.2,8.5,7.5,8.7,7.5,8.3,8.4,/images/Srimanta_Sankaradeva_University_of_Health_Sciences.png
NETES Institute of Pharmaceutical Science ,Assam,Pharmacy,"1,90,000","1,90,000",7.5,9,7,9,7,6,7,/images/NETES_Institute_of_Pharmaceutical_Science.png
"NEPEDS Group of Institutions, Guwahati ",Assam,Pharmacy,"4,75,000","2,50,000",--,--,--,--,--,--,--,"/images/NEPEDS_Group_of_Institutions,_Guwahati.png"
"PEWS Group of Institutions, Guwahati ",Assam,Pharmacy,--,--,--,--,--,--,--,--,--,"/images/PEWS_Group_of_Institutions,_Guwahati.png"
Indira Gandhi Institute of Medical Sciences ,Bihar,Pharmacy,"20,000",--,8.7,8.8,8.6,8.3,8.7,9.3,8.3,/images/Indira_Gandhi_Institute_of_Medical_Sciences.png
Aryabhatta Knowledge University ,Bihar,Pharmacy,--,--,8,8.7,7.1,8.1,8.3,7.6,8.1,/images/Aryabhatta_Knowledge_University.png
Gopal Narayan Singh University ,Bihar,Pharmacy,"80,000","1,00,000",8.5,8.6,8.6,8.2,8.9,8.1,8.4,/images/Gopal_Narayan_Singh_University.png
Muzaffarpur Institute of Technology ,Bihar,Pharmacy,--,--,7.1,7.3,6.8,7.6,7.2,6.2,7.4,/images/Muzaffarpur_Institute_of_Technology.png
"Al-Karim University, Katihar ",Bihar,Pharmacy,--,--,--,--,--,--,--,--,--,"/images/Al-Karim_University,_Katihar.png"
"Sachchidanand Sinha College, Aurangabad ",Bihar,Pharmacy,"64,500",--,6.8,7,6.4,6.6,8.3,4.8,7.8,"/images/Sachchidanand_Sinha_College,_Aurangabad.png"
"Bihar College of Pharmacy, Patna ",Bihar,Pharmacy,"1,10,000","1,00,000",8,8.3,8,8.4,7.3,8.1,7.7,"/images/Bihar_College_of_Pharmacy,_Patna.png"
National Institute of Pharmaceutical Education And Research ,Bihar,Pharmacy,"69,500",--,8.1,8.8,7.5,8.4,7.5,8.2,8.3,/images/National_Institute_of_Pharmaceutical_Education_And_Research.png
"Patliputra University, Patna ",Bihar,Pharmacy,--,--,7.7,7.8,7.4,8.3,7.7,7,7.7,"/images/Patliputra_University,_Patna.png"
"K.K. University, Nalanda ",Bihar,Pharmacy,--,--,8.6,7,--,--,--,--,--,"/images/K.K._University,_Nalanda.png"
"Mata Gujri University, Kishanganj ",Bihar,Pharmacy,"1,06,000","96,000",6.7,6.5,7,7.5,6,7.5,5.5,"/images/Mata_Gujri_University,_Kishanganj.png"
Nibha Institute of Pharmaceutical Sciences ,Bihar,Pharmacy,"1,00,000","2,25,000",--,--,--,--,--,--,--,/images/Nibha_Institute_of_Pharmaceutical_Sciences.png
Chanakya College of Pharmacy and Medical Science ,Bihar,Pharmacy,"1,19,250","1,33,500",--,--,--,--,--,--,--,/images/Chanakya_College_of_Pharmacy_and_Medical_Science.png
"Aadarsh India Technical and Paramedical College, Muzaffarpur ",Bihar,Pharmacy,"25,000","25,000",--,--,--,--,--,--,--,"/images/Aadarsh_India_Technical_and_Paramedical_College,_Muzaffarpur.png"
Guru Ghasidas Vishwavidyalaya ,Chhattisgarh,Pharmacy,"26,200","51,850",6.7,7.6,6.3,7.5,6.9,4.7,7.1,/images/Guru_Ghasidas_Vishwavidyalaya.png
Pt. Ravishankar Shukla University ,Chhattisgarh,Pharmacy,"25,000","1,10,000",6.1,7,4.8,6.8,6.8,4.1,6.8,/images/Pt._Ravishankar_Shukla_University.png
Dr. C.V. Raman University ,Chhattisgarh,Pharmacy,"55,000","71,900",7,6.9,6.2,7.4,7.5,6.7,7.3,/images/Dr._C.V._Raman_University.png
Shri Rawatpura Sarkar University ,Chhattisgarh,Pharmacy,"75,200","2,50,600",8.5,9,8,8.5,8.5,8.5,8.5,/images/Shri_Rawatpura_Sarkar_University.png
Chouksey Engineering College ,Chhattisgarh,Pharmacy,"74,800","1,13,800",8,8.2,8.3,8.1,8,7,8.5,/images/Chouksey_Engineering_College.png
Shri Shankaracharya Group of Institutions ,Chhattisgarh,Pharmacy,"39,550","61,500",7.6,7.7,7.2,7.5,7.9,7,8.1,/images/Shri_Shankaracharya_Group_of_Institutions.png
"Rungta Group of Institutions Bhilai Campus, Bhilai ",Chhattisgarh,Pharmacy,"75,800","80,000",8.6,9.1,8.7,7.9,9.2,9.1,7.6,"/images/Rungta_Group_of_Institutions_Bhilai_Campus,_Bhilai.png"
"ISBM University, Raipur ",Chhattisgarh,Pharmacy,"68,900","92,900",--,--,--,--,--,--,--,"/images/ISBM_University,_Raipur.png"
Ashoka Institute of Technology and Management ,Chhattisgarh,Pharmacy,--,--,5.4,5.7,5.3,5,5.7,4,6.7,/images/Ashoka_Institute_of_Technology_and_Management.png
"Rungta Group of Institutions Raipur Campus, Raipur ",Chhattisgarh,Pharmacy,"71,900","55,500",8.7,9,8,8,9,9,9,"/images/Rungta_Group_of_Institutions_Raipur_Campus,_Raipur.png"
"Apollo College of Pharmacy, Durg ",Chhattisgarh,Pharmacy,"63,530",--,--,--,--,--,--,--,--,"/images/Apollo_College_of_Pharmacy,_Durg.png"
Columbia Institute of Pharmacy ,Chhattisgarh,Pharmacy,"65,150","1,04,640",8.1,9,7.3,9,8,7.5,7.5,/images/Columbia_Institute_of_Pharmacy.png
Chhattisgarh Swami Vivekanand Technical University ,Chhattisgarh,Pharmacy,"41,650",--,6.1,7.3,5.4,6.9,6.4,4.7,5.8,/images/Chhattisgarh_Swami_Vivekanand_Technical_University.png
"Sarguja University, Surguja ",Chhattisgarh,Pharmacy,"30,295",--,7.5,7.7,6.7,8,7,7.5,8.2,"/images/Sarguja_University,_Surguja.png"
"Kalinga University, Raipur ",Chhattisgarh,Pharmacy,"1,10,250","1,10,250",8.3,8.6,8.1,8.6,8.4,7.6,8.2,"/images/Kalinga_University,_Raipur.png"
Shri Rawatpura Sarkar Institute of Pharmacy ,Chhattisgarh,Pharmacy,"58,800","72,400",4.9,6,4,5,5.5,4.5,4.5,/images/Shri_Rawatpura_Sarkar_Institute_of_Pharmacy.png
Rungta College of Pharmaceutical Sciences and Research ,Chhattisgarh,Pharmacy,"75,800","80,000",9.1,9.6,8,9,9.6,9.1,9,/images/Rungta_College_of_Pharmaceutical_Sciences_and_Research.png
Rungta College of Pharmaceutical Science & Research ,Chhattisgarh,Pharmacy,"71,900","55,500",--,--,--,--,--,--,--,/images/Rungta_College_of_Pharmaceutical_Science_&_Research.png
Rungta Institute of Pharmaceutical Education & Research ,Chhattisgarh,Pharmacy,"71,900","55,500",--,--,--,--,--,--,--,/images/Rungta_Institute_of_Pharmaceutical_Education_&_Research.png
Rungta Institute of Pharmaceutical Sciences ,Chhattisgarh,Pharmacy,"35,950","55,500",--,--,--,--,--,--,--,/images/Rungta_Institute_of_Pharmaceutical_Sciences.png
Chhatrapati Shivaji Institute of Pharmacy ,Chhattisgarh,Pharmacy,"71,900","55,550",--,--,--,--,--,--,--,/images/Chhatrapati_Shivaji_Institute_of_Pharmacy.png
Birla Institute of Technology ,Jharkhand,Pharmacy,"2,65,000","75,000",8.1,8.3,7.6,7.9,8.3,8.1,8.4,/images/Birla_Institute_of_Technology.png
YBN University ,Jharkhand,Pharmacy,"1,25,500","1,03,000",8.2,8.5,7.5,8.5,8,8.3,8.4,/images/YBN_University.png
"RKDF University, Ranchi ",Jharkhand,Pharmacy,"65,000","1,00,000",--,--,--,--,--,--,--,"/images/RKDF_University,_Ranchi.png"
Jharkhand Rai University ,Jharkhand,Pharmacy,"1,15,000","1,15,000",7.7,8,7.5,8.8,7.3,6.9,7.8,/images/Jharkhand_Rai_University.png
Netaji Subhas University ,Jharkhand,Pharmacy,"90,000","80,000",9,9.5,9.4,8.7,9.2,8.5,8.7,/images/Netaji_Subhas_University.png
"Sai Nath University, Ranchi ",Jharkhand,Pharmacy,"1,07,000",--,6.8,7.4,6.7,6.8,6.9,6.9,6.3,"/images/Sai_Nath_University,_Ranchi.png"
Radha Govind University ,Jharkhand,Pharmacy,"95,000","95,000",8.6,8.9,8,8.7,8.9,8.4,8.5,/images/Radha_Govind_University.png
"Arka Jain University, Jamshedpur ",Jharkhand,Pharmacy,"98,000",--,8.1,8.1,7.7,8.1,8,7.5,9,"/images/Arka_Jain_University,_Jamshedpur.png"
Ramchandra Chandravansi University ,Jharkhand,Pharmacy,"1,00,000","90,000",5.7,7,--,--,6,4,--,/images/Ramchandra_Chandravansi_University.png
"Coxtan Administrative & Management College, Dhanbad ",Jharkhand,Pharmacy,--,--,--,--,--,--,--,--,--,"/images/Coxtan_Administrative_&_Management_College,_Dhanbad.png"
Shine Abdur Razzaque Ansari Institute of Health ,Jharkhand,Pharmacy,"1,00,000",--,--,--,--,--,--,--,--,/images/Shine_Abdur_Razzaque_Ansari_Institute_of_Health.png
"Vananchal Educational and Welfare Trust, Garhwa ",Jharkhand,Pharmacy,--,--,7.2,8,7,7,7,7,7,"/images/Vananchal_Educational_and_Welfare_Trust,_Garhwa.png"
"Pragyan International University, Ranchi ",Jharkhand,Pharmacy,"14,500",--,--,--,--,--,--,--,--,"/images/Pragyan_International_University,_Ranchi.png"
Jharkhand University of Technology ,Jharkhand,Pharmacy,--,--,9.8,9,--,--,--,--,--,/images/Jharkhand_University_of_Technology.png
"Sahyog College of Medical Sciences, Khunti ",Jharkhand,Pharmacy,"75,000",--,--,--,--,--,--,--,--,"/images/Sahyog_College_of_Medical_Sciences,_Khunti.png"
"Faculty of Pharmaceutical Sciences, Shoolini University, Solan ",Himachal pradesh,Pharmacy,"1,48,168","1,41,320",7.5,8,6.8,7.3,8.2,7,7.7,"/images/Faculty_of_Pharmaceutical_Sciences,_Shoolini_University,_Solan.png"
Maharishi Markandeshwar ,Himachal pradesh,Pharmacy,"1,09,100","1,75,500",8.6,9,8.2,8.9,8.2,8.4,8.9,/images/Maharishi_Markandeshwar.png
Abhilashi University ,Himachal pradesh,Pharmacy,"1,20,000","80,000",8.4,8.9,8.3,8.4,8.6,8.1,8.1,/images/Abhilashi_University.png
Baddi University of Emerging Sciences and Technologies ,Himachal pradesh,Pharmacy,"1,73,000","1,23,510",7.1,6.7,6.9,7.2,7.3,7,7.7,/images/Baddi_University_of_Emerging_Sciences_and_Technologies.png
IEC University Baddi ,Himachal pradesh,Pharmacy,"1,28,600","1,13,600",7.6,7.5,7.5,7.4,7.7,8,7.5,/images/IEC_University_Baddi.png
Career Point University ,Himachal pradesh,Pharmacy,"80,000","88,000",7.5,7.5,7.4,7,7.6,6.6,8.6,/images/Career_Point_University.png
Sri Sai University ,Himachal pradesh,Pharmacy,"30,000",--,7.4,7.3,6.3,8.2,7.7,6.8,8,/images/Sri_Sai_University.png
Bahra University ,Himachal pradesh,Pharmacy,"84,800","94,900",7.6,7.8,7.5,8,7.7,7,7.6,/images/Bahra_University.png
Maharaja Agrasen University ,Himachal pradesh,Pharmacy,"1,10,000","90,000",7.5,7.7,7.5,7.6,8.7,7,6.2,/images/Maharaja_Agrasen_University.png
"Himalayan Group of Professional Institutions, Sirmaur ",Himachal pradesh,Pharmacy,"88,200","94,500",8.2,8.4,7.6,8.4,8.4,8.2,8,"/images/Himalayan_Group_of_Professional_Institutions,_Sirmaur.png"
Manav Bharti University ,Himachal pradesh,Pharmacy,"80,000","45,000",6.2,5.3,4.7,6.7,7,6.3,7,/images/Manav_Bharti_University.png
"Abhilashi College of Pharmacy, Mandi ",Himachal pradesh,Pharmacy,"59,000",--,8.7,--,--,8.5,--,9,8.5,"/images/Abhilashi_College_of_Pharmacy,_Mandi.png"
Himachal Institute of Pharmaceutical Education and Research ,Himachal pradesh,Pharmacy,"74,100",--,4.5,8,1,7,6,3,2,/images/Himachal_Institute_of_Pharmaceutical_Education_and_Research.png
"Himachal Institute of Pharmacy, Paonta ",Himachal pradesh,Pharmacy,"74,100","1,45,100",--,--,--,--,--,--,--,"/images/Himachal_Institute_of_Pharmacy,_Paonta.png"
"LR Institute of Pharmacy, Solan ",Himachal pradesh,Pharmacy,"2,88,000","2,54,000",5.3,6.5,8,4.5,8.5,3,1.5,"/images/LR_Institute_of_Pharmacy,_Solan.png"
"SRET College of Pharmacy, Hamirpur ",Himachal pradesh,Pharmacy,--,--,--,--,--,--,--,--,--,"/images/SRET_College_of_Pharmacy,_Hamirpur.png"
"Shanti Niketan College of Pharmacy, Mandi ",Himachal pradesh,Pharmacy,--,--,--,--,--,--,--,--,--,"/images/Shanti_Niketan_College_of_Pharmacy,_Mandi.png"
Himachal Pradesh Technical University ,Himachal pradesh,Pharmacy,"51,700","1,44,200",8.2,8.3,7.5,8.5,8.4,8.1,8.4,/images/Himachal_Pradesh_Technical_University.png
"LR Group of Institutes, Solan ",Himachal pradesh,Pharmacy,"72,000","1,27,000",--,--,--,--,--,--,--,"/images/LR_Group_of_Institutes,_Solan.png"
SIRDA Group of Institution ,Himachal pradesh,Pharmacy,--,--,--,--,--,--,--,--,--,/images/SIRDA_Group_of_Institution.png
"KC Group of Institutions, Una ",Himachal pradesh,Pharmacy,"2,89,990","75,000",--,--,--,--,--,--,--,"/images/KC_Group_of_Institutions,_Una.png"
"Government Polytechnic, Rohru ",Himachal pradesh,Pharmacy,"8,220",--,--,--,--,--,--,--,--,"/images/Government_Polytechnic,_Rohru.png"
Sher-i-Kashmir Institute of Medical Sciences ,Jammu,Pharmacy,"67,000",--,6.6,8,4.7,6.3,6.8,8,5.7,/images/Sher-i-Kashmir_Institute_of_Medical_Sciences.png
University of Kashmir ,Jammu,Pharmacy,"17,800",--,6.7,7,6.9,7.1,7.2,5.1,6.8,/images/University_of_Kashmir.png
Panjab University ,Chandigarh,Pharmacy,"29,400","15,665",7.7,8.2,7.7,8,7.7,6.5,8.2,/images/Panjab_University.png
"Sri Guru Gobind Singh College of Pharmacy, ",Chandigarh,Pharmacy,"2,575",--,8.8,9.3,8.3,9.7,8.3,7.7,9.3,"/images/Sri_Guru_Gobind_Singh_College_of_Pharmacy,.png"
Shivalik Institute of Paramedical Technology ,Chandigarh,Pharmacy,"60,000",--,7.7,8.5,7.3,7.8,7.3,7.3,7.8,/images/Shivalik_Institute_of_Paramedical_Technology.png
Swami Vivekanand College of Pharmacy ,Chandigarh,Pharmacy,"93,960","85,000",7.8,8.5,6.5,8,8.5,8,7,/images/Swami_Vivekanand_College_of_Pharmacy.png
University Institute of Pharmaceutical Sciences ,Chandigarh,Pharmacy,"15,665","28,825",8.1,8.6,7.2,8.4,7.9,8.2,8.2,/images/University_Institute_of_Pharmaceutical_Sciences.png
"Anovus Institute of Clinical Research, Chandigarh ",Chandigarh,Pharmacy,--,--,--,--,--,--,--,--,--,"/images/Anovus_Institute_of_Clinical_Research,_Chandigarh.png"
"PG Government College for Girls, Chandigarh ",Chandigarh,Pharmacy,"28,350",--,8.1,7.7,7.4,8.9,8.3,8.2,8,"/images/PG_Government_College_for_Girls,_Chandigarh.png"
Government Polytechnic for Women ,Chandigarh,Pharmacy,"7,225",--,--,--,--,--,--,--,--,/images/Government_Polytechnic_for_Women.png
"Universal Polytechnic College, Chandigarh ",Chandigarh,Pharmacy,--,--,--,--,--,--,--,--,--,"/images/Universal_Polytechnic_College,_Chandigarh.png"
Swami Vivekanand Group Of Institutes ,Chandigarh,Pharmacy,"88,960","75,000",8.5,9,7.8,--,9,8.1,--,/images/Swami_Vivekanand_Group_Of_Institutes.png
"NEF Law College, Guwahati ",Assam,Law,"65,000","75,000",5.1,6.9,2.8,7.1,5.8,3.3,4.9,"/images/NEF_Law_College,_Guwahati.png"
"Dibrugarh University, Dibrugarh ",Assam,Law,"32,380","46,380",7.8,7.9,7.7,8,8.4,6.5,8.2,"/images/Dibrugarh_University,_Dibrugarh.png"
Tezpur University ,Assam,Law,"39,436",--,8,8.2,8,7.9,8.8,6.7,8.5,/images/Tezpur_University.png
Royal Global University ,Assam,Law,"1,20,000","1,00,000",7.6,7.8,6.6,8,9,6.5,7.7,/images/Royal_Global_University.png
"Mangaldai Law College, Marigaon ",Assam,Law,--,--,--,--,--,--,--,--,--,"/images/Mangaldai_Law_College,_Marigaon.png"
"Tezpur Law College, Sonitpur ",Assam,Law,"46,750","61,500",8.1,8.3,7.7,8.3,7.7,8,8.3,"/images/Tezpur_Law_College,_Sonitpur.png"
"Jorhat Law College, Jorhat ",Assam,Law,--,--,6.7,7.3,6.3,7,7,6.3,6,"/images/Jorhat_Law_College,_Jorhat.png"
Gauhati University ,Assam,Law,"81,000","66,000",8.2,8.4,7.5,8.7,8.4,7.2,8.7,/images/Gauhati_University.png
NERIM Group of Institutions ,Assam,Law,"65,200","75,200",7.1,7.7,6.1,7.5,7.8,6.9,6.6,/images/NERIM_Group_of_Institutions.png
Assam Rajiv Gandhi University of Cooperative Management ,Assam,Law,"28,500",--,8.4,9,7.5,9,8.5,8,8.5,/images/Assam_Rajiv_Gandhi_University_of_Cooperative_Management.png
"Digboi College, Dibrugarh ",Assam,Law,--,--,7.9,8.3,7.4,8.5,7.9,7.2,8.1,"/images/Digboi_College,_Dibrugarh.png"
"Dispur Law College, Guwahati ",Assam,Law,--,--,6.1,6.8,6,7,6.2,4.4,6.4,"/images/Dispur_Law_College,_Guwahati.png"
"JB Law College, Guwahati ",Assam,Law,"13,000","22,000",8,8.3,7,8.5,8.3,7.7,8.1,"/images/JB_Law_College,_Guwahati.png"
"Assam University, Silchar ",Assam,Law,"26,545","15,445",7.5,7.8,6.5,8,7.6,6.6,8.4,"/images/Assam_University,_Silchar.png"
National Law University and Judicial Academy ,Assam,Law,"5,90,000","1,90,000",7.3,7.8,7,7.2,8.8,5.4,7.4,/images/National_Law_University_and_Judicial_Academy.png
"Pub Kamrup College, Kamrup ",Assam,Law,--,--,7.4,8,6.3,8.2,8.5,5.4,8,"/images/Pub_Kamrup_College,_Kamrup.png"
"North Lakhimpur College, Lakhimpur ",Assam,Law,--,--,7,7.7,6.5,7.3,7.6,5.4,7.4,"/images/North_Lakhimpur_College,_Lakhimpur.png"
"Mahapurusha Srimanta Sankaradeva Viswavidyalaya, Nagaon ",Assam,Law,--,--,--,--,--,--,--,--,--,"/images/Mahapurusha_Srimanta_Sankaradeva_Viswavidyalaya,_Nagaon.png"
"Braja Mohan Thakur Law College (Autonomous), Purnea ",Bihar,Law,--,--,--,--,--,--,--,--,--,"/images/Braja_Mohan_Thakur_Law_College_(Autonomous),_Purnea.png"
Tilka Manjhi Bhagalpur University ,Bihar,Law,--,--,7.5,7.7,6.8,8.1,7.6,6.4,8.1,/images/Tilka_Manjhi_Bhagalpur_University.png
Magadh University ,Bihar,Law,"57,400",--,6,7.1,5,6.9,6.4,4.7,5.8,/images/Magadh_University.png
Bihar Institute of law ,Bihar,Law,"36,404",--,7.7,8,7,8,7,8,8,/images/Bihar_Institute_of_law.png
"S.K.J. Law College, Muzaffarpur ",Bihar,Law,"15,600",--,7.5,8,7,7.8,7,7.2,7.8,"/images/S.K.J._Law_College,_Muzaffarpur.png"
"Amity University, Patna ",Bihar,Law,"1,27,000",--,7.8,8.5,7.2,7.8,7.7,7.8,7.9,"/images/Amity_University,_Patna.png"
"College of Commerce, Arts & Science, Patna ",Bihar,Law,--,--,6.9,7.9,4.7,8.1,7.6,5.6,7.3,"/images/College_of_Commerce,_Arts_&_Science,_Patna.png"
Patna University ,Bihar,Law,"9,000","6,900",7,7.6,6.2,8.2,7.3,5.1,7.4,/images/Patna_University.png
Gopal Narayan Singh University ,Bihar,Law,"60,000",--,8.5,8.6,8.6,8.2,8.9,8.1,8.4,/images/Gopal_Narayan_Singh_University.png
Nalanda Open University ,Bihar,Law,"1,650",--,7.3,9,5.8,8.3,7.2,5.4,7.8,/images/Nalanda_Open_University.png
"GDM College, Harnaut ",Bihar,Law,"1,250",--,6.7,8,2,7,--,--,--,"/images/GDM_College,_Harnaut.png"
"H.D. Jain College, Arrah ",Bihar,Law,"1,000",--,7,8.1,5.7,7.7,6.7,6.4,7.1,"/images/H.D._Jain_College,_Arrah.png"
"M.V. College, Buxar ",Bihar,Law,"3,000","1,000",6.5,6.3,4.8,7.9,6.8,5.5,7.7,"/images/M.V._College,_Buxar.png"
"Munshi Singh College, Motihari ",Bihar,Law,--,--,6.7,6,6,9.3,6.3,3.8,8.7,"/images/Munshi_Singh_College,_Motihari.png"
"Nawada Vidhi Mahavidyalaya, Nawada ",Bihar,Law,"10,300",--,--,--,--,--,--,--,--,"/images/Nawada_Vidhi_Mahavidyalaya,_Nawada.png"
"Patna Law College, Patna ",Bihar,Law,"2,220",--,8.1,8.5,8,8.2,8.1,7.9,7.9,"/images/Patna_Law_College,_Patna.png"
BR Ambedkar Bihar University ,Bihar,Law,--,--,7.7,7.9,7.5,8.1,7.6,7.2,8.1,/images/BR_Ambedkar_Bihar_University.png
Chanakya National Law University ,Bihar,Law,"1,50,500","1,54,000",6.3,6.6,6.4,6.2,6.3,5.1,7.3,/images/Chanakya_National_Law_University.png
"Jai Prakash University, Chapra ",Bihar,Law,"10,250",--,7.7,7.8,7.2,8.3,7.6,7.6,7.9,"/images/Jai_Prakash_University,_Chapra.png"
Central University of South Bihar ,Bihar,Law,"33,518","18,218",8,8.6,7.7,8.9,8.6,5.8,8.3,/images/Central_University_of_South_Bihar.png
"T.N.B. Law College, Bhagalpur ",Bihar,Law,--,--,7.6,8,7,8,7,7.5,8,"/images/T.N.B._Law_College,_Bhagalpur.png"
"Patliputra University, Patna ",Bihar,Law,--,--,7.7,7.8,7.4,8.3,7.7,7,7.7,"/images/Patliputra_University,_Patna.png"
"K.K. University, Nalanda ",Bihar,Law,--,--,8.6,7,--,--,--,--,--,"/images/K.K._University,_Nalanda.png"
"Purnea University, Purnahiya ",Bihar,Law,--,--,--,--,--,--,--,--,--,"/images/Purnea_University,_Purnahiya.png"
Hidayatullah National Law University ,Chhattisgarh,Law,"1,31,000","1,81,000",7.3,7.7,6.3,6.1,8,7.1,8.6,/images/Hidayatullah_National_Law_University.png
Dr. C.V. Raman University ,Chhattisgarh,Law,"30,000","30,000",7,6.9,6.2,7.4,7.5,6.7,7.3,/images/Dr._C.V._Raman_University.png
Pt. Ravishankar Shukla University ,Chhattisgarh,Law,"33,580","17,050",6.1,7,4.8,6.8,6.8,4.1,6.8,/images/Pt._Ravishankar_Shukla_University.png
"Amity University, Raipur ",Chhattisgarh,Law,"1,36,000","54,000",7.8,7.8,8.3,8,8,6.3,8.2,"/images/Amity_University,_Raipur.png"
"ITM University, Raipur ",Chhattisgarh,Law,"63,500",--,7.4,8,6.4,7,8.3,7.2,7.6,"/images/ITM_University,_Raipur.png"
Shri Rawatpura Sarkar University ,Chhattisgarh,Law,"35,700","40,700",8.5,9,8,8.5,8.5,8.5,8.5,/images/Shri_Rawatpura_Sarkar_University.png
"ISBM University, Raipur ",Chhattisgarh,Law,"57,900","31,900",--,--,--,--,--,--,--,"/images/ISBM_University,_Raipur.png"
"D.P. Vipra Law College , Bilaspur ",Chhattisgarh,Law,"24,000","30,000",6.5,8,4,6,6,5,--,"/images/D.P._Vipra_Law_College_,_Bilaspur.png"
Chhattisgarh University ,Chhattisgarh,Law,--,--,7.7,8,7.5,8,7,8,7.5,/images/Chhattisgarh_University.png
Guru Ghasidas Vishwavidyalaya ,Chhattisgarh,Law,"7,850",--,6.7,7.6,6.3,7.5,6.9,4.7,7.1,/images/Guru_Ghasidas_Vishwavidyalaya.png
Pandit Sundarlal Sharma Open University ,Chhattisgarh,Law,"11,200",--,7.4,8,6,8.2,8,6.9,7.4,/images/Pandit_Sundarlal_Sharma_Open_University.png
"Sarguja University, Surguja ",Chhattisgarh,Law,"2,284",--,7.5,7.7,6.7,8,7,7.5,8.2,"/images/Sarguja_University,_Surguja.png"
"MATS School of Law, Raipur ",Chhattisgarh,Law,"85,000","62,000",7.9,8.3,7.3,8,8.4,8.1,7.5,"/images/MATS_School_of_Law,_Raipur.png"
"Kalinga University, Raipur ",Chhattisgarh,Law,"1,30,250","66,000",8.3,8.6,8.1,8.6,8.4,7.6,8.2,"/images/Kalinga_University,_Raipur.png"
"Govt. T.C.L. College, Janjgir ",Chhattisgarh,Law,--,--,--,--,--,--,--,--,--,"/images/Govt._T.C.L._College,_Janjgir.png"
"Ranchi University, Ranchi ",Jharkhand,Law,"2,350","2,850",7.5,7.9,6.8,8,8.3,6.2,7.8,"/images/Ranchi_University,_Ranchi.png"
Chotanagpur Law College ,Jharkhand,Law,"44,000","34,850",8.3,8.5,8,8.5,8,8.5,8.5,/images/Chotanagpur_Law_College.png
Central University of Jharkhand ,Jharkhand,Law,"20,320",--,7.5,8.3,7.5,8.5,7.2,5.3,8.1,/images/Central_University_of_Jharkhand.png
"RKDF University, Ranchi ",Jharkhand,Law,"30,000","55,000",--,--,--,--,--,--,--,"/images/RKDF_University,_Ranchi.png"
Jharkhand Rai University ,Jharkhand,Law,"75,000",--,7.7,8,7.5,8.8,7.3,6.9,7.8,/images/Jharkhand_Rai_University.png
Netaji Subhas University ,Jharkhand,Law,"50,000",--,9,9.5,9.4,8.7,9.2,8.5,8.7,/images/Netaji_Subhas_University.png
"Sai Nath University, Ranchi ",Jharkhand,Law,"63,000","20,000",6.8,7.4,6.7,6.8,6.9,6.9,6.3,"/images/Sai_Nath_University,_Ranchi.png"
Radha Govind University ,Jharkhand,Law,"30,000","40,000",8.6,8.9,8,8.7,8.9,8.4,8.5,/images/Radha_Govind_University.png
"Arka Jain University, Jamshedpur ",Jharkhand,Law,"78,000",--,8.1,8.1,7.7,8.1,8,7.5,9,"/images/Arka_Jain_University,_Jamshedpur.png"
"Amity University, Ranchi ",Jharkhand,Law,"1,25,000",--,7.8,8.2,7.5,8.5,7.2,7,8.2,"/images/Amity_University,_Ranchi.png"
"ICFAI University, Ranchi ",Jharkhand,Law,"60,000",--,7.2,7.8,6.1,8.6,6.4,6.7,7.4,"/images/ICFAI_University,_Ranchi.png"
Sarala Birla University ,Jharkhand,Law,"1,29,200",--,8.5,8.6,8.3,8.4,8.8,8.4,8.2,/images/Sarala_Birla_University.png
"Coxtan Administrative & Management College, Dhanbad ",Jharkhand,Law,"15,000",--,--,--,--,--,--,--,--,"/images/Coxtan_Administrative_&_Management_College,_Dhanbad.png"
"Jamshedpur Women's College, Jamshedpur ",Jharkhand,Law,"10,000",--,7.4,7.8,7.4,7.6,7.3,7.2,6.9,"/images/Jamshedpur_Women's_College,_Jamshedpur.png"
Jharkhand Vidhi Mahavidyalaya ,Jharkhand,Law,"18,600",--,--,--,--,--,--,--,--,/images/Jharkhand_Vidhi_Mahavidyalaya.png
"Kolhan University, Chaibasa ",Jharkhand,Law,--,--,7.3,7.4,6.7,8.1,6.7,6.9,7.7,"/images/Kolhan_University,_Chaibasa.png"
National University of Study and Research in ,Jharkhand,Law,"1,75,000","1,75,000",7.4,7.8,7.7,7.1,6.4,7.3,8,/images/National_University_of_Study_and_Research_in.png
Sido Kanhu Murmu University ,Jharkhand,Law,--,--,7.4,7.7,6.6,7.9,7.1,7.1,8,/images/Sido_Kanhu_Murmu_University.png
Vinoba Bhave University ,Jharkhand,Law,--,--,7.2,7.4,6.4,8,7.4,6.2,7.6,/images/Vinoba_Bhave_University.png
"Dr. Shyama Prasad Mukherjee University, Ranchi ",Jharkhand,Law,"40,000",--,6.5,7.2,5.2,6.8,6.9,6,7.1,"/images/Dr._Shyama_Prasad_Mukherjee_University,_Ranchi.png"
Binod Bihar Mahto Koylanchal University ,Jharkhand,Law,--,--,8.3,8.7,7.9,8.3,8.6,7.5,8.5,/images/Binod_Bihar_Mahto_Koylanchal_University.png
Maharishi Markandeshwar ,Himachal pradesh,Law,"65,500","65,500",8.6,9,8.2,8.9,8.2,8.4,8.9,/images/Maharishi_Markandeshwar.png
IEC University Baddi ,Himachal pradesh,Law,"88,600","33,600",7.6,7.5,7.5,7.4,7.7,8,7.5,/images/IEC_University_Baddi.png
Career Point University ,Himachal pradesh,Law,"65,000","44,000",7.5,7.5,7.4,7,7.6,6.6,8.6,/images/Career_Point_University.png
Bahra University ,Himachal pradesh,Law,"64,600","54,500",7.6,7.8,7.5,8,7.7,7,7.6,/images/Bahra_University.png
"AP Goyal Shimla University, Shimla ",Himachal pradesh,Law,"1,00,000","1,00,000",7.4,7,6.8,7.7,8,7.5,7.3,"/images/AP_Goyal_Shimla_University,_Shimla.png"
Maharaja Agrasen University ,Himachal pradesh,Law,"64,000","65,000",7.5,7.7,7.5,7.6,8.7,7,6.2,/images/Maharaja_Agrasen_University.png
"ICFAI University, Baddi ",Himachal pradesh,Law,"55,000",--,8,9,7,8,8,8,8,"/images/ICFAI_University,_Baddi.png"
Himachal Institute of Engineering and Technology ,Himachal pradesh,Law,"44,000",--,7.5,8.7,6.2,7.8,7.4,6.6,8,/images/Himachal_Institute_of_Engineering_and_Technology.png
"Himalayan Group of Professional Institutions, Sirmaur ",Himachal pradesh,Law,"54,000",--,8.2,8.4,7.6,8.4,8.4,8.2,8,"/images/Himalayan_Group_of_Professional_Institutions,_Sirmaur.png"
Manav Bharti University ,Himachal pradesh,Law,"45,000","45,000",6.2,5.3,4.7,6.7,7,6.3,7,/images/Manav_Bharti_University.png
"LR Institute of Legal Studies, Solan ",Himachal pradesh,Law,"60,000",--,--,--,--,--,--,--,--,"/images/LR_Institute_of_Legal_Studies,_Solan.png"
Himachal Pradesh University ,Himachal pradesh,Law,"42,000",--,7.2,7.7,6.7,7.7,7.3,6.1,7.7,/images/Himachal_Pradesh_University.png
International Centre For Distance Education And Open ,Himachal pradesh,Law,"7,440",--,--,--,--,--,--,--,--,/images/International_Centre_For_Distance_Education_And_Open.png
"Faculty of Legal Sciences, Shoolini University, Solan ",Himachal pradesh,Law,"1,22,290","1,09,526",9.5,--,--,--,--,--,--,"/images/Faculty_of_Legal_Sciences,_Shoolini_University,_Solan.png"
Himachal Pradesh National Law University ,Himachal pradesh,Law,"1,46,500","2,00,500",6.7,7.3,5.4,8.1,4.6,7.2,7.4,/images/Himachal_Pradesh_National_Law_University.png
"SHEDS College of Hospitality Management, Solan ",Himachal pradesh,Law,--,--,--,--,--,--,--,--,--,"/images/SHEDS_College_of_Hospitality_Management,_Solan.png"
"LR Group of Institutes, Solan ",Himachal pradesh,Law,"60,000",--,--,--,--,--,--,--,--,"/images/LR_Group_of_Institutes,_Solan.png"
"University of Jammu, Jammu ",Jammu,Law,--,--,6.6,7.5,6.8,7.4,7.6,4.9,5.6,"/images/University_of_Jammu,_Jammu.png"
"Dogra Law College, Jammu ",Jammu,Law,"40,353",--,8.3,8.5,8,9.8,8,6,9.5,"/images/Dogra_Law_College,_Jammu.png"
"Ashoka Law College, Kathua ",Jammu,Law,--,--,--,--,--,--,--,--,--,"/images/Ashoka_Law_College,_Kathua.png"
"Bhargava Law College, Jammu ",Jammu,Law,--,--,--,--,--,--,--,--,--,"/images/Bhargava_Law_College,_Jammu.png"
"KC Law College, Jammu ",Jammu,Law,--,--,7.9,8.8,7,8.4,7.6,8.1,7.6,"/images/KC_Law_College,_Jammu.png"
"Kashmir Law College, Srinagar ",Jammu,Law,"1,05,000",--,8.8,9,8.3,9.3,9,8.7,8.7,"/images/Kashmir_Law_College,_Srinagar.png"
Kashmir Creative Education Foundation ,Jammu,Law,--,--,--,--,--,--,--,--,--,/images/Kashmir_Creative_Education_Foundation.png
Central University of Kashmir ,Jammu,Law,"12,900","19,650",7.8,8.2,7.8,8.4,7.2,7.4,7.6,/images/Central_University_of_Kashmir.png
University of Kashmir ,Jammu,Law,"4,500",--,6.7,7,6.9,7.1,7.2,5.1,6.8,/images/University_of_Kashmir.png
"Directorate of Distance Education, University Of Kashmir, ",Jammu,Law,"6,350",--,--,--,--,--,--,--,--,"/images/Directorate_of_Distance_Education,_University_Of_Kashmir,.png"
"Department of Laws Panjab University, Chandigarh ",Chandigarh,Law,"13,452","48,187",--,--,--,--,--,--,--,"/images/Department_of_Laws_Panjab_University,_Chandigarh.png"
Panjab University ,Chandigarh,Law,"9,480","86,200",7.7,8.2,7.7,8,7.7,6.5,8.2,/images/Panjab_University.png
"University Institute of Legal Studies, Panjab University, ",Chandigarh,Law,"88,695","1,02,685",7.7,8.6,7,8.4,7.4,6.5,8.3,"/images/University_Institute_of_Legal_Studies,_Panjab_University,.png"
Goswami Ganesh Dutt Sanatan Dharama College ,Chandigarh,Law,--,--,8.1,8.6,7.6,8.5,8.1,7.1,8.8,/images/Goswami_Ganesh_Dutt_Sanatan_Dharama_College.png
"University Institute of Legal Studies, Chandigarh University ",Chandigarh,Law,"1,20,000","90,000",9.1,9.4,8.9,9.3,9.1,8.3,9.6,"/images/University_Institute_of_Legal_Studies,_Chandigarh_University.png"
"PG Government College for Girls, Chandigarh ",Chandigarh,Law,"28,350",--,8.1,7.7,7.4,8.9,8.3,8.2,8,"/images/PG_Government_College_for_Girls,_Chandigarh.png"
National Institute of Technology Goa,Goa,Engineering,"1,44,400","89,400",7.3,8.3,6,8.4,5.6,7.9,7.6,/images/National_Institute_of_Technology_Goa.png
Indian Institute of Technology Goa,Goa,Engineering,"2,29,900","32,019",8,8.4,7.9,8.5,7.9,7,8.4,/images/Indian_Institute_of_Technology_Goa.png
Birla Institute of Technology and Science ,Goa,Engineering,"3,99,475","3,99,475",8.5,8.4,8.3,7.8,8.7,8.7,8.9,/images/Birla_Institute_of_Technology_and_Science.png
Goa College of Engineering ,Goa,Engineering,"59,500","57,375",7.5,7.6,6.7,7.3,8,6.7,8.6,/images/Goa_College_of_Engineering.png
"Padre Conceicao College of Engineering, Salcete ",Goa,Engineering,"1,30,000","83,500",6.6,7.4,4.2,7.6,6.7,6.8,6.9,"/images/Padre_Conceicao_College_of_Engineering,_Salcete.png"
National Centre for Antarctic and Ocean Research ,Goa,Engineering,--,--,9.2,9,9,--,--,--,--,/images/National_Centre_for_Antarctic_and_Ocean_Research.png
"Shree Rayeshwar Institute of Engineering and Information Technology, North Goa ",Goa,Engineering,"1,02,300",--,6.6,6.6,5.9,6.8,6.2,7.2,6.8,"/images/Shree_Rayeshwar_Institute_of_Engineering_and_Information_Technology,_North_Goa.png"
National Institute of Oceanography ,Goa,Engineering,"14,000","14,000",8.8,9.5,8.8,8.9,9.3,8.3,8.2,/images/National_Institute_of_Oceanography.png
"Goa University, North Goa ",Goa,Engineering,"17,290",--,7.9,8.6,7.4,7.8,7.7,8,7.6,"/images/Goa_University,_North_Goa.png"
International Institute of Hotel Management ,Goa,Engineering,--,--,8.7,8.5,8.5,8.9,8.5,9.1,8.6,/images/International_Institute_of_Hotel_Management.png
"Government Polytechnic, Bicholim ",Goa,Engineering,--,--,--,--,--,--,--,--,--,"/images/Government_Polytechnic,_Bicholim.png"
"Agnel Polytechnic, South Goa ",Goa,Engineering,"37,200","37,200",--,--,--,--,--,--,--,"/images/Agnel_Polytechnic,_South_Goa.png"
"Government Polytechnic, Curchorem ",Goa,Engineering,"16,000",--,--,--,--,--,--,--,--,"/images/Government_Polytechnic,_Curchorem.png"
Government Polytechnic ,Goa,Engineering,"42,300","42,300",--,--,--,--,--,--,--,/images/Government_Polytechnic.png
Goa Institute of Management ,Goa,Management,"8,80,000","52,000",8.8,8.7,8.7,8.5,9.2,8.6,8.9,/images/Goa_Institute_of_Management.png
Sri Sri Institute of Management Studies ,Goa,Management,"3,67,000",--,--,--,--,--,--,--,--,/images/Sri_Sri_Institute_of_Management_Studies.png
Sridora Caculo College of Commerce and Management Studies ,Goa,Management,"61,804",--,7.3,8.3,7,8,6.7,6,8,/images/Sridora_Caculo_College_of_Commerce_and_Management_Studies.png
"St. Xavier's College, Bardez ",Goa,Management,"62,194",--,7.6,8.1,7.2,7.9,8.3,5.3,8.6,"/images/St._Xavier's_College,_Bardez.png"
"Ann Institute of Hotel Management and Catering Technology, North Goa ",Goa,Management,--,--,--,--,--,--,--,--,--,"/images/Ann_Institute_of_Hotel_Management_and_Catering_Technology,_North_Goa.png"
"Dnyanprassarak Mandal's College of Arts Science Commerce Management Studies & Technology, Bardez ",Goa,Management,--,--,6.6,7.2,5.2,7.8,7.2,5.8,6.4,"/images/Dnyanprassarak_Mandal's_College_of_Arts_Science_Commerce_Management_Studies_&_Technology,_Bardez.png"
Murgaon Education Societys College of Arts and Commerce ,Goa,Management,"62,275",--,8.1,9,7.5,8.5,8.7,6.7,8,/images/Murgaon_Education_Societys_College_of_Arts_and_Commerce.png
"Rosary College of Commerce and Arts, Salcete ",Goa,Management,"63,987",--,7.3,8,5.5,8.5,7.1,6.4,8,"/images/Rosary_College_of_Commerce_and_Arts,_Salcete.png"
"Goa College of Hospitality and Culinary Education , North Goa ",Goa,Management,"85,000",--,--,--,--,--,--,--,--,"/images/Goa_College_of_Hospitality_and_Culinary_Education_,_North_Goa.png"
"Shree Damodar College of Commerce and Economics, Salcete ",Goa,Management,"37,407",--,7.9,7.8,7.1,8.4,8.9,7,8.3,"/images/Shree_Damodar_College_of_Commerce_and_Economics,_Salcete.png"
"Narayan Zantye College of Commerce, North Goa ",Goa,Management,--,--,--,--,--,--,--,--,--,"/images/Narayan_Zantye_College_of_Commerce,_North_Goa.png"
"Goa University, North Goa ",Goa,Management,"1,28,875","85,162",7.9,8.6,7.4,7.8,7.7,8,7.6,"/images/Goa_University,_North_Goa.png"
"S. S. Dempo College of Commerce and Economics, Panji ",Goa,Management,"69,856","42,846",6.6,7.3,4.8,6.8,7.5,6.3,7,"/images/S._S._Dempo_College_of_Commerce_and_Economics,_Panji.png"
"Don Bosco College, Panji ",Goa,Management,"64,554",--,6.3,6.9,4.9,7,6.3,4.4,8.1,"/images/Don_Bosco_College,_Panji.png"
International Institute of Hotel Management ,Goa,Management,--,--,8.7,8.5,8.5,8.9,8.5,9.1,8.6,/images/International_Institute_of_Hotel_Management.png
Fr. Agnel College of Arts and Commerce ,Goa,Management,--,--,--,--,--,--,--,--,--,/images/Fr._Agnel_College_of_Arts_and_Commerce.png
"St. Xavier's College, Bardez ",Goa,Science,"7,640","13,010",7.6,8.1,7.2,7.9,8.3,5.3,8.6,"/images/St._Xavier's_College,_Bardez.png"
National Institute of Technology Goa,Goa,Science,"28,400",--,7.3,8.3,6,8.4,5.6,7.9,7.6,/images/National_Institute_of_Technology_Goa.png
Indian Institute of Technology Goa,Goa,Science,"29,919",--,8,8.4,7.9,8.5,7.9,7,8.4,/images/Indian_Institute_of_Technology_Goa.png
Birla Institute of Technology and Science ,Goa,Science,"3,99,475","78,625",8.5,8.4,8.3,7.8,8.7,8.7,8.9,/images/Birla_Institute_of_Technology_and_Science.png
"Government College of Arts Science and Commerce Sanquelim, North Goa ",Goa,Science,"8,520",--,--,--,--,--,--,--,--,"/images/Government_College_of_Arts_Science_and_Commerce_Sanquelim,_North_Goa.png"
National Centre for Antarctic and Ocean Research ,Goa,Science,--,--,9.2,9,9,--,--,--,--,/images/National_Centre_for_Antarctic_and_Ocean_Research.png
"Carmel College for Women, Salcete ",Goa,Science,"9,876",--,7.5,9,5.3,9.3,6.3,6.3,9,"/images/Carmel_College_for_Women,_Salcete.png"
"DCT’s Dhempe College of Arts and Science, Panji ",Goa,Science,"7,130",--,7.3,8.2,6.5,8,7.5,5.3,8.5,"/images/DCT’s_Dhempe_College_of_Arts_and_Science,_Panji.png"
"Dnyanprassarak Mandal's College of Arts Science Commerce Management Studies & Technology, Bardez ",Goa,Science,--,--,6.6,7.2,5.2,7.8,7.2,5.8,6.4,"/images/Dnyanprassarak_Mandal's_College_of_Arts_Science_Commerce_Management_Studies_&_Technology,_Bardez.png"
"Government College of Arts Science and Commerce Quepem, North Goa ",Goa,Science,"5,540",--,7.8,8,8,9.7,6.5,5,9.3,"/images/Government_College_of_Arts_Science_and_Commerce_Quepem,_North_Goa.png"
"Parvatibai Chowgule College of Arts and Science, Salcete ",Goa,Science,"19,305","1,06,140",7.6,7.3,6.3,8.5,8.3,6.6,8.5,"/images/Parvatibai_Chowgule_College_of_Arts_and_Science,_Salcete.png"
"Goa Medical College and Hospital, Tiswadi ",Goa,Science,--,--,8.3,8.5,7.5,8.7,8.1,8.4,8.5,"/images/Goa_Medical_College_and_Hospital,_Tiswadi.png"
National Institute of Oceanography ,Goa,Science,"14,000","50,000",8.8,9.5,8.8,8.9,9.3,8.3,8.2,/images/National_Institute_of_Oceanography.png
"Goa University, North Goa ",Goa,Science,"17,290","18,880",7.9,8.6,7.4,7.8,7.7,8,7.6,"/images/Goa_University,_North_Goa.png"
V.M. Salgaocar Institute of International Hospitality Education ,Goa,Science,--,--,--,--,--,--,--,--,--,/images/V.M._Salgaocar_Institute_of_International_Hospitality_Education.png
International Institute of Hotel Management ,Goa,Science,--,--,8.7,8.5,8.5,8.9,8.5,9.1,8.6,/images/International_Institute_of_Hotel_Management.png
"JD Institute of Fashion Technology, Panji ",Goa,Science,--,--,--,--,--,--,--,--,--,"/images/JD_Institute_of_Fashion_Technology,_Panji.png"
"Government College of Arts, Science and Commerce, North Goa ",Goa,Science,"8,800",--,--,--,--,--,--,--,--,"/images/Government_College_of_Arts,_Science_and_Commerce,_North_Goa.png"
Government Polytechnic ,Goa,Science,"42,300",--,--,--,--,--,--,--,--,/images/Government_Polytechnic.png
"St. Xavier's College, Bardez ",Goa,Commerce,"6,180","6,515",7.6,8.1,7.2,7.9,8.3,5.3,8.6,"/images/St._Xavier's_College,_Bardez.png"
Birla Institute of Technology and Science ,Goa,Commerce,"78,625",--,8.5,8.4,8.3,7.8,8.7,8.7,8.9,/images/Birla_Institute_of_Technology_and_Science.png
"Government College of Arts Science and Commerce Sanquelim, North Goa ",Goa,Commerce,"6,260",--,--,--,--,--,--,--,--,"/images/Government_College_of_Arts_Science_and_Commerce_Sanquelim,_North_Goa.png"
Sridora Caculo College of Commerce and Management Studies ,Goa,Commerce,"8,920",--,7.3,8.3,7,8,6.7,6,8,/images/Sridora_Caculo_College_of_Commerce_and_Management_Studies.png
"CES College of Arts and Commerce, Salcete ",Goa,Commerce,--,--,--,--,--,--,--,--,--,"/images/CES_College_of_Arts_and_Commerce,_Salcete.png"
"Carmel College for Women, Salcete ",Goa,Commerce,"8,906","33,906",7.5,9,5.3,9.3,6.3,6.3,9,"/images/Carmel_College_for_Women,_Salcete.png"
"Dnyanprassarak Mandal's College of Arts Science Commerce Management Studies & Technology, Bardez ",Goa,Commerce,--,--,6.6,7.2,5.2,7.8,7.2,5.8,6.4,"/images/Dnyanprassarak_Mandal's_College_of_Arts_Science_Commerce_Management_Studies_&_Technology,_Bardez.png"
"Government College of Arts Science and Commerce Quepem, North Goa ",Goa,Commerce,"4,760",--,7.8,8,8,9.7,6.5,5,9.3,"/images/Government_College_of_Arts_Science_and_Commerce_Quepem,_North_Goa.png"
Murgaon Education Societys College of Arts and Commerce ,Goa,Commerce,"7,708",--,8.1,9,7.5,8.5,8.7,6.7,8,/images/Murgaon_Education_Societys_College_of_Arts_and_Commerce.png
"Rosary College of Commerce and Arts, Salcete ",Goa,Commerce,"8,320","46,787",7.3,8,5.5,8.5,7.1,6.4,8,"/images/Rosary_College_of_Commerce_and_Arts,_Salcete.png"
"Shree Maliikarjun College of Arts and Commerce, South Goa ",Goa,Commerce,"8,780",--,9.5,--,--,--,--,--,--,"/images/Shree_Maliikarjun_College_of_Arts_and_Commerce,_South_Goa.png"
"Shree Damodar College of Commerce and Economics, Salcete ",Goa,Commerce,"7,805","44,640",7.9,7.8,7.1,8.4,8.9,7,8.3,"/images/Shree_Damodar_College_of_Commerce_and_Economics,_Salcete.png"
"Narayan Zantye College of Commerce, North Goa ",Goa,Commerce,"5,440","47,926",--,--,--,--,--,--,--,"/images/Narayan_Zantye_College_of_Commerce,_North_Goa.png"
"Goa University, North Goa ",Goa,Commerce,"10,000","11,105",7.9,8.6,7.4,7.8,7.7,8,7.6,"/images/Goa_University,_North_Goa.png"
"S. S. Dempo College of Commerce and Economics, Panji ",Goa,Commerce,"8,265","39,910",6.6,7.3,4.8,6.8,7.5,6.3,7,"/images/S._S._Dempo_College_of_Commerce_and_Economics,_Panji.png"
"Government College of Arts, Science and Commerce, North Goa ",Goa,Commerce,"7,250",--,--,--,--,--,--,--,--,"/images/Government_College_of_Arts,_Science_and_Commerce,_North_Goa.png"
Fr. Agnel College of Arts and Commerce ,Goa,Commerce,"7,880",--,--,--,--,--,--,--,--,/images/Fr._Agnel_College_of_Arts_and_Commerce.png
"Government College of Arts Science and Commerce Sanquelim, North Goa ",Goa,Arts,"6,260",--,--,--,--,--,--,--,--,"/images/Government_College_of_Arts_Science_and_Commerce_Sanquelim,_North_Goa.png"
"St. Xavier's College, Bardez ",Goa,Arts,"5,980","6,515",7.6,8.1,7.2,7.9,8.3,5.3,8.6,"/images/St._Xavier's_College,_Bardez.png"
National Institute of Technology Goa,Goa,Arts,"28,400",--,7.3,8.3,6,8.4,5.6,7.9,7.6,/images/National_Institute_of_Technology_Goa.png
Indian Institute of Technology Goa,Goa,Arts,"29,919",--,8,8.4,7.9,8.5,7.9,7,8.4,/images/Indian_Institute_of_Technology_Goa.png
Birla Institute of Technology and Science ,Goa,Arts,--,--,8.5,8.4,8.3,7.8,8.7,8.7,8.9,/images/Birla_Institute_of_Technology_and_Science.png
"CES College of Arts and Commerce, Salcete ",Goa,Arts,--,--,--,--,--,--,--,--,--,"/images/CES_College_of_Arts_and_Commerce,_Salcete.png"
"Carmel College for Women, Salcete ",Goa,Arts,"8,906",--,7.5,9,5.3,9.3,6.3,6.3,9,"/images/Carmel_College_for_Women,_Salcete.png"
"DCT’s Dhempe College of Arts and Science, Panji ",Goa,Arts,"6,660",--,7.3,8.2,6.5,8,7.5,5.3,8.5,"/images/DCT’s_Dhempe_College_of_Arts_and_Science,_Panji.png"
"Dnyanprassarak Mandal's College of Arts Science Commerce Management Studies & Technology, Bardez ",Goa,Arts,--,--,6.6,7.2,5.2,7.8,7.2,5.8,6.4,"/images/Dnyanprassarak_Mandal's_College_of_Arts_Science_Commerce_Management_Studies_&_Technology,_Bardez.png"
"Government College of Arts Science and Commerce Quepem, North Goa ",Goa,Arts,"4,760",--,7.8,8,8,9.7,6.5,5,9.3,"/images/Government_College_of_Arts_Science_and_Commerce_Quepem,_North_Goa.png"
Murgaon Education Societys College of Arts and Commerce ,Goa,Arts,"7,708",--,8.1,9,7.5,8.5,8.7,6.7,8,/images/Murgaon_Education_Societys_College_of_Arts_and_Commerce.png
"Rosary College of Commerce and Arts, Salcete ",Goa,Arts,"8,110",--,7.3,8,5.5,8.5,7.1,6.4,8,"/images/Rosary_College_of_Commerce_and_Arts,_Salcete.png"
"Shree Maliikarjun College of Arts and Commerce, South Goa ",Goa,Arts,"8,920",--,9.5,--,--,--,--,--,--,"/images/Shree_Maliikarjun_College_of_Arts_and_Commerce,_South_Goa.png"
"Parvatibai Chowgule College of Arts and Science, Salcete ",Goa,Arts,"63,060","18,035",7.6,7.3,6.3,8.5,8.3,6.6,8.5,"/images/Parvatibai_Chowgule_College_of_Arts_and_Science,_Salcete.png"
"Goa College of Art, Panji ",Goa,Arts,"23,320","30,000",6.2,7,6.5,7,6.5,3,7,"/images/Goa_College_of_Art,_Panji.png"
"Goa University, North Goa ",Goa,Arts,"31,690","27,874",7.9,8.6,7.4,7.8,7.7,8,7.6,"/images/Goa_University,_North_Goa.png"
"S. S. Dempo College of Commerce and Economics, Panji ",Goa,Arts,--,--,6.6,7.3,4.8,6.8,7.5,6.3,7,"/images/S._S._Dempo_College_of_Commerce_and_Economics,_Panji.png"
"Don Bosco College, Panji ",Goa,Arts,"23,339","50,339",6.3,6.9,4.9,7,6.3,4.4,8.1,"/images/Don_Bosco_College,_Panji.png"
International Institute of Hotel Management ,Goa,Arts,--,--,8.7,8.5,8.5,8.9,8.5,9.1,8.6,/images/International_Institute_of_Hotel_Management.png
"Government College of Arts, Science and Commerce, North Goa ",Goa,Arts,"8,280",--,--,--,--,--,--,--,--,"/images/Government_College_of_Arts,_Science_and_Commerce,_North_Goa.png"
Fr. Agnel College of Arts and Commerce ,Goa,Arts,"7,880",--,--,--,--,--,--,--,--,/images/Fr._Agnel_College_of_Arts_and_Commerce.png
Institute of Hotel Management Catering Technology and Applied Nutrition ,Goa,Hotel-management,"1,02,978","69,500",8.2,7.9,7.5,8.3,8.5,8.5,8.7,/images/Institute_of_Hotel_Management_Catering_Technology_and_Applied_Nutrition.png
"Ann Institute of Hotel Management and Catering Technology, North Goa ",Goa,Hotel-management,"1,95,000",--,--,--,--,--,--,--,--,"/images/Ann_Institute_of_Hotel_Management_and_Catering_Technology,_North_Goa.png"
"Goa College of Hospitality and Culinary Education , North Goa ",Goa,Hotel-management,"1,19,000","35,056",--,--,--,--,--,--,--,"/images/Goa_College_of_Hospitality_and_Culinary_Education_,_North_Goa.png"
Guardian Angel Institute of Hotel Management and Catering Technology ,Goa,Hotel-management,"40,000","40,000",--,--,--,--,--,--,--,/images/Guardian_Angel_Institute_of_Hotel_Management_and_Catering_Technology.png
"S. S. Dempo College of Commerce and Economics, Panji ",Goa,Hotel-management,--,--,6.6,7.3,4.8,6.8,7.5,6.3,7,"/images/S._S._Dempo_College_of_Commerce_and_Economics,_Panji.png"
Enviroskills Academy ,Goa,Hotel-management,"3,50,000","1,02,000",--,--,--,--,--,--,--,/images/Enviroskills_Academy.png
International Institute of Hotel Management ,Goa,Hotel-management,--,--,8.7,8.5,8.5,8.9,8.5,9.1,8.6,/images/International_Institute_of_Hotel_Management.png
ICAR-Central Coastal Agricultural Research Institute ,Goa,Agriculture,"60,000",--,--,--,--,--,--,--,--,/images/ICAR-Central_Coastal_Agricultural_Research_Institute.png
"Goa University, North Goa ",Goa,Agriculture,--,--,7.9,8.6,7.4,7.8,7.7,8,7.6,"/images/Goa_University,_North_Goa.png"
"Parvatibai Chowgule College of Arts and Science, Salcete ",Goa,Medical,"72,370","42,000",7.6,7.3,6.3,8.5,8.3,6.6,8.5,"/images/Parvatibai_Chowgule_College_of_Arts_and_Science,_Salcete.png"
"Goa Medical College and Hospital, Tiswadi ",Goa,Medical,"5,62,000",--,8.3,8.5,7.5,8.7,8.1,8.4,8.5,"/images/Goa_Medical_College_and_Hospital,_Tiswadi.png"
"Goa University, North Goa ",Goa,Medical,"47,734",--,7.9,8.6,7.4,7.8,7.7,8,7.6,"/images/Goa_University,_North_Goa.png"
"Goa College of Pharmacy, Panji ",Goa,Pharmacy,"88,100",--,5.4,7,4,6.7,4.5,4.8,5.3,"/images/Goa_College_of_Pharmacy,_Panji.png"
"Goa University, North Goa ",Goa,Pharmacy,"17,935",--,7.9,8.6,7.4,7.8,7.7,8,7.6,"/images/Goa_University,_North_Goa.png"
"VM Salgaocar College of Law, Panji ",Goa,Law,"21,000","26,400",8,8,8.2,8.1,7.9,7.6,8.4,"/images/VM_Salgaocar_College_of_Law,_Panji.png"
"Govind Ramnath Kare College of Law, South Goa ",Goa,Law,"27,882","39,512",5.8,8,6,5,8,4,3.5,"/images/Govind_Ramnath_Kare_College_of_Law,_South_Goa.png"
"Goa University, North Goa ",Goa,Law,"12,200","39,452",7.9,8.6,7.4,7.8,7.7,8,7.6,"/images/Goa_University,_North_Goa.png"
North Eastern Regional Institute of Science and Technology ,Arunachal pradesh,Engineering,"20,470","29,640",6.9,7.8,6.7,7.2,6.5,5.1,8.3,/images/North_Eastern_Regional_Institute_of_Science_and_Technology.png
National Institute of Technology Arunachal Pradesh,Arunachal pradesh,Engineering,"1,45,600","92,172",7.3,7.4,7.1,7.7,6.5,7.4,7.8,/images/National_Institute_of_Technology_Arunachal_Pradesh.png
"Arunodaya University, Itanagar ",Arunachal pradesh,Engineering,--,--,8.4,9,8.5,8.2,9,7.5,7.9,"/images/Arunodaya_University,_Itanagar.png"
Himalayan University ,Arunachal pradesh,Engineering,"81,000",--,8.6,8.6,8,8.9,9.1,8.1,9,/images/Himalayan_University.png
Apex Professional University ,Arunachal pradesh,Engineering,"70,000","87,000",7.4,7.5,7.5,7.5,7.5,7.5,7,/images/Apex_Professional_University.png
Rajiv Gandhi University ,Arunachal pradesh,Engineering,"19,850","16,800",7,7.4,6.6,7.7,7.6,5.4,7.2,/images/Rajiv_Gandhi_University.png
Arunachal University of Studies ,Arunachal pradesh,Engineering,"25,000","32,000",8.3,8.7,7.9,8.4,8.1,8.2,8.4,/images/Arunachal_University_of_Studies.png
North East Frontier Technical University ,Arunachal pradesh,Engineering,--,--,8.3,9,7.6,8.5,8.2,8.7,8,/images/North_East_Frontier_Technical_University.png
Venkateshwara Open University ,Arunachal pradesh,Engineering,"10,000",--,7.9,8.3,7.3,8.5,7.5,7.8,8.2,/images/Venkateshwara_Open_University.png
"Tomi Polytechnic College, Basar ",Arunachal pradesh,Engineering,"45,000",--,--,--,--,--,--,--,--,"/images/Tomi_Polytechnic_College,_Basar.png"
"Government Polytechnic Laying, Itanagar ",Arunachal pradesh,Engineering,--,--,--,--,--,--,--,--,--,"/images/Government_Polytechnic_Laying,_Itanagar.png"
"Government Polytechnic Roing, Roing ",Arunachal pradesh,Engineering,"15,050",--,--,--,--,--,--,--,--,"/images/Government_Polytechnic_Roing,_Roing.png"
Government Polytechnic ,Arunachal pradesh,Engineering,"15,350",--,--,--,--,--,--,--,--,/images/Government_Polytechnic.png
Rajiv Gandhi Government Polytechnic ,Arunachal pradesh,Engineering,"15,350",--,--,--,--,--,--,--,--,/images/Rajiv_Gandhi_Government_Polytechnic.png
"The Global University, Itanagar ",Arunachal pradesh,Engineering,"90,000","1,00,000",--,--,--,--,--,--,--,"/images/The_Global_University,_Itanagar.png"
"Arunodaya University, Itanagar ",Arunachal pradesh,Management,--,--,8.4,9,8.5,8.2,9,7.5,7.9,"/images/Arunodaya_University,_Itanagar.png"
Himalayan University ,Arunachal pradesh,Management,"81,000","7,000",8.6,8.6,8,8.9,9.1,8.1,9,/images/Himalayan_University.png
North Eastern Regional Institute of Science and Technology ,Arunachal pradesh,Management,"33,080","52,210",6.9,7.8,6.7,7.2,6.5,5.1,8.3,/images/North_Eastern_Regional_Institute_of_Science_and_Technology.png
National Institute of Technology Arunachal Pradesh,Arunachal pradesh,Management,"29,000",--,7.3,7.4,7.1,7.7,6.5,7.4,7.8,/images/National_Institute_of_Technology_Arunachal_Pradesh.png
Apex Professional University ,Arunachal pradesh,Management,"50,000","19,000",7.4,7.5,7.5,7.5,7.5,7.5,7,/images/Apex_Professional_University.png
Rajiv Gandhi University ,Arunachal pradesh,Management,"8,000","1,500",7,7.4,6.6,7.7,7.6,5.4,7.2,/images/Rajiv_Gandhi_University.png
Arunachal University of Studies ,Arunachal pradesh,Management,"63,000","60,000",8.3,8.7,7.9,8.4,8.1,8.2,8.4,/images/Arunachal_University_of_Studies.png
North East Frontier Technical University ,Arunachal pradesh,Management,--,--,8.3,9,7.6,8.5,8.2,8.7,8,/images/North_East_Frontier_Technical_University.png
Venkateshwara Open University ,Arunachal pradesh,Management,"25,000","38,000",7.9,8.3,7.3,8.5,7.5,7.8,8.2,/images/Venkateshwara_Open_University.png
"Indira Gandhi Technological And Medical Sciences University, Ziro ",Arunachal pradesh,Management,"58,500",--,--,--,--,--,--,--,--,"/images/Indira_Gandhi_Technological_And_Medical_Sciences_University,_Ziro.png"
Rajiv Gandhi Government Polytechnic ,Arunachal pradesh,Management,"15,350",--,--,--,--,--,--,--,--,/images/Rajiv_Gandhi_Government_Polytechnic.png
"The Global University, Itanagar ",Arunachal pradesh,Management,"30,000","30,000",--,--,--,--,--,--,--,"/images/The_Global_University,_Itanagar.png"
North Eastern Regional Institute of Science and Technology ,Arunachal pradesh,Science,"26,400","20,470",6.9,7.8,6.7,7.2,6.5,5.1,8.3,/images/North_Eastern_Regional_Institute_of_Science_and_Technology.png
"Arunodaya University, Itanagar ",Arunachal pradesh,Science,--,--,8.4,9,8.5,8.2,9,7.5,7.9,"/images/Arunodaya_University,_Itanagar.png"
National Institute of Technology Arunachal Pradesh,Arunachal pradesh,Science,"37,172",--,7.3,7.4,7.1,7.7,6.5,7.4,7.8,/images/National_Institute_of_Technology_Arunachal_Pradesh.png
Himalayan University ,Arunachal pradesh,Science,"81,000","10,000",8.6,8.6,8,8.9,9.1,8.1,9,/images/Himalayan_University.png
Dera Natung Government College ,Arunachal pradesh,Science,"6,250",--,4.3,4.7,1.5,6.3,5,2.3,6,/images/Dera_Natung_Government_College.png
Apex Professional University ,Arunachal pradesh,Science,"19,000","56,000",7.4,7.5,7.5,7.5,7.5,7.5,7,/images/Apex_Professional_University.png
"Jawaharlal Nehru College, East Siang ",Arunachal pradesh,Science,"6,740",--,--,--,--,--,--,--,--,"/images/Jawaharlal_Nehru_College,_East_Siang.png"
Rajiv Gandhi University ,Arunachal pradesh,Science,"11,250","8,800",7,7.4,6.6,7.7,7.6,5.4,7.2,/images/Rajiv_Gandhi_University.png
Arunachal University of Studies ,Arunachal pradesh,Science,"53,000","43,000",8.3,8.7,7.9,8.4,8.1,8.2,8.4,/images/Arunachal_University_of_Studies.png
"Institute of Distance Education, Rajiv Gandhi University, Itanagar ",Arunachal pradesh,Science,"7,180",--,--,--,--,--,--,--,--,"/images/Institute_of_Distance_Education,_Rajiv_Gandhi_University,_Itanagar.png"
North East Frontier Technical University ,Arunachal pradesh,Science,--,--,8.3,9,7.6,8.5,8.2,8.7,8,/images/North_East_Frontier_Technical_University.png
Venkateshwara Open University ,Arunachal pradesh,Science,"12,500","15,000",7.9,8.3,7.3,8.5,7.5,7.8,8.2,/images/Venkateshwara_Open_University.png
"Indira Gandhi Technological And Medical Sciences University, Ziro ",Arunachal pradesh,Science,"34,000","58,500",--,--,--,--,--,--,--,"/images/Indira_Gandhi_Technological_And_Medical_Sciences_University,_Ziro.png"
Rajiv Gandhi Government Polytechnic ,Arunachal pradesh,Science,"15,350",--,--,--,--,--,--,--,--,/images/Rajiv_Gandhi_Government_Polytechnic.png
"The Global University, Itanagar ",Arunachal pradesh,Science,"15,000","30,000",--,--,--,--,--,--,--,"/images/The_Global_University,_Itanagar.png"
"Mudo Tamo Memorial College, Lower Subansiri ",Arunachal pradesh,Science,"60,000",--,--,--,--,--,--,--,--,"/images/Mudo_Tamo_Memorial_College,_Lower_Subansiri.png"
"Arunodaya University, Itanagar ",Arunachal pradesh,Commerce,--,--,8.4,9,8.5,8.2,9,7.5,7.9,"/images/Arunodaya_University,_Itanagar.png"
Himalayan University ,Arunachal pradesh,Commerce,"81,000",--,8.6,8.6,8,8.9,9.1,8.1,9,/images/Himalayan_University.png
Dera Natung Government College ,Arunachal pradesh,Commerce,"6,250",--,4.3,4.7,1.5,6.3,5,2.3,6,/images/Dera_Natung_Government_College.png
Apex Professional University ,Arunachal pradesh,Commerce,"50,000","38,000",7.4,7.5,7.5,7.5,7.5,7.5,7,/images/Apex_Professional_University.png
"Indira Gandhi Government College, Lohit ",Arunachal pradesh,Commerce,--,--,--,--,--,--,--,--,--,"/images/Indira_Gandhi_Government_College,_Lohit.png"
"Jawaharlal Nehru College, East Siang ",Arunachal pradesh,Commerce,"6,340",--,--,--,--,--,--,--,--,"/images/Jawaharlal_Nehru_College,_East_Siang.png"
"Saint Claret College, Ziro ",Arunachal pradesh,Commerce,"42,600",--,--,--,--,--,--,--,--,"/images/Saint_Claret_College,_Ziro.png"
Rajiv Gandhi University ,Arunachal pradesh,Commerce,"6,000","20,025",7,7.4,6.6,7.7,7.6,5.4,7.2,/images/Rajiv_Gandhi_University.png
Arunachal University of Studies ,Arunachal pradesh,Commerce,"60,000","28,000",8.3,8.7,7.9,8.4,8.1,8.2,8.4,/images/Arunachal_University_of_Studies.png
North East Frontier Technical University ,Arunachal pradesh,Commerce,--,--,8.3,9,7.6,8.5,8.2,8.7,8,/images/North_East_Frontier_Technical_University.png
Venkateshwara Open University ,Arunachal pradesh,Commerce,"10,000","12,500",7.9,8.3,7.3,8.5,7.5,7.8,8.2,/images/Venkateshwara_Open_University.png
"Indira Gandhi Technological And Medical Sciences University, Ziro ",Arunachal pradesh,Commerce,"34,000",--,--,--,--,--,--,--,--,"/images/Indira_Gandhi_Technological_And_Medical_Sciences_University,_Ziro.png"
"Don Bosco College, Itanagar ",Arunachal pradesh,Commerce,"37,900",--,--,--,--,--,--,--,--,"/images/Don_Bosco_College,_Itanagar.png"
"The Global University, Itanagar ",Arunachal pradesh,Commerce,"13,000","13,000",--,--,--,--,--,--,--,"/images/The_Global_University,_Itanagar.png"
"Mahabodhi Lord Buddha College, Namsai ",Arunachal pradesh,Commerce,"30,000",--,--,--,--,--,--,--,--,"/images/Mahabodhi_Lord_Buddha_College,_Namsai.png"
Dera Natung Government College ,Arunachal pradesh,Arts,"6,250",--,4.3,4.7,1.5,6.3,5,2.3,6,/images/Dera_Natung_Government_College.png
North Eastern Regional Institute of Science and Technology ,Arunachal pradesh,Arts,"33,080",--,6.9,7.8,6.7,7.2,6.5,5.1,8.3,/images/North_Eastern_Regional_Institute_of_Science_and_Technology.png
"Arunodaya University, Itanagar ",Arunachal pradesh,Arts,--,--,8.4,9,8.5,8.2,9,7.5,7.9,"/images/Arunodaya_University,_Itanagar.png"
Himalayan University ,Arunachal pradesh,Arts,"81,000",--,8.6,8.6,8,8.9,9.1,8.1,9,/images/Himalayan_University.png
Apex Professional University ,Arunachal pradesh,Arts,"19,000","15,000",7.4,7.5,7.5,7.5,7.5,7.5,7,/images/Apex_Professional_University.png
"Indira Gandhi Government College, Lohit ",Arunachal pradesh,Arts,--,--,--,--,--,--,--,--,--,"/images/Indira_Gandhi_Government_College,_Lohit.png"
"Jawaharlal Nehru College, East Siang ",Arunachal pradesh,Arts,"5,940","3,030",--,--,--,--,--,--,--,"/images/Jawaharlal_Nehru_College,_East_Siang.png"
"Saint Claret College, Ziro ",Arunachal pradesh,Arts,"40,600",--,--,--,--,--,--,--,--,"/images/Saint_Claret_College,_Ziro.png"
"St Francis Sales College, West Siang ",Arunachal pradesh,Arts,"50,700",--,7.5,8,8,8,7,6,8,"/images/St_Francis_Sales_College,_West_Siang.png"
Rajiv Gandhi University ,Arunachal pradesh,Arts,"5,000","2,620",7,7.4,6.6,7.7,7.6,5.4,7.2,/images/Rajiv_Gandhi_University.png
Arunachal University of Studies ,Arunachal pradesh,Arts,"28,000","38,000",8.3,8.7,7.9,8.4,8.1,8.2,8.4,/images/Arunachal_University_of_Studies.png
"Institute of Distance Education, Rajiv Gandhi University, Itanagar ",Arunachal pradesh,Arts,"5,400","12,100",--,--,--,--,--,--,--,"/images/Institute_of_Distance_Education,_Rajiv_Gandhi_University,_Itanagar.png"
North East Frontier Technical University ,Arunachal pradesh,Arts,--,--,8.3,9,7.6,8.5,8.2,8.7,8,/images/North_East_Frontier_Technical_University.png
Venkateshwara Open University ,Arunachal pradesh,Arts,"20,000","12,500",7.9,8.3,7.3,8.5,7.5,7.8,8.2,/images/Venkateshwara_Open_University.png
"Indira Gandhi Technological And Medical Sciences University, Ziro ",Arunachal pradesh,Arts,"34,000","34,000",--,--,--,--,--,--,--,"/images/Indira_Gandhi_Technological_And_Medical_Sciences_University,_Ziro.png"
"Don Bosco College, Itanagar ",Arunachal pradesh,Arts,"37,300","40,900",--,--,--,--,--,--,--,"/images/Don_Bosco_College,_Itanagar.png"
Siang Royal Academy ,Arunachal pradesh,Arts,"25,000",--,--,--,--,--,--,--,--,/images/Siang_Royal_Academy.png
"The Global University, Itanagar ",Arunachal pradesh,Arts,"14,000","15,000",--,--,--,--,--,--,--,"/images/The_Global_University,_Itanagar.png"
"Mahabodhi Lord Buddha College, Namsai ",Arunachal pradesh,Arts,"30,000",--,--,--,--,--,--,--,--,"/images/Mahabodhi_Lord_Buddha_College,_Namsai.png"
"Mudo Tamo Memorial College, Lower Subansiri ",Arunachal pradesh,Arts,"30,000",--,--,--,--,--,--,--,--,"/images/Mudo_Tamo_Memorial_College,_Lower_Subansiri.png"
"Doying Gumin College, Pasighat ",Arunachal pradesh,Arts,"22,500",--,--,--,--,--,--,--,--,"/images/Doying_Gumin_College,_Pasighat.png"
"Arunodaya University, Itanagar ",Arunachal pradesh,Hotel-management,--,--,8.4,9,8.5,8.2,9,7.5,7.9,"/images/Arunodaya_University,_Itanagar.png"
Himalayan University ,Arunachal pradesh,Hotel-management,"85,000",--,8.6,8.6,8,8.9,9.1,8.1,9,/images/Himalayan_University.png
Apex Professional University ,Arunachal pradesh,Hotel-management,"19,000",--,7.4,7.5,7.5,7.5,7.5,7.5,7,/images/Apex_Professional_University.png
Arunachal University of Studies ,Arunachal pradesh,Hotel-management,"63,000","43,000",8.3,8.7,7.9,8.4,8.1,8.2,8.4,/images/Arunachal_University_of_Studies.png
North East Frontier Technical University ,Arunachal pradesh,Hotel-management,--,--,8.3,9,7.6,8.5,8.2,8.7,8,/images/North_East_Frontier_Technical_University.png
Venkateshwara Open University ,Arunachal pradesh,Hotel-management,"10,000",--,7.9,8.3,7.3,8.5,7.5,7.8,8.2,/images/Venkateshwara_Open_University.png
Rajiv Gandhi Government Polytechnic ,Arunachal pradesh,Hotel-management,"15,350",--,--,--,--,--,--,--,--,/images/Rajiv_Gandhi_Government_Polytechnic.png
"The Global University, Itanagar ",Arunachal pradesh,Hotel-management,"20,000","20,000",--,--,--,--,--,--,--,"/images/The_Global_University,_Itanagar.png"
National Research Centre on Yak ,Arunachal pradesh,Agriculture,--,--,7.8,8,8,7.5,7.5,8,8,/images/National_Research_Centre_on_Yak.png
North Eastern Regional Institute of Science and Technology ,Arunachal pradesh,Agriculture,"26,400","33,080",6.9,7.8,6.7,7.2,6.5,5.1,8.3,/images/North_Eastern_Regional_Institute_of_Science_and_Technology.png
"Arunodaya University, Itanagar ",Arunachal pradesh,Agriculture,--,--,8.4,9,8.5,8.2,9,7.5,7.9,"/images/Arunodaya_University,_Itanagar.png"
Himalayan University ,Arunachal pradesh,Agriculture,"81,000",--,8.6,8.6,8,8.9,9.1,8.1,9,/images/Himalayan_University.png
Apex Professional University ,Arunachal pradesh,Agriculture,"95,000","70,000",7.4,7.5,7.5,7.5,7.5,7.5,7,/images/Apex_Professional_University.png
"St Francis Sales College, West Siang ",Arunachal pradesh,Agriculture,--,--,7.5,8,8,8,7,6,8,"/images/St_Francis_Sales_College,_West_Siang.png"
Arunachal University of Studies ,Arunachal pradesh,Agriculture,"63,000","85,100",8.3,8.7,7.9,8.4,8.1,8.2,8.4,/images/Arunachal_University_of_Studies.png
North East Frontier Technical University ,Arunachal pradesh,Agriculture,--,--,8.3,9,7.6,8.5,8.2,8.7,8,/images/North_East_Frontier_Technical_University.png
"The Global University, Itanagar ",Arunachal pradesh,Agriculture,"25,000","30,000",--,--,--,--,--,--,--,"/images/The_Global_University,_Itanagar.png"
"Arunodaya University, Itanagar ",Arunachal pradesh,Medical,--,--,8.4,9,8.5,8.2,9,7.5,7.9,"/images/Arunodaya_University,_Itanagar.png"
Himalayan University ,Arunachal pradesh,Medical,"21,000",--,8.6,8.6,8,8.9,9.1,8.1,9,/images/Himalayan_University.png
Apex Professional University ,Arunachal pradesh,Medical,"1,00,000","60,000",7.4,7.5,7.5,7.5,7.5,7.5,7,/images/Apex_Professional_University.png
Rajiv Gandhi University ,Arunachal pradesh,Medical,"10,050",--,7,7.4,6.6,7.7,7.6,5.4,7.2,/images/Rajiv_Gandhi_University.png
Arunachal University of Studies ,Arunachal pradesh,Medical,"1,55,000","1,25,000",8.3,8.7,7.9,8.4,8.1,8.2,8.4,/images/Arunachal_University_of_Studies.png
North East Frontier Technical University ,Arunachal pradesh,Medical,--,--,8.3,9,7.6,8.5,8.2,8.7,8,/images/North_East_Frontier_Technical_University.png
"Indira Gandhi Technological And Medical Sciences University, Ziro ",Arunachal pradesh,Medical,"59,000","58,500",--,--,--,--,--,--,--,"/images/Indira_Gandhi_Technological_And_Medical_Sciences_University,_Ziro.png"
"North East Homoeopathic Medical College And Hospital, Itanagar ",Arunachal pradesh,Medical,"2,50,000",--,--,--,--,--,--,--,--,"/images/North_East_Homoeopathic_Medical_College_And_Hospital,_Itanagar.png"
"Sarah Institute of Paramedical Sciences, Itanagar ",Arunachal pradesh,Medical,"85,000",--,--,--,--,--,--,--,--,"/images/Sarah_Institute_of_Paramedical_Sciences,_Itanagar.png"
"The Global University, Itanagar ",Arunachal pradesh,Medical,"40,000","40,000",--,--,--,--,--,--,--,"/images/The_Global_University,_Itanagar.png"
Himalayan University ,Arunachal pradesh,Pharmacy,"81,000",--,8.6,8.6,8,8.9,9.1,8.1,9,/images/Himalayan_University.png
Apex Professional University ,Arunachal pradesh,Pharmacy,"1,20,000","70,000",7.4,7.5,7.5,7.5,7.5,7.5,7,/images/Apex_Professional_University.png
Arunachal University of Studies ,Arunachal pradesh,Pharmacy,"1,05,000","1,15,000",8.3,8.7,7.9,8.4,8.1,8.2,8.4,/images/Arunachal_University_of_Studies.png
North East Frontier Technical University ,Arunachal pradesh,Pharmacy,--,--,8.3,9,7.6,8.5,8.2,8.7,8,/images/North_East_Frontier_Technical_University.png
"The Global University, Itanagar ",Arunachal pradesh,Pharmacy,"60,000",--,--,--,--,--,--,--,--,"/images/The_Global_University,_Itanagar.png"
"Arunodaya University, Itanagar ",Arunachal pradesh,Law,--,--,8.4,9,8.5,8.2,9,7.5,7.9,"/images/Arunodaya_University,_Itanagar.png"
Himalayan University ,Arunachal pradesh,Law,"81,000",--,8.6,8.6,8,8.9,9.1,8.1,9,/images/Himalayan_University.png
Apex Professional University ,Arunachal pradesh,Law,"70,000","75,000",7.4,7.5,7.5,7.5,7.5,7.5,7,/images/Apex_Professional_University.png
Arunachal University of Studies ,Arunachal pradesh,Law,"85,100","48,000",8.3,8.7,7.9,8.4,8.1,8.2,8.4,/images/Arunachal_University_of_Studies.png
North East Frontier Technical University ,Arunachal pradesh,Law,--,--,8.3,9,7.6,8.5,8.2,8.7,8,/images/North_East_Frontier_Technical_University.png
"Indira Gandhi Technological And Medical Sciences University, Ziro ",Arunachal pradesh,Law,"58,000",--,--,--,--,--,--,--,--,"/images/Indira_Gandhi_Technological_And_Medical_Sciences_University,_Ziro.png"
"The Global University, Itanagar ",Arunachal pradesh,Law,"35,000","15,000",--,--,--,--,--,--,--,"/images/The_Global_University,_Itanagar.png"
National Institute of Technology Meghalaya,Meghalaya,Engineering,"2,53,700","43,000",7.3,8.1,7,7.9,6.1,7.1,7.5,/images/National_Institute_of_Technology_Meghalaya.png
"CMJ University, Ri-Bhoi ",Meghalaya,Engineering,"3,75,000","2,35,000",8.3,8.8,7.8,8.5,7.8,8.2,8.6,"/images/CMJ_University,_Ri-Bhoi.png"
North-Eastern Hill University ,Meghalaya,Engineering,"5,060","5,010",7.9,7.9,7.8,8.2,8.4,6.6,8.2,/images/North-Eastern_Hill_University.png
William Carey University ,Meghalaya,Engineering,"1,06,000","1,06,000",8.5,9.2,8.4,8.4,8.2,8.1,8.6,/images/William_Carey_University.png
Mahatma Gandhi University ,Meghalaya,Engineering,"16,000",--,8.1,9,7,9,9,6.3,8.4,/images/Mahatma_Gandhi_University.png
"MIT University, Shillong ",Meghalaya,Engineering,"1,35,000",--,3.8,4.8,2.5,3.8,3.3,4.5,3.8,"/images/MIT_University,_Shillong.png"
Regional Institute of Science and Technolog ,Meghalaya,Engineering,"1,25,000",--,8.2,9,8,7.7,9,7,8.3,/images/Regional_Institute_of_Science_and_Technolog.png
"Tura Polytechnic College, Tura ",Meghalaya,Engineering,"3,516",--,--,--,--,--,--,--,--,"/images/Tura_Polytechnic_College,_Tura.png"
"Shillong Polytechnic, Mawlai ",Meghalaya,Engineering,--,--,--,--,--,--,--,--,--,"/images/Shillong_Polytechnic,_Mawlai.png"
"Jowai Polytechnic, Jowai ",Meghalaya,Engineering,"1,500",--,--,--,--,--,--,--,--,"/images/Jowai_Polytechnic,_Jowai.png"
Indian Institute of Management ,Meghalaya,Management,"1,46,000","7,50,000",8.9,8.8,8.8,9,8.9,8.9,8.7,/images/Indian_Institute_of_Management.png
Martin Luther Christian University ,Meghalaya,Management,"1,57,400","23,250",7.9,8.3,8,8.4,7,7.4,8.1,/images/Martin_Luther_Christian_University.png
"CMJ University, Ri-Bhoi ",Meghalaya,Management,"1,45,000","1,10,000",8.3,8.8,7.8,8.5,7.8,8.2,8.6,"/images/CMJ_University,_Ri-Bhoi.png"
University of Science and Technology ,Meghalaya,Management,"1,45,000","1,80,000",8.4,8.7,8.1,8.7,8.5,7.9,8.5,/images/University_of_Science_and_Technology.png
North-Eastern Hill University ,Meghalaya,Management,"13,950","5,060",7.9,7.9,7.8,8.2,8.4,6.6,8.2,/images/North-Eastern_Hill_University.png
William Carey University ,Meghalaya,Management,"1,18,000","74,000",8.5,9.2,8.4,8.4,8.2,8.1,8.6,/images/William_Carey_University.png
Mahatma Gandhi University ,Meghalaya,Management,"50,000","80,000",8.1,9,7,9,9,6.3,8.4,/images/Mahatma_Gandhi_University.png
National Institute of Fashion Technology ,Meghalaya,Management,"2,06,750",--,8.7,8.3,8,8.8,9,8.9,8.9,/images/National_Institute_of_Fashion_Technology.png
"ICFAI University, Shillong ",Meghalaya,Management,"41,000","1,19,000",7.1,7.2,6.7,7.3,7.2,7.4,6.8,"/images/ICFAI_University,_Shillong.png"
"MIT University, Shillong ",Meghalaya,Management,"55,000","1,15,000",3.8,4.8,2.5,3.8,3.3,4.5,3.8,"/images/MIT_University,_Shillong.png"
"Lady Keane College, Shillong ",Meghalaya,Management,"44,520",--,--,--,--,--,--,--,--,"/images/Lady_Keane_College,_Shillong.png"
"St Anthony's College, Shillong ",Meghalaya,Management,--,--,8.3,8.9,7.4,8.4,8.9,6.9,9,"/images/St_Anthony's_College,_Shillong.png"
"Shillong College, Shillong ",Meghalaya,Management,"35,310",--,7,6.5,6,8.6,6.7,6.4,7.8,"/images/Shillong_College,_Shillong.png"
Techno Global University ,Meghalaya,Management,"3,00,000",--,8.1,8,8.5,9,8,7,8,/images/Techno_Global_University.png
Indian Institute of Management ,Meghalaya,Science,"60,000",--,8.9,8.8,8.8,9,8.9,8.9,8.7,/images/Indian_Institute_of_Management.png
National Institute of Technology Meghalaya,Meghalaya,Science,"39,000","43,000",7.3,8.1,7,7.9,6.1,7.1,7.5,/images/National_Institute_of_Technology_Meghalaya.png
"CMJ University, Ri-Bhoi ",Meghalaya,Science,"28,000","95,000",8.3,8.8,7.8,8.5,7.8,8.2,8.6,"/images/CMJ_University,_Ri-Bhoi.png"
North-Eastern Hill University ,Meghalaya,Science,"5,010","45,000",7.9,7.9,7.8,8.2,8.4,6.6,8.2,/images/North-Eastern_Hill_University.png
Martin Luther Christian University ,Meghalaya,Science,"1,09,900","1,57,400",7.9,8.3,8,8.4,7,7.4,8.1,/images/Martin_Luther_Christian_University.png
University of Science and Technology ,Meghalaya,Science,"1,48,000","1,01,000",8.4,8.7,8.1,8.7,8.5,7.9,8.5,/images/University_of_Science_and_Technology.png
Mahatma Gandhi University ,Meghalaya,Science,"50,000","40,000",8.1,9,7,9,9,6.3,8.4,/images/Mahatma_Gandhi_University.png
William Carey University ,Meghalaya,Science,"1,14,000","66,000",8.5,9.2,8.4,8.4,8.2,8.1,8.6,/images/William_Carey_University.png
"Lady Keane College, Shillong ",Meghalaya,Science,"32,120",--,--,--,--,--,--,--,--,"/images/Lady_Keane_College,_Shillong.png"
"Sankardev College, Shillong ",Meghalaya,Science,"19,910",--,8.1,8.7,8,8,8,7.7,8,"/images/Sankardev_College,_Shillong.png"
"St Anthony's College, Shillong ",Meghalaya,Science,--,--,8.3,8.9,7.4,8.4,8.9,6.9,9,"/images/St_Anthony's_College,_Shillong.png"
"St Mary's College, Shillong ",Meghalaya,Science,"30,620",--,7.2,7,8,8,7.7,5.3,7.3,"/images/St_Mary's_College,_Shillong.png"
"Synod College, Shillong ",Meghalaya,Science,--,--,3.5,4.3,1,5,3.5,2,5,"/images/Synod_College,_Shillong.png"
"Union Christian College, Shillong ",Meghalaya,Science,"27,540",--,8.4,9,8.5,7.7,9,6.6,9.7,"/images/Union_Christian_College,_Shillong.png"
"Shillong College, Shillong ",Meghalaya,Science,"32,610",--,7,6.5,6,8.6,6.7,6.4,7.8,"/images/Shillong_College,_Shillong.png"
"St. Edmund's College, Shillong ",Meghalaya,Science,"72,220",--,--,--,--,--,--,--,--,"/images/St._Edmund's_College,_Shillong.png"
"CMJ University, Ri-Bhoi ",Meghalaya,Commerce,"65,000","85,000",8.3,8.8,7.8,8.5,7.8,8.2,8.6,"/images/CMJ_University,_Ri-Bhoi.png"
North-Eastern Hill University ,Meghalaya,Commerce,"4,810","13,350",7.9,7.9,7.8,8.2,8.4,6.6,8.2,/images/North-Eastern_Hill_University.png
Martin Luther Christian University ,Meghalaya,Commerce,"88,500","1,17,360",7.9,8.3,8,8.4,7,7.4,8.1,/images/Martin_Luther_Christian_University.png
University of Science and Technology ,Meghalaya,Commerce,"1,80,000","78,000",8.4,8.7,8.1,8.7,8.5,7.9,8.5,/images/University_of_Science_and_Technology.png
Mahatma Gandhi University ,Meghalaya,Commerce,"30,000","40,000",8.1,9,7,9,9,6.3,8.4,/images/Mahatma_Gandhi_University.png
William Carey University ,Meghalaya,Commerce,"87,300","36,500",8.5,9.2,8.4,8.4,8.2,8.1,8.6,/images/William_Carey_University.png
"ICFAI University, Shillong ",Meghalaya,Commerce,"22,000","60,000",7.1,7.2,6.7,7.3,7.2,7.4,6.8,"/images/ICFAI_University,_Shillong.png"
Jaintia Eastern College ,Meghalaya,Commerce,"15,200",--,--,--,--,--,--,--,--,/images/Jaintia_Eastern_College.png
"St Anthony's College, Shillong ",Meghalaya,Commerce,--,--,8.3,8.9,7.4,8.4,8.9,6.9,9,"/images/St_Anthony's_College,_Shillong.png"
"St Mary's College, Shillong ",Meghalaya,Commerce,"19,320",--,7.2,7,8,8,7.7,5.3,7.3,"/images/St_Mary's_College,_Shillong.png"
"Synod College, Shillong ",Meghalaya,Commerce,--,--,3.5,4.3,1,5,3.5,2,5,"/images/Synod_College,_Shillong.png"
"Umshyrpi College, Shillong ",Meghalaya,Commerce,"24,550",--,7.6,8,7,7.5,8,8,7,"/images/Umshyrpi_College,_Shillong.png"
"Union Christian College, Shillong ",Meghalaya,Commerce,"21,540",--,8.4,9,8.5,7.7,9,6.6,9.7,"/images/Union_Christian_College,_Shillong.png"
"Shillong College, Shillong ",Meghalaya,Commerce,"20,730",--,7,6.5,6,8.6,6.7,6.4,7.8,"/images/Shillong_College,_Shillong.png"
"St. Edmund's College, Shillong ",Meghalaya,Commerce,"41,820",--,--,--,--,--,--,--,--,"/images/St._Edmund's_College,_Shillong.png"
Indian Institute of Management ,Meghalaya,Arts,"7,50,000",--,8.9,8.8,8.8,9,8.9,8.9,8.7,/images/Indian_Institute_of_Management.png
"CMJ University, Ri-Bhoi ",Meghalaya,Arts,"75,000","91,000",8.3,8.8,7.8,8.5,7.8,8.2,8.6,"/images/CMJ_University,_Ri-Bhoi.png"
North-Eastern Hill University ,Meghalaya,Arts,"4,910","8,210",7.9,7.9,7.8,8.2,8.4,6.6,8.2,/images/North-Eastern_Hill_University.png
Martin Luther Christian University ,Meghalaya,Arts,"30,500","88,500",7.9,8.3,8,8.4,7,7.4,8.1,/images/Martin_Luther_Christian_University.png
University of Science and Technology ,Meghalaya,Arts,"1,05,000","88,000",8.4,8.7,8.1,8.7,8.5,7.9,8.5,/images/University_of_Science_and_Technology.png
Mahatma Gandhi University ,Meghalaya,Arts,"40,000","24,000",8.1,9,7,9,9,6.3,8.4,/images/Mahatma_Gandhi_University.png
William Carey University ,Meghalaya,Arts,"46,000","83,000",8.5,9.2,8.4,8.4,8.2,8.1,8.6,/images/William_Carey_University.png
"ICFAI University, Shillong ",Meghalaya,Arts,"20,000","50,000",7.1,7.2,6.7,7.3,7.2,7.4,6.8,"/images/ICFAI_University,_Shillong.png"
Jaintia Eastern College ,Meghalaya,Arts,"15,000",--,--,--,--,--,--,--,--,/images/Jaintia_Eastern_College.png
"Lady Keane College, Shillong ",Meghalaya,Arts,"19,870",200,--,--,--,--,--,--,--,"/images/Lady_Keane_College,_Shillong.png"
"Sankardev College, Shillong ",Meghalaya,Arts,"14,510",--,8.1,8.7,8,8,8,7.7,8,"/images/Sankardev_College,_Shillong.png"
"St Anthony's College, Shillong ",Meghalaya,Arts,--,--,8.3,8.9,7.4,8.4,8.9,6.9,9,"/images/St_Anthony's_College,_Shillong.png"
"St Mary's College, Shillong ",Meghalaya,Arts,"19,970",--,7.2,7,8,8,7.7,5.3,7.3,"/images/St_Mary's_College,_Shillong.png"
"Synod College, Shillong ",Meghalaya,Arts,--,--,3.5,4.3,1,5,3.5,2,5,"/images/Synod_College,_Shillong.png"
"Umshyrpi College, Shillong ",Meghalaya,Arts,"24,550",--,7.6,8,7,7.5,8,8,7,"/images/Umshyrpi_College,_Shillong.png"
"Union Christian College, Shillong ",Meghalaya,Arts,"41,230",--,8.4,9,8.5,7.7,9,6.6,9.7,"/images/Union_Christian_College,_Shillong.png"
"Harding Theological College, West Garo Hills ",Meghalaya,Arts,--,--,--,--,--,--,--,--,--,"/images/Harding_Theological_College,_West_Garo_Hills.png"
English and Foreign Languages University ,Meghalaya,Arts,--,--,8.3,9,8.3,8.3,9,7.7,7.3,/images/English_and_Foreign_Languages_University.png
"Shillong College, Shillong ",Meghalaya,Arts,"20,730","34,110",7,6.5,6,8.6,6.7,6.4,7.8,"/images/Shillong_College,_Shillong.png"
Techno Global University ,Meghalaya,Arts,"2,50,000","3,00,000",8.1,8,8.5,9,8,7,8,/images/Techno_Global_University.png
"St. Edmund's College, Shillong ",Meghalaya,Arts,"28,620","42,220",--,--,--,--,--,--,--,"/images/St._Edmund's_College,_Shillong.png"
"CMJ University, Ri-Bhoi ",Meghalaya,Hotel-management,"1,20,000","2,55,000",8.3,8.8,7.8,8.5,7.8,8.2,8.6,"/images/CMJ_University,_Ri-Bhoi.png"
Mahatma Gandhi University ,Meghalaya,Hotel-management,"70,000","70,000",8.1,9,7,9,9,6.3,8.4,/images/Mahatma_Gandhi_University.png
William Carey University ,Meghalaya,Hotel-management,"76,000","81,500",8.5,9.2,8.4,8.4,8.2,8.1,8.6,/images/William_Carey_University.png
"Institute of Hotel Management Catering Technology and Applied Nutrition, Shillong ",Meghalaya,Hotel-management,"1,16,800","55,000",8.1,8,7.5,8.3,8.5,8.4,8.1,"/images/Institute_of_Hotel_Management_Catering_Technology_and_Applied_Nutrition,_Shillong.png"
"CMJ University, Ri-Bhoi ",Meghalaya,Agriculture,"2,35,000","2,20,000",8.3,8.8,7.8,8.5,7.8,8.2,8.6,"/images/CMJ_University,_Ri-Bhoi.png"
William Carey University ,Meghalaya,Agriculture,"1,21,000","74,000",8.5,9.2,8.4,8.4,8.2,8.1,8.6,/images/William_Carey_University.png
Techno Global University ,Meghalaya,Agriculture,"2,40,000","2,50,000",8.1,8,8.5,9,8,7,8,/images/Techno_Global_University.png
"Tura Polytechnic College, Tura ",Meghalaya,Agriculture,"3,516",--,--,--,--,--,--,--,--,"/images/Tura_Polytechnic_College,_Tura.png"
"CMJ University, Ri-Bhoi ",Meghalaya,Medical,"95,000","23,000",8.3,8.8,7.8,8.5,7.8,8.2,8.6,"/images/CMJ_University,_Ri-Bhoi.png"
Martin Luther Christian University ,Meghalaya,Medical,"1,09,900","73,900",7.9,8.3,8,8.4,7,7.4,8.1,/images/Martin_Luther_Christian_University.png
University of Science and Technology ,Meghalaya,Medical,"1,38,000","1,03,000",8.4,8.7,8.1,8.7,8.5,7.9,8.5,/images/University_of_Science_and_Technology.png
Mahatma Gandhi University ,Meghalaya,Medical,"70,000","88,000",8.1,9,7,9,9,6.3,8.4,/images/Mahatma_Gandhi_University.png
North Eastern Indira Gandhi Regional Institute of Health and Medical Sciences ,Meghalaya,Medical,"6,020","5,225",8.6,8.7,8.1,9,8.5,8.4,8.6,/images/North_Eastern_Indira_Gandhi_Regional_Institute_of_Health_and_Medical_Sciences.png
Indian Institute of Public Health ,Meghalaya,Medical,"1,10,000",--,--,--,--,--,--,--,--,/images/Indian_Institute_of_Public_Health.png
"CMJ University, Ri-Bhoi ",Meghalaya,Pharmacy,"1,80,000","3,50,000",8.3,8.8,7.8,8.5,7.8,8.2,8.6,"/images/CMJ_University,_Ri-Bhoi.png"
University of Science and Technology ,Meghalaya,Pharmacy,"1,84,000","1,69,000",8.4,8.7,8.1,8.7,8.5,7.9,8.5,/images/University_of_Science_and_Technology.png
Mahatma Gandhi University ,Meghalaya,Pharmacy,"1,20,000","1,00,000",8.1,9,7,9,9,6.3,8.4,/images/Mahatma_Gandhi_University.png
"CMJ University, Ri-Bhoi ",Meghalaya,Law,"1,45,000","1,75,000",8.3,8.8,7.8,8.5,7.8,8.2,8.6,"/images/CMJ_University,_Ri-Bhoi.png"
North-Eastern Hill University ,Meghalaya,Law,"13,950","4,610",7.9,7.9,7.8,8.2,8.4,6.6,8.2,/images/North-Eastern_Hill_University.png
University of Science and Technology ,Meghalaya,Law,"95,000",--,8.4,8.7,8.1,8.7,8.5,7.9,8.5,/images/University_of_Science_and_Technology.png
Mahatma Gandhi University ,Meghalaya,Law,"50,000","70,000",8.1,9,7,9,9,6.3,8.4,/images/Mahatma_Gandhi_University.png
National Institute of Technology Nagaland,Nagaland,Engineering,"1,33,800","85,700",7,7.3,6,7.5,6.3,7.2,7.8,/images/National_Institute_of_Technology_Nagaland.png
"St.Joseph University, Dimapur ",Nagaland,Engineering,"1,23,000",--,8.1,8.4,7.9,8.3,8,8.1,8.1,"/images/St.Joseph_University,_Dimapur.png"
"Nagaland University, Zunhebotto ",Nagaland,Engineering,"26,960",--,8.1,8.1,7.7,8.7,7.8,7.8,8.3,"/images/Nagaland_University,_Zunhebotto.png"
The Global Open University ,Nagaland,Engineering,"6,525",--,7.8,8.9,7.3,8.4,7.6,7.3,7.4,/images/The_Global_Open_University.png
"Government Polytechnic, Kohima ",Nagaland,Engineering,"7,450",--,--,--,--,--,--,--,--,"/images/Government_Polytechnic,_Kohima.png"
"Khelhoshe Polytechnic Atoizu[KPA], Kohima ",Nagaland,Engineering,"11,100",--,--,--,--,--,--,--,--,"/images/Khelhoshe_Polytechnic_Atoizu[KPA],_Kohima.png"
"Government Polytechnic Seithekema C, Dimapur ",Nagaland,Engineering,"8,000",--,--,--,--,--,--,--,--,"/images/Government_Polytechnic_Seithekema_C,_Dimapur.png"
Government Polytechnic Tsunazho ,Nagaland,Engineering,"7,550",--,--,--,--,--,--,--,--,/images/Government_Polytechnic_Tsunazho.png
"Government Polytechnic Sedem, Tuensang ",Nagaland,Engineering,"10,500",--,--,--,--,--,--,--,--,"/images/Government_Polytechnic_Sedem,_Tuensang.png"
"Institute of Communication and Information Technology, Kohima ",Nagaland,Engineering,--,--,--,--,--,--,--,--,--,"/images/Institute_of_Communication_and_Information_Technology,_Kohima.png"
"St.Joseph University, Dimapur ",Nagaland,Management,"63,000","42,500",8.1,8.4,7.9,8.3,8,8.1,8.1,"/images/St.Joseph_University,_Dimapur.png"
"Nagaland University, Zunhebotto ",Nagaland,Management,"24,240",--,8.1,8.1,7.7,8.7,7.8,7.8,8.3,"/images/Nagaland_University,_Zunhebotto.png"
"ICFAI University, Dimapur ",Nagaland,Management,"47,470","1,47,600",7.4,7.1,7.1,7.8,8.2,7,7.3,"/images/ICFAI_University,_Dimapur.png"
"St Joseph's College, Kohima ",Nagaland,Management,"31,300",--,8.4,9,7.9,8.5,8.9,7.1,9.2,"/images/St_Joseph's_College,_Kohima.png"
The Global Open University ,Nagaland,Management,"31,625","24,125",7.8,8.9,7.3,8.4,7.6,7.3,7.4,/images/The_Global_Open_University.png
Modern College Kohima ,Nagaland,Management,"3,000",--,--,--,--,--,--,--,--,/images/Modern_College_Kohima.png
"Tetso College, Dimapur ",Nagaland,Management,"42,000",--,--,--,--,--,--,--,--,"/images/Tetso_College,_Dimapur.png"
"Nagaland University, Zunhebotto ",Nagaland,Science,"10,300","30,290",8.1,8.1,7.7,8.7,7.8,7.8,8.3,"/images/Nagaland_University,_Zunhebotto.png"
National Research Centre on Mithun ,Nagaland,Science,--,--,--,--,--,--,--,--,--,/images/National_Research_Centre_on_Mithun.png
National Institute of Technology Nagaland,Nagaland,Science,"24,700","10,850",7,7.3,6,7.5,6.3,7.2,7.8,/images/National_Institute_of_Technology_Nagaland.png
"St.Joseph University, Dimapur ",Nagaland,Science,"75,000","56,000",8.1,8.4,7.9,8.3,8,8.1,8.1,"/images/St.Joseph_University,_Dimapur.png"
"Immanuel College, Dimapur ",Nagaland,Science,"28,540",--,5.3,6,5,8,5,1,7,"/images/Immanuel_College,_Dimapur.png"
"Patkai Christian College, Dimapur ",Nagaland,Science,"17,000","18,600",8.1,9,7,9.4,8.3,5.8,9,"/images/Patkai_Christian_College,_Dimapur.png"
"St Joseph's College, Kohima ",Nagaland,Science,"34,300",--,8.4,9,7.9,8.5,8.9,7.1,9.2,"/images/St_Joseph's_College,_Kohima.png"
Kohima Science College ,Nagaland,Science,"12,550","19,070",7.6,8.6,7.6,8.3,7.2,6,8,/images/Kohima_Science_College.png
The Global Open University ,Nagaland,Science,"24,125","24,125",7.8,8.9,7.3,8.4,7.6,7.3,7.4,/images/The_Global_Open_University.png
"Fazl Ali College, Mokokchung ",Nagaland,Science,"9,050",--,7.5,8.2,7.3,7.8,7.6,6.2,7.6,"/images/Fazl_Ali_College,_Mokokchung.png"
Modern College Kohima ,Nagaland,Science,"2,000",--,--,--,--,--,--,--,--,/images/Modern_College_Kohima.png
Model Christian College ,Nagaland,Science,"43,300",--,--,--,--,--,--,--,--,/images/Model_Christian_College.png
"Nagaland University, Zunhebotto ",Nagaland,Commerce,"7,470","26,090",8.1,8.1,7.7,8.7,7.8,7.8,8.3,"/images/Nagaland_University,_Zunhebotto.png"
"St.Joseph University, Dimapur ",Nagaland,Commerce,"40,600","47,500",8.1,8.4,7.9,8.3,8,8.1,8.1,"/images/St.Joseph_University,_Dimapur.png"
"ICFAI University, Dimapur ",Nagaland,Commerce,"34,900","61,300",7.4,7.1,7.1,7.8,8.2,7,7.3,"/images/ICFAI_University,_Dimapur.png"
"Dimapur Government College, Dimapur ",Nagaland,Commerce,"7,590",--,7,8.2,5.9,8.6,6.4,6.2,6.7,"/images/Dimapur_Government_College,_Dimapur.png"
"Kohima College, Kohima ",Nagaland,Commerce,"13,020",--,7,7.6,6,7.5,7.6,6.2,7,"/images/Kohima_College,_Kohima.png"
"Patkai Christian College, Dimapur ",Nagaland,Commerce,"12,000",--,8.1,9,7,9.4,8.3,5.8,9,"/images/Patkai_Christian_College,_Dimapur.png"
"St Joseph's College, Kohima ",Nagaland,Commerce,"24,000",--,8.4,9,7.9,8.5,8.9,7.1,9.2,"/images/St_Joseph's_College,_Kohima.png"
The Global Open University ,Nagaland,Commerce,"24,125","24,125",7.8,8.9,7.3,8.4,7.6,7.3,7.4,/images/The_Global_Open_University.png
Public College of Commerce ,Nagaland,Commerce,"11,000",--,6.5,8,5,9,8,4,5,/images/Public_College_of_Commerce.png
"Oriental College, Kohima ",Nagaland,Commerce,"25,500",--,--,--,--,--,--,--,--,"/images/Oriental_College,_Kohima.png"
"Unity College, Dimapur ",Nagaland,Commerce,"31,000",--,--,--,--,--,--,--,--,"/images/Unity_College,_Dimapur.png"
"Tetso College, Dimapur ",Nagaland,Commerce,"26,500",--,--,--,--,--,--,--,--,"/images/Tetso_College,_Dimapur.png"
"Shri Digamber Jain Girls' College, Dimapur ",Nagaland,Commerce,"21,200",--,--,--,--,--,--,--,--,"/images/Shri_Digamber_Jain_Girls'_College,_Dimapur.png"
"Nagaland University, Zunhebotto ",Nagaland,Arts,"10,300","26,090",8.1,8.1,7.7,8.7,7.8,7.8,8.3,"/images/Nagaland_University,_Zunhebotto.png"
"St.Joseph University, Dimapur ",Nagaland,Arts,"38,000","47,500",8.1,8.4,7.9,8.3,8,8.1,8.1,"/images/St.Joseph_University,_Dimapur.png"
"ICFAI University, Dimapur ",Nagaland,Arts,"52,000","52,000",7.4,7.1,7.1,7.8,8.2,7,7.3,"/images/ICFAI_University,_Dimapur.png"
"Alder College, Kohima ",Nagaland,Arts,"6,400",--,8.7,9,8,9,8,9,9,"/images/Alder_College,_Kohima.png"
Anderson Theological College ,Nagaland,Arts,--,--,--,--,--,--,--,--,--,/images/Anderson_Theological_College.png
"Dimapur Government College, Dimapur ",Nagaland,Arts,"7,590",--,7,8.2,5.9,8.6,6.4,6.2,6.7,"/images/Dimapur_Government_College,_Dimapur.png"
Discipleship Bible College ,Nagaland,Arts,--,--,--,--,--,--,--,--,--,/images/Discipleship_Bible_College.png
"Immanuel College, Dimapur ",Nagaland,Arts,"18,440",--,5.3,6,5,8,5,1,7,"/images/Immanuel_College,_Dimapur.png"
"Kohima College, Kohima ",Nagaland,Arts,"13,020",--,7,7.6,6,7.5,7.6,6.2,7,"/images/Kohima_College,_Kohima.png"
Oriental Theological Seminary ,Nagaland,Arts,--,--,--,--,--,--,--,--,--,/images/Oriental_Theological_Seminary.png
"Patkai Christian College, Dimapur ",Nagaland,Arts,"12,000","12,600",8.1,9,7,9.4,8.3,5.8,9,"/images/Patkai_Christian_College,_Dimapur.png"
"St Joseph's College, Kohima ",Nagaland,Arts,"24,000","40,000",8.4,9,7.9,8.5,8.9,7.1,9.2,"/images/St_Joseph's_College,_Kohima.png"
"Baptist Theological College-[BTC], Phek ",Nagaland,Arts,"42,500",--,--,--,--,--,--,--,--,"/images/Baptist_Theological_College-[BTC],_Phek.png"
Clark Theological College ,Nagaland,Arts,--,--,--,--,--,--,--,--,--,/images/Clark_Theological_College.png
Kohima Science College ,Nagaland,Arts,"12,050",--,7.6,8.6,7.6,8.3,7.2,6,8,/images/Kohima_Science_College.png
The Global Open University ,Nagaland,Arts,"24,125","18,125",7.8,8.9,7.3,8.4,7.6,7.3,7.4,/images/The_Global_Open_University.png
"Fazl Ali College, Mokokchung ",Nagaland,Arts,"8,750",--,7.5,8.2,7.3,7.8,7.6,6.2,7.6,"/images/Fazl_Ali_College,_Mokokchung.png"
Modern College Kohima ,Nagaland,Arts,--,--,--,--,--,--,--,--,--,/images/Modern_College_Kohima.png
"Oriental College, Kohima ",Nagaland,Arts,"25,500",--,--,--,--,--,--,--,--,"/images/Oriental_College,_Kohima.png"
"Unity College, Dimapur ",Nagaland,Arts,"31,000",--,--,--,--,--,--,--,--,"/images/Unity_College,_Dimapur.png"
"Tetso College, Dimapur ",Nagaland,Arts,"42,000","47,500",--,--,--,--,--,--,--,"/images/Tetso_College,_Dimapur.png"
"Shri Digamber Jain Girls' College, Dimapur ",Nagaland,Arts,"21,200",--,--,--,--,--,--,--,--,"/images/Shri_Digamber_Jain_Girls'_College,_Dimapur.png"
"Sakus Mission College, Dimapur ",Nagaland,Arts,"17,100",--,--,--,--,--,--,--,--,"/images/Sakus_Mission_College,_Dimapur.png"
"North East Institute of Social Science & Research, Dimapur ",Nagaland,Arts,"72,500",--,--,--,--,--,--,--,--,"/images/North_East_Institute_of_Social_Science_&_Research,_Dimapur.png"
Model Christian College ,Nagaland,Arts,"29,900",--,--,--,--,--,--,--,--,/images/Model_Christian_College.png
"KROS College, Kohima ",Nagaland,Arts,"3,700",--,--,--,--,--,--,--,--,"/images/KROS_College,_Kohima.png"
Capital College of Higher Education ,Nagaland,Arts,"29,650",--,--,--,--,--,--,--,--,/images/Capital_College_of_Higher_Education.png
"ICFAI University, Dimapur ",Nagaland,Hotel-management,"20,000",--,7.4,7.1,7.1,7.8,8.2,7,7.3,"/images/ICFAI_University,_Dimapur.png"
The Global Open University ,Nagaland,Hotel-management,"24,125",--,7.8,8.9,7.3,8.4,7.6,7.3,7.4,/images/The_Global_Open_University.png
"Nagaland University, Zunhebotto ",Nagaland,Agriculture,"10,300",--,8.1,8.1,7.7,8.7,7.8,7.8,8.3,"/images/Nagaland_University,_Zunhebotto.png"
National Research Centre on Mithun ,Nagaland,Agriculture,--,--,--,--,--,--,--,--,--,/images/National_Research_Centre_on_Mithun.png
The Global Open University ,Nagaland,Agriculture,"24,125",--,7.8,8.9,7.3,8.4,7.6,7.3,7.4,/images/The_Global_Open_University.png
Modern College Kohima ,Nagaland,Agriculture,"2,000","2,000",--,--,--,--,--,--,--,/images/Modern_College_Kohima.png
"Nagaland University, Zunhebotto ",Nagaland,Law,"21,440",--,8.1,8.1,7.7,8.7,7.8,7.8,8.3,"/images/Nagaland_University,_Zunhebotto.png"
The Global Open University ,Nagaland,Law,"24,125",--,7.8,8.9,7.3,8.4,7.6,7.3,7.4,/images/The_Global_Open_University.png
Pondicherry Engineering College ,Puducherry,Engineering,"1,71,200","38,050",7.8,8.5,6.9,8.1,7.5,8,7.7,/images/Pondicherry_Engineering_College.png
National Institute of Technology Puducherry,Puducherry,Engineering,"54,366","28,400",7,7.8,6.8,7.2,6.3,6.6,7.2,/images/National_Institute_of_Technology_Puducherry.png
Manakula Vinayagar Institute of Technology ,Puducherry,Engineering,"2,44,000",--,7.4,7.9,7.1,7.6,7.7,7.5,6.8,/images/Manakula_Vinayagar_Institute_of_Technology.png
"Sri Manakula Vinayagar Engineering College, Pondicherry ",Puducherry,Engineering,"40,000","20,450",7.5,8.1,6.6,7.9,7.8,8.1,6.5,"/images/Sri_Manakula_Vinayagar_Engineering_College,_Pondicherry.png"
"Rajiv Gandhi College of Engineering and Technology, Pondicherry ",Puducherry,Engineering,"40,000","20,450",6.8,7.1,6,7,6.9,6.9,6.6,"/images/Rajiv_Gandhi_College_of_Engineering_and_Technology,_Pondicherry.png"
"Christ College of Engineering and Technology, Pondicherry ",Puducherry,Engineering,"1,16,000","90,000",7,8.2,5.8,7.9,6.4,6.5,7.1,"/images/Christ_College_of_Engineering_and_Technology,_Pondicherry.png"
Perunthalaivar Kamarajar Institute of Engineering and Technology ,Puducherry,Engineering,"31,915",--,8,8,8,8,8,8,8,/images/Perunthalaivar_Kamarajar_Institute_of_Engineering_and_Technology.png
Achariya College of Engineering Technology ,Puducherry,Engineering,"68,000",--,6.3,7,6,6.1,6.5,5.4,6.9,/images/Achariya_College_of_Engineering_Technology.png
"Regency Institute of Technology, Yanam ",Puducherry,Engineering,"41,263",--,5.7,5.4,6,5.2,7.1,4.4,5.9,"/images/Regency_Institute_of_Technology,_Yanam.png"
Bharathiyar College of Engineering and Technology ,Puducherry,Engineering,--,--,6,6.5,5.8,7,7.5,4.5,4.8,/images/Bharathiyar_College_of_Engineering_and_Technology.png
"PSV College of Engineering and Technology, Pondicherry ",Puducherry,Engineering,"30,000",--,5.3,5.3,4.7,6,5.3,5,5.7,"/images/PSV_College_of_Engineering_and_Technology,_Pondicherry.png"
Christ Institute of Technology ,Puducherry,Engineering,"45,000",--,5.2,5.6,4.9,5.7,5.3,5,4.4,/images/Christ_Institute_of_Technology.png
R V S College of Engineering and Technology ,Puducherry,Engineering,"40,000",--,--,--,--,--,--,--,--,/images/R_V_S_College_of_Engineering_and_Technology.png
"Alpha College of Engineering & Technology, Pondicherry ",Puducherry,Engineering,"29,000",--,4.7,5,5.3,5,4.2,3.8,5,"/images/Alpha_College_of_Engineering_&_Technology,_Pondicherry.png"
Pondicherry University ,Puducherry,Engineering,"26,218","36,301",7.8,8,7.3,8,8.1,6.9,8.4,/images/Pondicherry_University.png
"Sri Chakra Maritime College, Pondicherry ",Puducherry,Engineering,--,--,--,--,--,--,--,--,--,"/images/Sri_Chakra_Maritime_College,_Pondicherry.png"
"Motilal Nehru Government Polytechnic College, Pondicherry ",Puducherry,Engineering,--,--,--,--,--,--,--,--,--,"/images/Motilal_Nehru_Government_Polytechnic_College,_Pondicherry.png"
Karaikal Polytechnic College ,Puducherry,Engineering,"6,000",--,--,--,--,--,--,--,--,/images/Karaikal_Polytechnic_College.png
Dr. B. R. Ambedkar Polytechnic College ,Puducherry,Engineering,"6,000",--,--,--,--,--,--,--,--,/images/Dr._B._R._Ambedkar_Polytechnic_College.png
Indira Gandhi Polytechnic College ,Puducherry,Engineering,"7,095","7,195",--,--,--,--,--,--,--,/images/Indira_Gandhi_Polytechnic_College.png
"Sri Manakula Vinayagar Polytechnic College-[SMVPC], Pondicherry ",Puducherry,Engineering,"17,500",--,--,--,--,--,--,--,--,"/images/Sri_Manakula_Vinayagar_Polytechnic_College-[SMVPC],_Pondicherry.png"
Women’s Polytechnic College ,Puducherry,Engineering,"6,000","6,000",--,--,--,--,--,--,--,/images/Women’s_Polytechnic_College.png
Pondicherry University ,Puducherry,Management,"74,718","23,301",7.8,8,7.3,8,8.1,6.9,8.4,/images/Pondicherry_University.png
Achariya School of Business & Technology ,Puducherry,Management,"60,000",--,8.5,8,8,9,9,9,8,/images/Achariya_School_of_Business_&_Technology.png
Manakula Vinayagar Institute of Technology ,Puducherry,Management,--,--,7.4,7.9,7.1,7.6,7.7,7.5,6.8,/images/Manakula_Vinayagar_Institute_of_Technology.png
"Sri Manakula Vinayagar Engineering College, Pondicherry ",Puducherry,Management,"55,850",--,7.5,8.1,6.6,7.9,7.8,8.1,6.5,"/images/Sri_Manakula_Vinayagar_Engineering_College,_Pondicherry.png"
"Rajiv Gandhi College of Engineering and Technology, Pondicherry ",Puducherry,Management,"55,850",--,6.8,7.1,6,7,6.9,6.9,6.6,"/images/Rajiv_Gandhi_College_of_Engineering_and_Technology,_Pondicherry.png"
"Christ College of Engineering and Technology, Pondicherry ",Puducherry,Management,"66,000",--,7,8.2,5.8,7.9,6.4,6.5,7.1,"/images/Christ_College_of_Engineering_and_Technology,_Pondicherry.png"
"Regency Institute of Technology, Yanam ",Puducherry,Management,--,--,5.7,5.4,6,5.2,7.1,4.4,5.9,"/images/Regency_Institute_of_Technology,_Yanam.png"
"Perunthalaivar Kamarajar Government Arts College, Pondicherry ",Puducherry,Management,--,--,6.2,6.3,5.8,7.3,5.8,5,7,"/images/Perunthalaivar_Kamarajar_Government_Arts_College,_Pondicherry.png"
Tagore Art College ,Puducherry,Management,--,--,6.1,6.7,5.4,7,6,5.7,6,/images/Tagore_Art_College.png
Mahe Co-operative Centre for Information Technology ,Puducherry,Management,"49,850",--,7.3,7.5,7,7.8,7.3,6.3,7.8,/images/Mahe_Co-operative_Centre_for_Information_Technology.png
"Pondicherry University, Directorate of Distance Education ",Puducherry,Management,"24,925","9,975",8.2,8.8,7.9,8.2,8.3,7.7,8,"/images/Pondicherry_University,_Directorate_of_Distance_Education.png"
Jawaharlal Institute of Post Graduate Medical Education and Research ,Puducherry,Science,"3,760","2,760",8.8,9.5,7.8,9,8.9,9.1,8.7,/images/Jawaharlal_Institute_of_Post_Graduate_Medical_Education_and_Research.png
Pondicherry University ,Puducherry,Science,"26,218","25,901",7.8,8,7.3,8,8.1,6.9,8.4,/images/Pondicherry_University.png
Pondicherry Engineering College ,Puducherry,Science,"44,300","11,350",7.8,8.5,6.9,8.1,7.5,8,7.7,/images/Pondicherry_Engineering_College.png
Bharathidasan Government College for Women ,Puducherry,Science,"1,360","1,558",7.4,7.7,6.4,7.4,7.6,7.6,7.6,/images/Bharathidasan_Government_College_for_Women.png
Pandit Jawaharlal Nehru College of Agriculture & Research Institute ,Puducherry,Science,"65,986",--,8.1,8.1,7.8,8.3,7.9,7.7,8.8,/images/Pandit_Jawaharlal_Nehru_College_of_Agriculture_&_Research_Institute.png
National Institute of Technology Puducherry,Puducherry,Science,"28,400",--,7,7.8,6.8,7.2,6.3,6.6,7.2,/images/National_Institute_of_Technology_Puducherry.png
Sri Balaji Vidyapeeth University ,Puducherry,Science,"30,000","25,000",8.9,9,8.5,9.3,9.5,9,8,/images/Sri_Balaji_Vidyapeeth_University.png
Achariya School of Business & Technology ,Puducherry,Science,"26,000",--,8.5,8,8,9,9,9,8,/images/Achariya_School_of_Business_&_Technology.png
Achariya Arts and Science College ,Puducherry,Science,--,--,7.2,7.5,6.7,7.5,6.9,7.3,7.5,/images/Achariya_Arts_and_Science_College.png
Avvaiyar Government College for Women ,Puducherry,Science,--,--,--,--,--,--,--,--,--,/images/Avvaiyar_Government_College_for_Women.png
"Dr SRK Government Arts College, Yanam ",Puducherry,Science,--,--,--,--,--,--,--,--,--,"/images/Dr_SRK_Government_Arts_College,_Yanam.png"
"Idhaya Arts and Science College for Women, Pondicherry ",Puducherry,Science,--,--,5.7,5.8,5.4,5.6,6,5.8,5.8,"/images/Idhaya_Arts_and_Science_College_for_Women,_Pondicherry.png"
Kanchi Mamunivar Centre for Post Graduate Studies ,Puducherry,Science,"1,590",--,5.8,6,5,6,5.5,6,6.5,/images/Kanchi_Mamunivar_Centre_for_Post_Graduate_Studies.png
"Perunthalaivar Kamarajar Government Arts College, Pondicherry ",Puducherry,Science,--,--,6.2,6.3,5.8,7.3,5.8,5,7,"/images/Perunthalaivar_Kamarajar_Government_Arts_College,_Pondicherry.png"
Tagore Art College ,Puducherry,Science,"2,360","20,270",6.1,6.7,5.4,7,6,5.7,6,/images/Tagore_Art_College.png
Aarupadai Veedu Medical College ,Puducherry,Science,--,--,7.5,7.9,6.6,8.4,6.6,7.9,7.6,/images/Aarupadai_Veedu_Medical_College.png
The French Institute of Pondicherry ,Puducherry,Science,--,--,--,--,--,--,--,--,--,/images/The_French_Institute_of_Pondicherry.png
"Mahatma Gandhi Medical College and Research Institute, Sri Balaji Vidyapeeth ",Puducherry,Science,"50,000","25,000",8.5,8.6,8.1,9,8.6,8,8.7,"/images/Mahatma_Gandhi_Medical_College_and_Research_Institute,_Sri_Balaji_Vidyapeeth.png"
"Sree Lakshmi Narayana Institute of Medical Sciences, Pondicherry ",Puducherry,Science,"75,000","1,25,000",8,8.3,8.1,8.3,8.1,7.7,7.6,"/images/Sree_Lakshmi_Narayana_Institute_of_Medical_Sciences,_Pondicherry.png"
"Sri Chakra Maritime College, Pondicherry ",Puducherry,Science,--,--,--,--,--,--,--,--,--,"/images/Sri_Chakra_Maritime_College,_Pondicherry.png"
"Indira Gandhi College of Arts and Science, Pondicherry ",Puducherry,Science,"1,488",--,7.1,7.3,6.6,7.3,7.3,7,7.1,"/images/Indira_Gandhi_College_of_Arts_and_Science,_Pondicherry.png"
Mahatma Gandhi Government Arts College ,Puducherry,Science,--,--,5.7,8,4,5.3,7.7,2,7.3,/images/Mahatma_Gandhi_Government_Arts_College.png
Mother Teresa Post Graduate and Research Institute of Health Sciences ,Puducherry,Science,"20,000",--,6.6,7,6.2,6.9,6.6,5.7,7,/images/Mother_Teresa_Post_Graduate_and_Research_Institute_of_Health_Sciences.png
Pondicherry University ,Puducherry,Commerce,"23,718","23,301",7.8,8,7.3,8,8.1,6.9,8.4,/images/Pondicherry_University.png
Bharathidasan Government College for Women ,Puducherry,Commerce,"1,660","1,628",7.4,7.7,6.4,7.4,7.6,7.6,7.6,/images/Bharathidasan_Government_College_for_Women.png
Achariya Arts and Science College ,Puducherry,Commerce,--,--,7.2,7.5,6.7,7.5,6.9,7.3,7.5,/images/Achariya_Arts_and_Science_College.png
Avvaiyar Government College for Women ,Puducherry,Commerce,--,--,--,--,--,--,--,--,--,/images/Avvaiyar_Government_College_for_Women.png
"Dr SRK Government Arts College, Yanam ",Puducherry,Commerce,--,--,--,--,--,--,--,--,--,"/images/Dr_SRK_Government_Arts_College,_Yanam.png"
"Idhaya Arts and Science College for Women, Pondicherry ",Puducherry,Commerce,--,--,5.7,5.8,5.4,5.6,6,5.8,5.8,"/images/Idhaya_Arts_and_Science_College_for_Women,_Pondicherry.png"
Kanchi Mamunivar Centre for Post Graduate Studies ,Puducherry,Commerce,"1,530",--,5.8,6,5,6,5.5,6,6.5,/images/Kanchi_Mamunivar_Centre_for_Post_Graduate_Studies.png
"Perunthalaivar Kamarajar Government Arts College, Pondicherry ",Puducherry,Commerce,--,--,6.2,6.3,5.8,7.3,5.8,5,7,"/images/Perunthalaivar_Kamarajar_Government_Arts_College,_Pondicherry.png"
Tagore Art College ,Puducherry,Commerce,"4,200","20,250",6.1,6.7,5.4,7,6,5.7,6,/images/Tagore_Art_College.png
Mahe Co-operative Centre for Information Technology ,Puducherry,Commerce,--,--,7.3,7.5,7,7.8,7.3,6.3,7.8,/images/Mahe_Co-operative_Centre_for_Information_Technology.png
"Pondicherry University, Directorate of Distance Education ",Puducherry,Commerce,"9,975","11,425",8.2,8.8,7.9,8.2,8.3,7.7,8,"/images/Pondicherry_University,_Directorate_of_Distance_Education.png"
"Indira Gandhi College of Arts and Science, Pondicherry ",Puducherry,Commerce,"1,488",--,7.1,7.3,6.6,7.3,7.3,7,7.1,"/images/Indira_Gandhi_College_of_Arts_and_Science,_Pondicherry.png"
Mahatma Gandhi Government Arts College ,Puducherry,Commerce,--,--,5.7,8,4,5.3,7.7,2,7.3,/images/Mahatma_Gandhi_Government_Arts_College.png
Pondicherry University ,Puducherry,Arts,"23,901","20,718",7.8,8,7.3,8,8.1,6.9,8.4,/images/Pondicherry_University.png
Bharathidasan Government College for Women ,Puducherry,Arts,"1,360",--,7.4,7.7,6.4,7.4,7.6,7.6,7.6,/images/Bharathidasan_Government_College_for_Women.png
National Institute of Technology Puducherry,Puducherry,Arts,"28,400",--,7,7.8,6.8,7.2,6.3,6.6,7.2,/images/National_Institute_of_Technology_Puducherry.png
Sri Balaji Vidyapeeth University ,Puducherry,Arts,"50,500",--,8.9,9,8.5,9.3,9.5,9,8,/images/Sri_Balaji_Vidyapeeth_University.png
Achariya Arts and Science College ,Puducherry,Arts,--,--,7.2,7.5,6.7,7.5,6.9,7.3,7.5,/images/Achariya_Arts_and_Science_College.png
Avvaiyar Government College for Women ,Puducherry,Arts,--,--,--,--,--,--,--,--,--,/images/Avvaiyar_Government_College_for_Women.png
"Dr SRK Government Arts College, Yanam ",Puducherry,Arts,--,--,--,--,--,--,--,--,--,"/images/Dr_SRK_Government_Arts_College,_Yanam.png"
"Idhaya Arts and Science College for Women, Pondicherry ",Puducherry,Arts,--,--,5.7,5.8,5.4,5.6,6,5.8,5.8,"/images/Idhaya_Arts_and_Science_College_for_Women,_Pondicherry.png"
Kanchi Mamunivar Centre for Post Graduate Studies ,Puducherry,Arts,"1,530",--,5.8,6,5,6,5.5,6,6.5,/images/Kanchi_Mamunivar_Centre_for_Post_Graduate_Studies.png
"Perunthalaivar Kamarajar Government Arts College, Pondicherry ",Puducherry,Arts,--,--,6.2,6.3,5.8,7.3,5.8,5,7,"/images/Perunthalaivar_Kamarajar_Government_Arts_College,_Pondicherry.png"
Tagore Art College ,Puducherry,Arts,"2,360",--,6.1,6.7,5.4,7,6,5.7,6,/images/Tagore_Art_College.png
"Bharathiar Palkalaikoodam, Pondicherry ",Puducherry,Arts,"8,268",--,8.8,8,--,--,--,--,--,"/images/Bharathiar_Palkalaikoodam,_Pondicherry.png"
The French Institute of Pondicherry ,Puducherry,Arts,--,--,--,--,--,--,--,--,--,/images/The_French_Institute_of_Pondicherry.png
"Achariya College of Education, Pondicherry ",Puducherry,Arts,--,--,--,--,--,--,--,--,--,"/images/Achariya_College_of_Education,_Pondicherry.png"
"Pondicherry University, Directorate of Distance Education ",Puducherry,Arts,"11,425",--,8.2,8.8,7.9,8.2,8.3,7.7,8,"/images/Pondicherry_University,_Directorate_of_Distance_Education.png"
Mahatma Gandhi Government Arts College ,Puducherry,Arts,--,--,5.7,8,4,5.3,7.7,2,7.3,/images/Mahatma_Gandhi_Government_Arts_College.png
Pondicherry Institute of Hotel Management & Catering Technology ,Puducherry,Hotel-management,"1,09,400",--,7.6,8,7.5,8,7.5,7.5,7,/images/Pondicherry_Institute_of_Hotel_Management_&_Catering_Technology.png
Achariya School Tourism and Hotel Management ,Puducherry,Hotel-management,"15,000","45,000",9.3,--,--,--,--,--,--,/images/Achariya_School_Tourism_and_Hotel_Management.png
Pandit Jawaharlal Nehru College of Agriculture & Research Institute ,Puducherry,Agriculture,"69,370","70,750",8.1,8.1,7.8,8.3,7.9,7.7,8.8,/images/Pandit_Jawaharlal_Nehru_College_of_Agriculture_&_Research_Institute.png
Avvaiyar Government College for Women ,Puducherry,Agriculture,--,--,--,--,--,--,--,--,--,/images/Avvaiyar_Government_College_for_Women.png
Tagore Art College ,Puducherry,Agriculture,--,--,6.1,6.7,5.4,7,6,5.7,6,/images/Tagore_Art_College.png
Mahatma Gandhi Government Arts College ,Puducherry,Agriculture,--,--,5.7,8,4,5.3,7.7,2,7.3,/images/Mahatma_Gandhi_Government_Arts_College.png
Jawaharlal Institute of Post Graduate Medical Education and Research ,Puducherry,Medical,"2,760","7,760",8.8,9.5,7.8,9,8.9,9.1,8.7,/images/Jawaharlal_Institute_of_Post_Graduate_Medical_Education_and_Research.png
"Mahatma Gandhi Medical College and Research Institute, Sri Balaji Vidyapeeth ",Puducherry,Medical,"75,000","75,000",8.5,8.6,8.1,9,8.6,8,8.7,"/images/Mahatma_Gandhi_Medical_College_and_Research_Institute,_Sri_Balaji_Vidyapeeth.png"
Pondicherry Institute of Medical Sciences ,Puducherry,Medical,"16,00,000","34,50,000",8,8,7,8.5,7.8,8,8.5,/images/Pondicherry_Institute_of_Medical_Sciences.png
Sri Manakula Vinayagar Medical College and Hospital ,Puducherry,Medical,"9,04,000","16,20,000",8.9,9.1,8.5,9.5,8.6,8.9,8.6,/images/Sri_Manakula_Vinayagar_Medical_College_and_Hospital.png
Pondicherry University ,Puducherry,Medical,--,--,7.8,8,7.3,8,8.1,6.9,8.4,/images/Pondicherry_University.png
Sri Balaji Vidyapeeth University ,Puducherry,Medical,"75,000","75,000",8.9,9,8.5,9.3,9.5,9,8,/images/Sri_Balaji_Vidyapeeth_University.png
Aarupadai Veedu Medical College ,Puducherry,Medical,"20,18,550",--,7.5,7.9,6.6,8.4,6.6,7.9,7.6,/images/Aarupadai_Veedu_Medical_College.png
"Sree Lakshmi Narayana Institute of Medical Sciences, Pondicherry ",Puducherry,Medical,"75,000","21,50,000",8,8.3,8.1,8.3,8.1,7.7,7.6,"/images/Sree_Lakshmi_Narayana_Institute_of_Medical_Sciences,_Pondicherry.png"
"Sri Venkateshwaraa Medical College Hospital & Research Centre, Pondicherry ",Puducherry,Medical,"20,00,000","6,00,000",7.1,7.6,6.4,7.7,6.5,6.8,7.3,"/images/Sri_Venkateshwaraa_Medical_College_Hospital_&_Research_Centre,_Pondicherry.png"
Vinayaka Missions College of Nursing ,Puducherry,Medical,--,--,9,--,--,--,--,--,--,/images/Vinayaka_Missions_College_of_Nursing.png
Indira Gandhi Medial College and Research Institute ,Puducherry,Medical,"1,00,500",--,7.2,7.8,6.8,7.8,6.6,6.8,7.2,/images/Indira_Gandhi_Medial_College_and_Research_Institute.png
Mother Teresa Post Graduate and Research Institute of Health Sciences ,Puducherry,Medical,"40,000","65,000",6.6,7,6.2,6.9,6.6,5.7,7,/images/Mother_Teresa_Post_Graduate_and_Research_Institute_of_Health_Sciences.png
Vinayaka Missions Medical College and Hospital ,Puducherry,Medical,"18,68,550","33,50,000",8.1,8.5,7.5,8.5,7.7,8.1,8.2,/images/Vinayaka_Missions_Medical_College_and_Hospital.png
Jawaharlal Institute of Post Graduate Medical Education and Research ,Puducherry,Pharmacy,"3,600",--,8.8,9.5,7.8,9,8.9,9.1,8.7,/images/Jawaharlal_Institute_of_Post_Graduate_Medical_Education_and_Research.png
Mother Teresa Post Graduate and Research Institute of Health Sciences ,Puducherry,Pharmacy,"55,000","65,000",6.6,7,6.2,6.9,6.6,5.7,7,/images/Mother_Teresa_Post_Graduate_and_Research_Institute_of_Health_Sciences.png
Pondicherry University ,Puducherry,Law,"23,301","23,659",7.8,8,7.3,8,8.1,6.9,8.4,/images/Pondicherry_University.png
"Dr. B.R. Ambedkar Government Law College, Pondicherry ",Puducherry,Law,--,--,4.2,5,4,4,5,3,4,"/images/Dr._B.R._Ambedkar_Government_Law_College,_Pondicherry.png"
National Institute of Technology Tripura,Tripura,Engineering,"1,50,100","89,800",8,8.1,7.7,7.3,8.7,7.8,8.2,/images/National_Institute_of_Technology_Tripura.png
"ICFAI University, West Tripura ",Tripura,Engineering,"1,30,000","1,11,000",8,8.1,7.6,8.1,8.3,7.6,8.5,"/images/ICFAI_University,_West_Tripura.png"
Indian Institute of Information Technology Tripura,Tripura,Engineering,"2,06,200",--,8.4,8.9,7.6,8.9,8.4,8.1,8.6,/images/Indian_Institute_of_Information_Technology_Tripura.png
"Tripura Institute of Technology, Agartala ",Tripura,Engineering,"12,180","6,751",7.6,7.8,6.5,8.2,8.3,6.8,8.1,"/images/Tripura_Institute_of_Technology,_Agartala.png"
Techno College of Engineering Agartala ,Tripura,Engineering,"98,000",--,8,7.6,7.4,7.6,9.2,7.8,8.4,/images/Techno_College_of_Engineering_Agartala.png
"Tripura University, West Tripura ",Tripura,Engineering,"55,300","5,200",7.5,8,7.1,8.4,7.6,6,8,"/images/Tripura_University,_West_Tripura.png"
"TTAADC Polytechnic Institute, West Tripura ",Tripura,Engineering,"6,750",--,--,--,--,--,--,--,--,"/images/TTAADC_Polytechnic_Institute,_West_Tripura.png"
"ICFAI University, West Tripura ",Tripura,Management,"1,50,000","84,000",8,8.1,7.6,8.1,8.3,7.6,8.5,"/images/ICFAI_University,_West_Tripura.png"
National Institute of Technology Tripura,Tripura,Management,"69,800","28,800",8,8.1,7.7,7.3,8.7,7.8,8.2,/images/National_Institute_of_Technology_Tripura.png
Bhavan's Tripura College of Science and Technology ,Tripura,Management,"27,000",--,4.3,4,4,5,5,4,4,/images/Bhavan's_Tripura_College_of_Science_and_Technology.png
"Holy Cross College, Agartala ",Tripura,Management,"58,600",--,7.3,8.1,7.9,8.1,6.9,5.3,7.4,"/images/Holy_Cross_College,_Agartala.png"
"Tripura University, West Tripura ",Tripura,Management,"59,300","59,300",7.5,8,7.1,8.4,7.6,6,8,"/images/Tripura_University,_West_Tripura.png"
"ICFAI University, Directorate of Distance Education, Agartala ",Tripura,Management,"14,000","18,500",7.9,8.3,7.5,8,7.5,8.5,7.8,"/images/ICFAI_University,_Directorate_of_Distance_Education,_Agartala.png"
National Institute of Technology Tripura,Tripura,Science,"31,800","23,100",8,8.1,7.7,7.3,8.7,7.8,8.2,/images/National_Institute_of_Technology_Tripura.png
"ICFAI University, West Tripura ",Tripura,Science,"1,00,000","84,000",8,8.1,7.6,8.1,8.3,7.6,8.5,"/images/ICFAI_University,_West_Tripura.png"
Bhavan's Tripura College of Science and Technology ,Tripura,Science,"17,000","55,000",4.3,4,4,5,5,4,4,/images/Bhavan's_Tripura_College_of_Science_and_Technology.png
Bir Bikram Memorial College ,Tripura,Science,--,--,7.8,8.5,7.5,8,7.5,7,8,/images/Bir_Bikram_Memorial_College.png
Dasarath Deb Memorial College ,Tripura,Science,--,--,5.8,8,4,7,6,3,7,/images/Dasarath_Deb_Memorial_College.png
"Holy Cross College, Agartala ",Tripura,Science,"57,400",--,7.3,8.1,7.9,8.1,6.9,5.3,7.4,"/images/Holy_Cross_College,_Agartala.png"
"Netaji Subhash Mahavidyalaya, Udaipur ",Tripura,Science,--,--,--,--,--,--,--,--,--,"/images/Netaji_Subhash_Mahavidyalaya,_Udaipur.png"
"Ramthakur College, West Tripura ",Tripura,Science,--,--,7.1,8.4,4.6,8.4,7.8,7,6.6,"/images/Ramthakur_College,_West_Tripura.png"
"Womens College, Agartala ",Tripura,Science,--,--,7.5,--,--,--,--,--,--,"/images/Womens_College,_Agartala.png"
"Government Degree College, North Tripura ",Tripura,Science,702,--,7.8,--,--,--,--,--,--,"/images/Government_Degree_College,_North_Tripura.png"
"Tripura University, West Tripura ",Tripura,Science,"49,500","9,800",7.5,8,7.1,8.4,7.6,6,8,"/images/Tripura_University,_West_Tripura.png"
"Maharaja Bir Bikram College, Agartala ",Tripura,Science,"4,000",--,6.6,6.9,4,7.7,7.3,6.2,7.2,"/images/Maharaja_Bir_Bikram_College,_Agartala.png"
"Government Degree College, Dhalai ",Tripura,Science,320,--,--,--,--,--,--,--,--,"/images/Government_Degree_College,_Dhalai.png"
Kabi Nazrul Mahavidyalaya ,Tripura,Science,--,--,--,--,--,--,--,--,--,/images/Kabi_Nazrul_Mahavidyalaya.png
"Adwaita Malla Barman Smriti Mahavidyalaya (AMBS), Amarpur ",Tripura,Science,968,--,--,--,--,--,--,--,--,"/images/Adwaita_Malla_Barman_Smriti_Mahavidyalaya_(AMBS),_Amarpur.png"
"Maharaja Bir Bikram University, Agartala ",Tripura,Science,--,--,--,--,--,--,--,--,--,"/images/Maharaja_Bir_Bikram_University,_Agartala.png"
"ICFAI University, West Tripura ",Tripura,Commerce,"80,000","82,000",8,8.1,7.6,8.1,8.3,7.6,8.5,"/images/ICFAI_University,_West_Tripura.png"
Bir Bikram Memorial College ,Tripura,Commerce,--,--,7.8,8.5,7.5,8,7.5,7,8,/images/Bir_Bikram_Memorial_College.png
Dasarath Deb Memorial College ,Tripura,Commerce,--,--,5.8,8,4,7,6,3,7,/images/Dasarath_Deb_Memorial_College.png
"Holy Cross College, Agartala ",Tripura,Commerce,"50,200",--,7.3,8.1,7.9,8.1,6.9,5.3,7.4,"/images/Holy_Cross_College,_Agartala.png"
"Netaji Subhash Mahavidyalaya, Udaipur ",Tripura,Commerce,--,--,--,--,--,--,--,--,--,"/images/Netaji_Subhash_Mahavidyalaya,_Udaipur.png"
"Ramthakur College, West Tripura ",Tripura,Commerce,--,--,7.1,8.4,4.6,8.4,7.8,7,6.6,"/images/Ramthakur_College,_West_Tripura.png"
"Government Degree College, North Tripura ",Tripura,Commerce,362,--,7.8,--,--,--,--,--,--,"/images/Government_Degree_College,_North_Tripura.png"
"Tripura University, West Tripura ",Tripura,Commerce,"8,800","10,500",7.5,8,7.1,8.4,7.6,6,8,"/images/Tripura_University,_West_Tripura.png"
"Maharaja Bir Bikram College, Agartala ",Tripura,Commerce,"3,000",--,6.6,6.9,4,7.7,7.3,6.2,7.2,"/images/Maharaja_Bir_Bikram_College,_Agartala.png"
National Institute of Technology Tripura,Tripura,Arts,"28,800",--,8,8.1,7.7,7.3,8.7,7.8,8.2,/images/National_Institute_of_Technology_Tripura.png
"ICFAI University, West Tripura ",Tripura,Arts,"72,000","1,11,000",8,8.1,7.6,8.1,8.3,7.6,8.5,"/images/ICFAI_University,_West_Tripura.png"
Bir Bikram Memorial College ,Tripura,Arts,--,--,7.8,8.5,7.5,8,7.5,7,8,/images/Bir_Bikram_Memorial_College.png
Dasarath Deb Memorial College ,Tripura,Arts,--,--,5.8,8,4,7,6,3,7,/images/Dasarath_Deb_Memorial_College.png
"Holy Cross College, Agartala ",Tripura,Arts,"46,600",--,7.3,8.1,7.9,8.1,6.9,5.3,7.4,"/images/Holy_Cross_College,_Agartala.png"
"Netaji Subhash Mahavidyalaya, Udaipur ",Tripura,Arts,--,--,--,--,--,--,--,--,--,"/images/Netaji_Subhash_Mahavidyalaya,_Udaipur.png"
"Ramthakur College, West Tripura ",Tripura,Arts,"7,500",--,7.1,8.4,4.6,8.4,7.8,7,6.6,"/images/Ramthakur_College,_West_Tripura.png"
"Womens College, Agartala ",Tripura,Arts,--,--,7.5,--,--,--,--,--,--,"/images/Womens_College,_Agartala.png"
"Government Degree College, North Tripura ",Tripura,Arts,360,--,7.8,--,--,--,--,--,--,"/images/Government_Degree_College,_North_Tripura.png"
"Tripura University, West Tripura ",Tripura,Arts,"17,300","17,300",7.5,8,7.1,8.4,7.6,6,8,"/images/Tripura_University,_West_Tripura.png"
"Maharaja Bir Bikram College, Agartala ",Tripura,Arts,"2,500",--,6.6,6.9,4,7.7,7.3,6.2,7.2,"/images/Maharaja_Bir_Bikram_College,_Agartala.png"
"Directorate of Distance Education, Tripura University, West Tripura ",Tripura,Arts,--,--,--,--,--,--,--,--,--,"/images/Directorate_of_Distance_Education,_Tripura_University,_West_Tripura.png"
"Government Degree College, Dhalai ",Tripura,Arts,320,--,--,--,--,--,--,--,--,"/images/Government_Degree_College,_Dhalai.png"
Kabi Nazrul Mahavidyalaya ,Tripura,Arts,--,--,--,--,--,--,--,--,--,/images/Kabi_Nazrul_Mahavidyalaya.png
"Adwaita Malla Barman Smriti Mahavidyalaya (AMBS), Amarpur ",Tripura,Arts,968,--,--,--,--,--,--,--,--,"/images/Adwaita_Malla_Barman_Smriti_Mahavidyalaya_(AMBS),_Amarpur.png"
"Maharaja Bir Bikram University, Agartala ",Tripura,Arts,--,--,--,--,--,--,--,--,--,"/images/Maharaja_Bir_Bikram_University,_Agartala.png"
"Tripura Institute of Technology, Agartala ",Tripura,Agriculture,"6,751",--,7.6,7.8,6.5,8.2,8.3,6.8,8.1,"/images/Tripura_Institute_of_Technology,_Agartala.png"
"ICFAI University, West Tripura ",Tripura,Medical,"1,00,000","1,11,000",8,8.1,7.6,8.1,8.3,7.6,8.5,"/images/ICFAI_University,_West_Tripura.png"
Bhavan's Tripura College of Science and Technology ,Tripura,Medical,--,--,4.3,4,4,5,5,4,4,/images/Bhavan's_Tripura_College_of_Science_and_Technology.png
"Netaji Subhash Mahavidyalaya, Udaipur ",Tripura,Medical,--,--,--,--,--,--,--,--,--,"/images/Netaji_Subhash_Mahavidyalaya,_Udaipur.png"
"Womens College, Agartala ",Tripura,Medical,--,--,7.5,--,--,--,--,--,--,"/images/Womens_College,_Agartala.png"
"Agartala Government Medical College, Agartala ",Tripura,Medical,"95,000","1,85,000",7.7,8.1,6.6,7.9,7.5,8.4,7.6,"/images/Agartala_Government_Medical_College,_Agartala.png"
"Tripura Medical College, West Tripura ",Tripura,Medical,"11,40,920","10,13,110",7.4,7.8,5.8,7.7,7.2,9.3,6.8,"/images/Tripura_Medical_College,_West_Tripura.png"
"Government Degree College, North Tripura ",Tripura,Medical,--,--,7.8,--,--,--,--,--,--,"/images/Government_Degree_College,_North_Tripura.png"
"Tripura University, West Tripura ",Tripura,Medical,"2,700",--,7.5,8,7.1,8.4,7.6,6,8,"/images/Tripura_University,_West_Tripura.png"
"Tripura University, West Tripura ",Tripura,Pharmacy,"51,300",--,7.5,8,7.1,8.4,7.6,6,8,"/images/Tripura_University,_West_Tripura.png"
"ICFAI University, West Tripura ",Tripura,Law,"84,000","90,000",8,8.1,7.6,8.1,8.3,7.6,8.5,"/images/ICFAI_University,_West_Tripura.png"
"Tripura University, West Tripura ",Tripura,Law,"39,900",--,7.5,8,7.1,8.4,7.6,6,8,"/images/Tripura_University,_West_Tripura.png"
Sikkim Manipal University ,Sikkim,Engineering,"2,60,000","1,74,000",7.4,7.9,6.5,8.2,7.6,6.8,7.4,/images/Sikkim_Manipal_University.png
National Institute of Technology Sikkim,Sikkim,Engineering,"1,39,400","82,900",7.5,8.1,7.2,8,6.5,7.8,7.6,/images/National_Institute_of_Technology_Sikkim.png
"SRM University Sikkim, Gangtok ",Sikkim,Engineering,"2,25,000",--,8.1,7.7,7.1,8.5,8.3,8.3,8.4,"/images/SRM_University_Sikkim,_Gangtok.png"
Vinayaka Missions Sikkim University ,Sikkim,Engineering,--,--,7.8,7.8,7.8,8,7.8,7.5,7.8,/images/Vinayaka_Missions_Sikkim_University.png
College of Agricultural Engineering and Post Harvest Technology ,Sikkim,Engineering,"4,280",--,6.8,6.8,6.2,7.1,6.6,6.6,7.4,/images/College_of_Agricultural_Engineering_and_Post_Harvest_Technology.png
Sikkim Manipal University ,Sikkim,Management,"2,75,000","40,000",7.4,7.9,6.5,8.2,7.6,6.8,7.4,/images/Sikkim_Manipal_University.png
"SRM University Sikkim, Gangtok ",Sikkim,Management,"1,30,000","60,000",8.1,7.7,7.1,8.5,8.3,8.3,8.4,"/images/SRM_University_Sikkim,_Gangtok.png"
Vinayaka Missions Sikkim University ,Sikkim,Management,"1,18,000","1,62,000",7.8,7.8,7.8,8,7.8,7.5,7.8,/images/Vinayaka_Missions_Sikkim_University.png
"ICFAI University, Gangtok ",Sikkim,Management,"66,000","1,62,000",6.8,6.7,6.8,7,6.7,7,6.6,"/images/ICFAI_University,_Gangtok.png"
Sikkim Manipal Institute of Technology ,Sikkim,Management,"2,75,000","1,28,000",8.7,8.7,8.5,8.6,8.9,8.5,8.7,/images/Sikkim_Manipal_Institute_of_Technology.png
"Sikkim University, Gangtok ",Sikkim,Management,"19,822","16,102",8.4,9,8.3,8.9,7.4,8.1,8.5,"/images/Sikkim_University,_Gangtok.png"
"Institute of Hotel Management, Gangtok ",Sikkim,Management,"55,000",--,7.7,8,7,8,8,8,7,"/images/Institute_of_Hotel_Management,_Gangtok.png"
Directorate of Distance Education Sikkim Manipal University ,Sikkim,Management,"32,500","42,500",8.2,8.8,7.7,7.9,8.7,8.1,8.2,/images/Directorate_of_Distance_Education_Sikkim_Manipal_University.png
Sikkim Manipal Institute of Medical Sciences ,Sikkim,Science,"1,22,000","1,16,000",7.1,7.6,6.2,7.8,6.9,7.5,6.8,/images/Sikkim_Manipal_Institute_of_Medical_Sciences.png
"ICFAI University, Gangtok ",Sikkim,Science,"66,000",--,6.8,6.7,6.8,7,6.7,7,6.6,"/images/ICFAI_University,_Gangtok.png"
"SRM University Sikkim, Gangtok ",Sikkim,Science,"43,000","1,00,000",8.1,7.7,7.1,8.5,8.3,8.3,8.4,"/images/SRM_University_Sikkim,_Gangtok.png"
Sikkim Manipal University ,Sikkim,Science,"1,22,000","1,00,000",7.4,7.9,6.5,8.2,7.6,6.8,7.4,/images/Sikkim_Manipal_University.png
National Institute of Technology Sikkim,Sikkim,Science,"23,200","26,900",7.5,8.1,7.2,8,6.5,7.8,7.6,/images/National_Institute_of_Technology_Sikkim.png
Vinayaka Missions Sikkim University ,Sikkim,Science,"1,18,000",--,7.8,7.8,7.8,8,7.8,7.5,7.8,/images/Vinayaka_Missions_Sikkim_University.png
Sikkim Manipal Institute of Technology ,Sikkim,Science,"1,00,000","98,000",8.7,8.7,8.5,8.6,8.9,8.5,8.7,/images/Sikkim_Manipal_Institute_of_Technology.png
College of Agricultural Engineering and Post Harvest Technology ,Sikkim,Science,--,--,6.8,6.8,6.2,7.1,6.6,6.6,7.4,/images/College_of_Agricultural_Engineering_and_Post_Harvest_Technology.png
"Damber Singh College, East Sikkim ",Sikkim,Science,--,--,8,8,8,8,8,8,8,"/images/Damber_Singh_College,_East_Sikkim.png"
"Nar Bahadur Bhandari Degree College, East Sikkim ",Sikkim,Science,"1,792",--,7.7,8,7.7,9,7.7,5.3,8.3,"/images/Nar_Bahadur_Bhandari_Degree_College,_East_Sikkim.png"
"Harkamaya College of Education, East Sikkim ",Sikkim,Science,"1,00,000",--,7.8,7,8,8,9,7,8,"/images/Harkamaya_College_of_Education,_East_Sikkim.png"
"Sikkim University, Gangtok ",Sikkim,Science,"7,852","7,282",8.4,9,8.3,8.9,7.4,8.1,8.5,"/images/Sikkim_University,_Gangtok.png"
Directorate of Distance Education Sikkim Manipal University ,Sikkim,Science,"32,500","40,000",8.2,8.8,7.7,7.9,8.7,8.1,8.2,/images/Directorate_of_Distance_Education_Sikkim_Manipal_University.png
"ICFAI University, Gangtok ",Sikkim,Commerce,"52,000","76,000",6.8,6.7,6.8,7,6.7,7,6.6,"/images/ICFAI_University,_Gangtok.png"
"SRM University Sikkim, Gangtok ",Sikkim,Commerce,"45,000","55,000",8.1,7.7,7.1,8.5,8.3,8.3,8.4,"/images/SRM_University_Sikkim,_Gangtok.png"
Sikkim Manipal University ,Sikkim,Commerce,"57,700","68,400",7.4,7.9,6.5,8.2,7.6,6.8,7.4,/images/Sikkim_Manipal_University.png
Vinayaka Missions Sikkim University ,Sikkim,Commerce,"1,18,000","1,42,000",7.8,7.8,7.8,8,7.8,7.5,7.8,/images/Vinayaka_Missions_Sikkim_University.png
"Nar Bahadur Bhandari Degree College, East Sikkim ",Sikkim,Commerce,"1,692",--,7.7,8,7.7,9,7.7,5.3,8.3,"/images/Nar_Bahadur_Bhandari_Degree_College,_East_Sikkim.png"
"Sikkim University, Gangtok ",Sikkim,Commerce,"19,822","7,852",8.4,9,8.3,8.9,7.4,8.1,8.5,"/images/Sikkim_University,_Gangtok.png"
"ICFAI University, Gangtok ",Sikkim,Arts,"52,000","70,000",6.8,6.7,6.8,7,6.7,7,6.6,"/images/ICFAI_University,_Gangtok.png"
"SRM University Sikkim, Gangtok ",Sikkim,Arts,"55,000","38,000",8.1,7.7,7.1,8.5,8.3,8.3,8.4,"/images/SRM_University_Sikkim,_Gangtok.png"
Sikkim Manipal University ,Sikkim,Arts,"54,000","57,700",7.4,7.9,6.5,8.2,7.6,6.8,7.4,/images/Sikkim_Manipal_University.png
National Institute of Technology Sikkim,Sikkim,Arts,"23,200",--,7.5,8.1,7.2,8,6.5,7.8,7.6,/images/National_Institute_of_Technology_Sikkim.png
Vinayaka Missions Sikkim University ,Sikkim,Arts,"1,18,000","1,42,000",7.8,7.8,7.8,8,7.8,7.5,7.8,/images/Vinayaka_Missions_Sikkim_University.png
"Damber Singh College, East Sikkim ",Sikkim,Arts,--,--,8,8,8,8,8,8,8,"/images/Damber_Singh_College,_East_Sikkim.png"
"Nar Bahadur Bhandari Degree College, East Sikkim ",Sikkim,Arts,"1,592",--,7.7,8,7.7,9,7.7,5.3,8.3,"/images/Nar_Bahadur_Bhandari_Degree_College,_East_Sikkim.png"
"Sikkim University, Gangtok ",Sikkim,Arts,"5,230","7,282",8.4,9,8.3,8.9,7.4,8.1,8.5,"/images/Sikkim_University,_Gangtok.png"
Directorate of Distance Education Sikkim Manipal University ,Sikkim,Arts,"12,000",--,8.2,8.8,7.7,7.9,8.7,8.1,8.2,/images/Directorate_of_Distance_Education_Sikkim_Manipal_University.png
Sikkim State University ,Sikkim,Arts,--,--,--,--,--,--,--,--,--,/images/Sikkim_State_University.png
"ICFAI University, Gangtok ",Sikkim,Hotel-management,"78,000",--,6.8,6.7,6.8,7,6.7,7,6.6,"/images/ICFAI_University,_Gangtok.png"
"Institute of Hotel Management, Gangtok ",Sikkim,Hotel-management,"1,10,000","55,000",7.7,8,7,8,8,8,7,"/images/Institute_of_Hotel_Management,_Gangtok.png"
National Research Centre for Orchids ,Sikkim,Agriculture,--,--,--,--,--,--,--,--,--,/images/National_Research_Centre_for_Orchids.png
"Sikkim University, Gangtok ",Sikkim,Agriculture,"7,030","16,102",8.4,9,8.3,8.9,7.4,8.1,8.5,"/images/Sikkim_University,_Gangtok.png"
Sikkim Manipal Institute of Medical Sciences ,Sikkim,Medical,"17,00,000","98,000",7.1,7.6,6.2,7.8,6.9,7.5,6.8,/images/Sikkim_Manipal_Institute_of_Medical_Sciences.png
"SRM University Sikkim, Gangtok ",Sikkim,Medical,"1,00,000",--,8.1,7.7,7.1,8.5,8.3,8.3,8.4,"/images/SRM_University_Sikkim,_Gangtok.png"
Sikkim Manipal University ,Sikkim,Medical,"40,000","50,000",7.4,7.9,6.5,8.2,7.6,6.8,7.4,/images/Sikkim_Manipal_University.png
Vinayaka Missions Sikkim University ,Sikkim,Medical,--,--,7.8,7.8,7.8,8,7.8,7.5,7.8,/images/Vinayaka_Missions_Sikkim_University.png
Sikkim Manipal College of Physiotherapy ,Sikkim,Medical,"1,50,000","2,20,000",8.5,9,8,9,8,9,8,/images/Sikkim_Manipal_College_of_Physiotherapy.png
"Himalayan Pharmacy Institute, East Sikkim ",Sikkim,Pharmacy,--,--,7.4,8.4,5.9,8.1,7.4,8.6,5.9,"/images/Himalayan_Pharmacy_Institute,_East_Sikkim.png"
Vinayaka Missions Sikkim University ,Sikkim,Pharmacy,"1,76,000",--,7.8,7.8,7.8,8,7.8,7.5,7.8,/images/Vinayaka_Missions_Sikkim_University.png
"ICFAI University, Gangtok ",Sikkim,Law,"78,000",--,6.8,6.7,6.8,7,6.7,7,6.6,"/images/ICFAI_University,_Gangtok.png"
"Sikkim University, Gangtok ",Sikkim,Law,"15,262","16,102",8.4,9,8.3,8.9,7.4,8.1,8.5,"/images/Sikkim_University,_Gangtok.png"
National Institute of Technology Manipur,Manipur,Engineering,"1,47,700","89,400",7.9,7.9,7.1,8.2,7.4,8.4,8.2,/images/National_Institute_of_Technology_Manipur.png
Indian Institute of Information Technology Manipur,Manipur,Engineering,"1,87,945","21,795",6.8,7.1,6.7,7.6,6.3,6.6,6.2,/images/Indian_Institute_of_Information_Technology_Manipur.png
Manipur Institute of Technology ,Manipur,Engineering,"69,200","75,900",7,7,6.5,7.3,7,7,7,/images/Manipur_Institute_of_Technology.png
Manipur Technical University ,Manipur,Engineering,"63,000",--,8.3,--,--,--,--,--,--,/images/Manipur_Technical_University.png
Central Agricultural University ,Manipur,Engineering,"2,980","5,500",7.5,8,6.7,7.5,9,6.8,7,/images/Central_Agricultural_University.png
Manipur University ,Manipur,Engineering,"61,250","61,250",8.1,8.4,8.2,8.5,7.7,7.2,8.4,/images/Manipur_University.png
"Government Polytechnic, Imphal ",Manipur,Engineering,--,--,--,--,--,--,--,--,--,"/images/Government_Polytechnic,_Imphal.png"
"Bir Tikendrajit University, Imphal ",Manipur,Engineering,"1,60,000","1,60,000",--,--,--,--,--,--,--,"/images/Bir_Tikendrajit_University,_Imphal.png"
Central Agricultural University ,Manipur,Management,"6,250",--,7.5,8,6.7,7.5,9,6.8,7,/images/Central_Agricultural_University.png
Manipur University ,Manipur,Management,"30,450",--,8.1,8.4,8.2,8.5,7.7,7.2,8.4,/images/Manipur_University.png
"Bir Tikendrajit University, Imphal ",Manipur,Management,"40,000","1,00,000",--,--,--,--,--,--,--,"/images/Bir_Tikendrajit_University,_Imphal.png"
National Institute of Technology Manipur,Manipur,Science,"18,000","31,000",7.9,7.9,7.1,8.2,7.4,8.4,8.2,/images/National_Institute_of_Technology_Manipur.png
"Regional Institute of Medical Sciences, Imphal ",Manipur,Science,"22,150",--,7,8.3,5.5,7.6,6.8,7.4,6.4,"/images/Regional_Institute_of_Medical_Sciences,_Imphal.png"
Central Agricultural University ,Manipur,Science,"2,980","2,980",7.5,8,6.7,7.5,9,6.8,7,/images/Central_Agricultural_University.png
Sangai International University ,Manipur,Science,--,--,8.1,8.3,7,8.3,9,8,8.2,/images/Sangai_International_University.png
Indian Institute of Information Technology Manipur,Manipur,Science,"21,795",--,6.8,7.1,6.7,7.6,6.3,6.6,6.2,/images/Indian_Institute_of_Information_Technology_Manipur.png
"Kakching Khunou College, Thoubal ",Manipur,Science,--,--,--,--,--,--,--,--,--,"/images/Kakching_Khunou_College,_Thoubal.png"
"United College, Chandel ",Manipur,Science,"4,320",--,--,--,--,--,--,--,--,"/images/United_College,_Chandel.png"
"DM College of Science, Imphal ",Manipur,Science,"3,201",--,6.4,7.3,5.6,8.1,5.5,4,7.9,"/images/DM_College_of_Science,_Imphal.png"
"Imphal College, Imphal ",Manipur,Science,--,--,6.2,8,4.5,6.5,5,4.5,8.5,"/images/Imphal_College,_Imphal.png"
Institute of Bioresources and Sustainable Development ,Manipur,Science,--,--,7.2,7,7,7,7,8,7,/images/Institute_of_Bioresources_and_Sustainable_Development.png
"Waikhom Mani Girl's College, Thoubal ",Manipur,Science,--,--,--,--,--,--,--,--,--,"/images/Waikhom_Mani_Girl's_College,_Thoubal.png"
Manipur University ,Manipur,Science,"10,375",--,8.1,8.4,8.2,8.5,7.7,7.2,8.4,/images/Manipur_University.png
"Lilong Haoreibi College, Imphal ",Manipur,Science,"2,745",--,6.3,5,5,7.5,5,7,8,"/images/Lilong_Haoreibi_College,_Imphal.png"
"The Modern College, Imphal ",Manipur,Science,--,--,5.7,7,7,6,4,5,5,"/images/The_Modern_College,_Imphal.png"
National Sports University ,Manipur,Science,"88,100","92,800",5.7,6,1,7.2,6,6.7,7.5,/images/National_Sports_University.png
"Dhanamanjuri University, Imphal ",Manipur,Science,"4,021",--,6.9,7.5,8,7,7,5,--,"/images/Dhanamanjuri_University,_Imphal.png"
"Bir Tikendrajit University, Imphal ",Manipur,Science,"40,000","40,000",--,--,--,--,--,--,--,"/images/Bir_Tikendrajit_University,_Imphal.png"
"Kakching Khunou College, Thoubal ",Manipur,Commerce,--,--,--,--,--,--,--,--,--,"/images/Kakching_Khunou_College,_Thoubal.png"
Manipur University ,Manipur,Commerce,"34,350","5,375",8.1,8.4,8.2,8.5,7.7,7.2,8.4,/images/Manipur_University.png
"Dhanamanjuri University, Imphal ",Manipur,Commerce,--,--,6.9,7.5,8,7,7,5,--,"/images/Dhanamanjuri_University,_Imphal.png"
"Bir Tikendrajit University, Imphal ",Manipur,Commerce,"10,000","15,000",--,--,--,--,--,--,--,"/images/Bir_Tikendrajit_University,_Imphal.png"
National Institute of Technology Manipur,Manipur,Arts,"31,000",--,7.9,7.9,7.1,8.2,7.4,8.4,8.2,/images/National_Institute_of_Technology_Manipur.png
"DM College of Arts, Imphal ",Manipur,Arts,--,--,6.1,7.4,5,7.5,6.6,3.8,6,"/images/DM_College_of_Arts,_Imphal.png"
"Grace Bible College, Churachandpur ",Manipur,Arts,"13,400","15,900",6.3,8,4,--,--,--,--,"/images/Grace_Bible_College,_Churachandpur.png"
"Kakching Khunou College, Thoubal ",Manipur,Arts,--,--,--,--,--,--,--,--,--,"/images/Kakching_Khunou_College,_Thoubal.png"
"United College, Chandel ",Manipur,Arts,"3,220",--,--,--,--,--,--,--,--,"/images/United_College,_Chandel.png"
"Imphal College, Imphal ",Manipur,Arts,--,--,6.2,8,4.5,6.5,5,4.5,8.5,"/images/Imphal_College,_Imphal.png"
"Waikhom Mani Girl's College, Thoubal ",Manipur,Arts,--,--,--,--,--,--,--,--,--,"/images/Waikhom_Mani_Girl's_College,_Thoubal.png"
Manipur University ,Manipur,Arts,"6,375",--,8.1,8.4,8.2,8.5,7.7,7.2,8.4,/images/Manipur_University.png
"Lilong Haoreibi College, Imphal ",Manipur,Arts,"2,245",--,6.3,5,5,7.5,5,7,8,"/images/Lilong_Haoreibi_College,_Imphal.png"
"The Modern College, Imphal ",Manipur,Arts,--,--,5.7,7,7,6,4,5,5,"/images/The_Modern_College,_Imphal.png"
"Dhanamanjuri University, Imphal ",Manipur,Arts,--,--,6.9,7.5,8,7,7,5,--,"/images/Dhanamanjuri_University,_Imphal.png"
Manipur University of Culture ,Manipur,Arts,"5,000",--,--,--,--,--,--,--,--,/images/Manipur_University_of_Culture.png
"Bir Tikendrajit University, Imphal ",Manipur,Arts,"10,000","20,000",--,--,--,--,--,--,--,"/images/Bir_Tikendrajit_University,_Imphal.png"
"Bir Tikendrajit University, Imphal ",Manipur,Hotel-management,"10,000","20,000",--,--,--,--,--,--,--,"/images/Bir_Tikendrajit_University,_Imphal.png"
Central Agricultural University ,Manipur,Agriculture,"2,880","4,650",7.5,8,6.7,7.5,9,6.8,7,/images/Central_Agricultural_University.png
"Bir Tikendrajit University, Imphal ",Manipur,Agriculture,"20,000","20,000",--,--,--,--,--,--,--,"/images/Bir_Tikendrajit_University,_Imphal.png"
"Regional Institute of Medical Sciences, Imphal ",Manipur,Medical,"17,450","22,150",7,8.3,5.5,7.6,6.8,7.4,6.4,"/images/Regional_Institute_of_Medical_Sciences,_Imphal.png"
Manipur University ,Manipur,Medical,--,--,8.1,8.4,8.2,8.5,7.7,7.2,8.4,/images/Manipur_University.png
Jawaharlal Nehru Institute of Medical Sciences ,Manipur,Medical,--,--,8.5,8.5,8.5,9,8.5,8.5,8,/images/Jawaharlal_Nehru_Institute_of_Medical_Sciences.png
"Bir Tikendrajit University, Imphal ",Manipur,Medical,"20,000","80,000",--,--,--,--,--,--,--,"/images/Bir_Tikendrajit_University,_Imphal.png"
"Government Polytechnic, Imphal ",Manipur,Pharmacy,--,--,--,--,--,--,--,--,--,"/images/Government_Polytechnic,_Imphal.png"
"Bir Tikendrajit University, Imphal ",Manipur,Pharmacy,"80,000","2,40,000",--,--,--,--,--,--,--,"/images/Bir_Tikendrajit_University,_Imphal.png"
Manipur University ,Manipur,Law,--,--,8.1,8.4,8.2,8.5,7.7,7.2,8.4,/images/Manipur_University.png
"Dhanamanjuri University, Imphal ",Manipur,Law,--,--,6.9,7.5,8,7,7,5,--,"/images/Dhanamanjuri_University,_Imphal.png"
"Bir Tikendrajit University, Imphal ",Manipur,Law,"80,000","1,80,000",--,--,--,--,--,--,--,"/images/Bir_Tikendrajit_University,_Imphal.png"
National Institute of Technology Mizoram,Mizoram,Engineering,"1,36,500","82,500",5.4,6.3,4.5,6.4,3.9,6.5,5,/images/National_Institute_of_Technology_Mizoram.png
"Mizoram University, School of Engineering and Technology ",Mizoram,Engineering,"29,000",--,5.7,6,2,7.5,6,5.5,7,"/images/Mizoram_University,_School_of_Engineering_and_Technology.png"
"Mizoram Polytechnic, Lunglei ",Mizoram,Engineering,"5,550",--,--,--,--,--,--,--,--,"/images/Mizoram_Polytechnic,_Lunglei.png"
Mizoram University ,Mizoram,Engineering,"39,150","43,000",8,8.7,7,8.8,8,7.6,7.9,/images/Mizoram_University.png
National Institute of Electronics & Information Technology ,Mizoram,Engineering,"44,560","33,950",5.3,7,6,--,7,1,--,/images/National_Institute_of_Electronics_&_Information_Technology.png
"ICFAI University, Aizawl ",Mizoram,Management,"28,000","1,14,450",7,7.1,6.9,7.2,6.9,6.8,6.8,"/images/ICFAI_University,_Aizawl.png"
"Pachhunga University College, Aizawl ",Mizoram,Management,"41,000",--,8.3,9.3,8,8.8,9,6.1,8.5,"/images/Pachhunga_University_College,_Aizawl.png"
Mizoram University ,Mizoram,Management,"33,750","9,850",8,8.7,7,8.8,8,7.6,7.9,/images/Mizoram_University.png
"Government Mizoram Law college, Aizawl ",Mizoram,Management,--,--,--,--,--,--,--,--,--,"/images/Government_Mizoram_Law_college,_Aizawl.png"
National Institute of Technology Mizoram,Mizoram,Science,--,--,5.4,6.3,4.5,6.4,3.9,6.5,5,/images/National_Institute_of_Technology_Mizoram.png
"ICFAI University, Aizawl ",Mizoram,Science,"42,500",--,7,7.1,6.9,7.2,6.9,6.8,6.8,"/images/ICFAI_University,_Aizawl.png"
"Government Champhai College, Champhai ",Mizoram,Science,"12,320",--,--,--,--,--,--,--,--,"/images/Government_Champhai_College,_Champhai.png"
"Government Saiha College, Saiha ",Mizoram,Science,--,--,--,--,--,--,--,--,--,"/images/Government_Saiha_College,_Saiha.png"
"Pachhunga University College, Aizawl ",Mizoram,Science,"11,700","13,470",8.3,9.3,8,8.8,9,6.1,8.5,"/images/Pachhunga_University_College,_Aizawl.png"
"Govt Zirtiri Residential Science College, Aizawl ",Mizoram,Science,"4,740",--,--,--,--,--,--,--,--,"/images/Govt_Zirtiri_Residential_Science_College,_Aizawl.png"
Mizoram University ,Mizoram,Science,"10,150","16,020",8,8.7,7,8.8,8,7.6,7.9,/images/Mizoram_University.png
College of Veterinary Science & Animal Husbandry ,Mizoram,Science,--,--,--,--,--,--,--,--,--,/images/College_of_Veterinary_Science_&_Animal_Husbandry.png
"Government Serchhip College, Serchhip ",Mizoram,Science,"8,880",--,--,--,--,--,--,--,--,"/images/Government_Serchhip_College,_Serchhip.png"
National Institute of Electronics & Information Technology ,Mizoram,Science,"22,000","3,520",5.3,7,6,--,7,1,--,/images/National_Institute_of_Electronics_&_Information_Technology.png
"ICFAI University, Aizawl ",Mizoram,Commerce,"23,400","41,000",7,7.1,6.9,7.2,6.9,6.8,6.8,"/images/ICFAI_University,_Aizawl.png"
"Government Champhai College, Champhai ",Mizoram,Commerce,"23,120",--,--,--,--,--,--,--,--,"/images/Government_Champhai_College,_Champhai.png"
"Pachhunga University College, Aizawl ",Mizoram,Commerce,"10,700",--,8.3,9.3,8,8.8,9,6.1,8.5,"/images/Pachhunga_University_College,_Aizawl.png"
Mizoram University ,Mizoram,Commerce,"16,020","7,120",8,8.7,7,8.8,8,7.6,7.9,/images/Mizoram_University.png
National Institute of Electronics & Information Technology ,Mizoram,Commerce,"3,520",--,5.3,7,6,--,7,1,--,/images/National_Institute_of_Electronics_&_Information_Technology.png
National Institute of Technology Mizoram,Mizoram,Arts,--,--,5.4,6.3,4.5,6.4,3.9,6.5,5,/images/National_Institute_of_Technology_Mizoram.png
"ICFAI University, Aizawl ",Mizoram,Arts,"23,400","41,000",7,7.1,6.9,7.2,6.9,6.8,6.8,"/images/ICFAI_University,_Aizawl.png"
"Aizawl Theological College-[ATC], Aizawl ",Mizoram,Arts,"41,600","38,700",8.5,9,8.5,9,8.5,8,8,"/images/Aizawl_Theological_College-[ATC],_Aizawl.png"
"Government Aizawl West College, Aizawl ",Mizoram,Arts,--,--,7.2,7.5,7,7,5.5,8,8,"/images/Government_Aizawl_West_College,_Aizawl.png"
"Government Champhai College, Champhai ",Mizoram,Arts,"12,210",--,--,--,--,--,--,--,--,"/images/Government_Champhai_College,_Champhai.png"
"Government Saiha College, Saiha ",Mizoram,Arts,--,--,--,--,--,--,--,--,--,"/images/Government_Saiha_College,_Saiha.png"
"Pachhunga University College, Aizawl ",Mizoram,Arts,"9,700","8,010",8.3,9.3,8,8.8,9,6.1,8.5,"/images/Pachhunga_University_College,_Aizawl.png"
Govt. T.Romana College ,Mizoram,Arts,"16,870",--,6.2,6.5,6,6.5,6,6,6,/images/Govt._T.Romana_College.png
Mizoram University ,Mizoram,Arts,"7,220","16,020",8,8.7,7,8.8,8,7.6,7.9,/images/Mizoram_University.png
"Government Serchhip College, Serchhip ",Mizoram,Arts,"8,280",--,--,--,--,--,--,--,--,"/images/Government_Serchhip_College,_Serchhip.png"
"Government J.Thankima College, Aizawl ",Mizoram,Arts,--,--,--,--,--,--,--,--,--,"/images/Government_J.Thankima_College,_Aizawl.png"
National Institute of Electronics & Information Technology ,Mizoram,Arts,"3,520",--,5.3,7,6,--,7,1,--,/images/National_Institute_of_Electronics_&_Information_Technology.png
Mizoram University ,Mizoram,Agriculture,"7,930","12,500",8,8.7,7,8.8,8,7.6,7.9,/images/Mizoram_University.png
"Aizawl Theological College-[ATC], Aizawl ",Mizoram,Medical,"38,200",--,8.5,9,8.5,9,8.5,8,8,"/images/Aizawl_Theological_College-[ATC],_Aizawl.png"
Zoram Medical College ,Mizoram,Medical,"69,150",--,--,--,--,--,--,--,--,/images/Zoram_Medical_College.png
College of Veterinary Science & Animal Husbandry ,Mizoram,Pharmacy,--,--,--,--,--,--,--,--,--,/images/College_of_Veterinary_Science_&_Animal_Husbandry.png
"Government Mizoram Law college, Aizawl ",Mizoram,Law,--,--,--,--,--,--,--,--,--,"/images/Government_Mizoram_Law_college,_Aizawl.png"
"Dr. B R Ambedkar Institute of Technology, Port Blair ",Andaman,Engineering,"12,083","4,780",--,--,--,--,--,--,--,"/images/Dr._B_R_Ambedkar_Institute_of_Technology,_Port_Blair.png"
"Dr. B R Ambedkar Institute of Technology, Port Blair ",Andaman,Management,"4,780",--,--,--,--,--,--,--,--,"/images/Dr._B_R_Ambedkar_Institute_of_Technology,_Port_Blair.png"
Jawaharlal Nehru Rajkeeya Mahavidyalaya ,Andaman,Management,843,--,6.6,8.5,5,7,7.5,2.5,9,/images/Jawaharlal_Nehru_Rajkeeya_Mahavidyalaya.png
"Dr. B R Ambedkar Institute of Technology, Port Blair ",Andaman,Science,"29,964",--,--,--,--,--,--,--,--,"/images/Dr._B_R_Ambedkar_Institute_of_Technology,_Port_Blair.png"
Jawaharlal Nehru Rajkeeya Mahavidyalaya ,Andaman,Science,939,"1,128",6.6,8.5,5,7,7.5,2.5,9,/images/Jawaharlal_Nehru_Rajkeeya_Mahavidyalaya.png
"Mahatma Gandhi Government College, Mayabander ",Andaman,Science,"1,155",--,--,--,--,--,--,--,--,"/images/Mahatma_Gandhi_Government_College,_Mayabander.png"
"Tagore Government College of Education, Port Blair ",Andaman,Science,--,--,9,9,--,--,9,9,--,"/images/Tagore_Government_College_of_Education,_Port_Blair.png"
Jawaharlal Nehru Rajkeeya Mahavidyalaya ,Andaman,Commerce,843,"1,008",6.6,8.5,5,7,7.5,2.5,9,/images/Jawaharlal_Nehru_Rajkeeya_Mahavidyalaya.png
"Mahatma Gandhi Government College, Mayabander ",Andaman,Commerce,"1,155",--,--,--,--,--,--,--,--,"/images/Mahatma_Gandhi_Government_College,_Mayabander.png"
Jawaharlal Nehru Rajkeeya Mahavidyalaya ,Andaman,Arts,843,"1,008",6.6,8.5,5,7,7.5,2.5,9,/images/Jawaharlal_Nehru_Rajkeeya_Mahavidyalaya.png
"Mahatma Gandhi Government College, Mayabander ",Andaman,Arts,"1,155",--,--,--,--,--,--,--,--,"/images/Mahatma_Gandhi_Government_College,_Mayabander.png"
"Tagore Government College of Education, Port Blair ",Andaman,Arts,--,--,9,9,--,--,9,9,--,"/images/Tagore_Government_College_of_Education,_Port_Blair.png"
"Dr. B R Ambedkar Institute of Technology, Port Blair ",Andaman,Hotel-management,"4,780","11,980",--,--,--,--,--,--,--,"/images/Dr._B_R_Ambedkar_Institute_of_Technology,_Port_Blair.png"
Jawaharlal Nehru Rajkeeya Mahavidyalaya ,Andaman,Agriculture,939,--,6.6,8.5,5,7,7.5,2.5,9,/images/Jawaharlal_Nehru_Rajkeeya_Mahavidyalaya.png
Andaman & Nicobar Islands Institute of Medical Sciences ,Andaman,Medical,"91,050",--,8.3,8.6,8.4,8.4,8.3,8.2,8.1,/images/Andaman_&_Nicobar_Islands_Institute_of_Medical_Sciences.png
"Plastindia International University, Dadra & Nagar Haveli ",Dadra,Engineering,--,--,--,--,--,--,--,--,--,"/images/Plastindia_International_University,_Dadra_&_Nagar_Haveli.png"
SSR Institute of Management and Research ,Dadra,Management,"1,30,000",--,8,--,--,8,--,6,--,/images/SSR_Institute_of_Management_and_Research.png
Institute of Hotel Management and Catering Technology ,Dadra,Hotel-management,"77,000",--,7.7,7,7,8.2,8.5,8,7.4,/images/Institute_of_Hotel_Management_and_Catering_Technology.png
"Government Polytechnic, Daman ",Daman,Engineering,"3,575","8,280",--,--,--,--,--,--,--,"/images/Government_Polytechnic,_Daman.png"
Indian Institute of Technology Bombay,Bombay,Engineering,"3,575","8,200",7.2,9,9,9,9,9,9,/images/Indian_Institute_of_Technology_Bombay.png
Massachusetts Institute of Technology,Cambridge,Engineering,2039,3323,3.3,8,9,2,2,22,3,/images/Massachusetts_Institute_of_Technology.png